{"thread":1398111,"page":12,"author":{"name":"n42k","info":{"os":"Linux","browser":"Firefox","country":"Portugal"},"type":"blue"},"date":1402286400,"number":"448","id":"45041303","content":"Been working on a mech game this weekend.<br>\r\n<br>\r\nAssets from google are the best (though they don't fit together at <b>all</b> and my mech sprite looks like a lime)<br>\r\n<div class=\"center\"><div class=\"video\"><iframe title=\"YouTube video player\" width=\"100%\" height=\"100%\" src=\"http://www.youtube.com/embed/3R7Khx4w1fY?hd=1\" frameborder=\"0\" allowfullscreen=\"\"></iframe></div></div>Just need to add weapons and hopefully it'll be fun.","sanitized_content":"Been working on a mech game this weekend.\r\n\r\nAssets from google are the best (though they don't fit together at all and my mech sprite looks like a lime)\r\nJust need to add weapons and hopefully it'll be fun.","ratings":{"winner":2}}