{"thread":1398111,"page":12,"author":{"name":"Map in a box","info":{"os":"Windows 7","browser":"Firefox","country":"United States"},"type":"blue"},"date":1402372800,"number":"475","id":"45052240","content":"scratch that, i accidentally overwrote some of the core kernel files and i didn't have it on a repo and I'm too lazy to start over <img src=\"/fp/emoot/v.gif\" border=\"0\" alt=\"\" title=\"V\" class=\"inlineimg\">","sanitized_content":"scratch that, i accidentally overwrote some of the core kernel files and i didn't have it on a repo and I'm too lazy to start over","ratings":{"funny":7,"friendly":3}}