{"thread":1398111,"page":12,"author":{"name":"NoFaTe","info":{"browser":"Unknown"},"type":"blue"},"date":1402286400,"number":"458","id":"45042198","content":"Finally got hardware accelerated rendering to work with off-screen CEF views.<br>\r\n<br>\r\nHere is the WebGL jellyfish demo being rendered on BF3's D3D11 device.<br>\r\n<br>\r\n<img src=\"http://i61.tinypic.com/34i4tgi.png\" border=\"0\" alt=\"\">","sanitized_content":"Finally got hardware accelerated rendering to work with off-screen CEF views.\r\n\r\nHere is the WebGL jellyfish demo being rendered on BF3's D3D11 device.","ratings":{"funny":14,"winner":4,"artistic":2}}