{"thread":1398111,"page":12,"author":{"name":"CarLuver69","info":{"browser":"Unknown"},"type":"blue"},"date":1402286400,"number":"441","id":"45039669","content":"Would anyone find a .NET 3d model viewer useful? One that supports importing/exporting and custom scripts. And open-source, of course.<br>\r\n<br>\r\nI have a fairly decent WPF-powered base I could start with. But I'm not the type of person to work on something that already exists, so yeah.<br>\r\n<br>\r\nEDIT:<br>\r\n<br>\r\nPage king - here, have a picture:<br>\r\n<br>\r\n<img src=\"https://dl.dropboxusercontent.com/u/69162797/driver/driv3r/debug-uids2.png\" border=\"0\" alt=\"\"><br>\r\n<br>\r\nReverse engineering win?","sanitized_content":"Would anyone find a .NET 3d model viewer useful? One that supports importing/exporting and custom scripts. And open-source, of course.\r\n\r\nI have a fairly decent WPF-powered base I could start with. But I'm not the type of person to work on something that already exists, so yeah.\r\n\r\nEDIT:\r\n\r\nPage king - here, have a picture:\r\n\r\n\r\n\r\nReverse engineering win?","ratings":{"winner":5,"programming_king":1}}