{"thread":1398111,"page":12,"author":{"name":"benjojo","info":{"browser":"Unknown"},"type":"gold"},"date":1402286400,"number":"467","id":"45047462","content":"<div class=\"quote\">\r\n\t\r\n\t\t<div class=\"information\">\r\n\t\t\t\r\n\t\t\t\t<a href=\"showthread.php?p=45046480#post45046480\" rel=\"nofollow\">ZenX2 posted:</a>\r\n\t\t\t\r\n\t\t</div>\r\n\t\r\n\t<div class=\"message\">Do you guys have any tips for programming on a Mac? I've already installed Sublime Text 3</div>\r\n\t\r\n</div> One of the things to watch out for when dev'ng on a OSX box is that you have a huge amount of languages pre installed by OSX. But do note that they are hilariously out of date (The Ruby version is really ancient )<br>\r\n<br>\r\n<div class=\"quote\">\r\n\t\r\n\t\t<div class=\"information\">\r\n\t\t\t\r\n\t\t\t\t<a href=\"showthread.php?p=45046998#post45046998\" rel=\"nofollow\">BlkDucky posted:</a>\r\n\t\t\t\r\n\t\t</div>\r\n\t\r\n\t<div class=\"message\">install sublime text 2 instead because there are actually packages for it</div>\r\n\t\r\n</div> Nearly every package is now on ST3 actually.","sanitized_content":"One of the things to watch out for when dev'ng on a OSX box is that you have a huge amount of languages pre installed by OSX. But do note that they are hilariously out of date (The Ruby version is really ancient )\r\n\r\n Nearly every package is now on ST3 actually.","ratings":{"agree":3,"disagree":1}}