{"thread":1398111,"page":12,"author":{"name":"Bladezor","info":{"browser":"Unknown"},"type":"gold"},"date":1402286400,"number":"471","id":"45049211","content":"<div class=\"quote\">\r\n\t\r\n\t\t<div class=\"information\">\r\n\t\t\t\r\n\t\t\t\t<a href=\"showthread.php?p=45042553#post45042553\" rel=\"nofollow\">chaz13 posted:</a>\r\n\t\t\t\r\n\t\t</div>\r\n\t\r\n\t<div class=\"message\">Fixed the bug, now got diffuse texture mapping, reflection mapping and normal mapping.<br>\r\n<br>\r\n<img src=\"http://i.imgur.com/xuWjIZQ.png\" border=\"0\" alt=\"\"></div>\r\n\t\r\n</div> Is Total Internal Reflection possible? I'm thinking about implementing refraction next, but I'm not quite sure how I'm going to do it.","sanitized_content":"Is Total Internal Reflection possible? I'm thinking about implementing refraction next, but I'm not quite sure how I'm going to do it.","ratings":{}}