{"thread":1398111,"page":12,"author":{"name":"reevezy67","info":{"browser":"Unknown"},"type":"gold"},"date":1402286400,"number":"457","id":"45042036","content":"This makes me want to write something to shuffle the menus around so that they never touch each other.<br>\r\n<br>\r\nNo one would ever see it.<br>\r\n<br>\r\n<video style=\"margin: 16px; min-width: 20px; min-height: 20px; border: 1px solid #fff; box-shadow: 0 0 4px rgba( 0, 0, 0, 0.4 );\" src=\"https://dl.dropboxusercontent.com/u/41313766/go/2014-06-09_20-59-38.mp4\" controls=\"controls\">Your browser doesn't support HTML 5 videos!</video>","sanitized_content":"This makes me want to write something to shuffle the menus around so that they never touch each other.\r\n\r\nNo one would ever see it.\r\n\r\nYour browser doesn't support HTML 5 videos!","ratings":{}}