{"thread":1398111,"page":12,"author":{"name":"Xystus234","info":{"os":"Windows 7","browser":"Chrome","country":"United States"},"type":"gold"},"date":1402286400,"number":"474","id":"45051420","content":"<div class=\"quote\">\r\n\t\r\n\t\t<div class=\"information\">\r\n\t\t\t\r\n\t\t\t\t<a href=\"showthread.php?p=45050323#post45050323\" rel=\"nofollow\">chaz13 posted:</a>\r\n\t\t\t\r\n\t\t</div>\r\n\t\r\n\t<div class=\"message\">Yeah it's already in, I just used a simplified version of the Fresnel Equations.<br>\r\n<br>\r\nI'm struggling with getting the normal mapping right at the moment, there's not many resources on finding the tangent/bi tangent of a sphere that I can find so I'm trying to derive something myself.</div>\r\n\t\r\n</div>  how do you shoot a ray","sanitized_content":"how do you shoot a ray","ratings":{}}