{"thread":1398111,"page":12,"author":{"name":"Fantym420","info":{"os":"Windows 7","browser":"Chrome","country":"United States"},"type":"blue"},"date":1402286400,"number":"445","id":"45040656","content":"<div class=\"quote\">\r\n\t\r\n\t\t<div class=\"information\">\r\n\t\t\t\r\n\t\t\t\t<a href=\"showthread.php?p=45039021#post45039021\" rel=\"nofollow\">Lumaio posted:</a>\r\n\t\t\t\r\n\t\t</div>\r\n\t\r\n\t<div class=\"message\">I've been thinking, does a simple tile based rpg really need to be OpenGL accelerated? I may just not use an OpenGL engine at all and make it in pure java, Thoughts?</div>\r\n\t\r\n</div> I thought this as well but found out that depending on what you decide to add (i.e number of sprites / tiles on screen) or how elaborate you make your effects. They'll quickly add up and kill your frame rate. OpenGL isn't that bad to setup,  and it'll handle all your needs with ease. Then you can do fun things like put the game screen and menus on the sides of a cube.","sanitized_content":"I thought this as well but found out that depending on what you decide to add (i.e number of sprites / tiles on screen) or how elaborate you make your effects. They'll quickly add up and kill your frame rate. OpenGL isn't that bad to setup,  and it'll handle all your needs with ease. Then you can do fun things like put the game screen and menus on the sides of a cube.","ratings":{"agree":2,"funny":1}}