{"thread":1398111,"page":12,"author":{"name":"Map in a box","info":{"os":"Windows 7","browser":"Firefox","country":"United States"},"type":"blue"},"date":1402286400,"number":"472","id":"45049433","content":"<div class=\"quote\">\r\n\t\r\n\t\t<div class=\"information\">\r\n\t\t\t\r\n\t\t\t\t<a href=\"showthread.php?p=45039084#post45039084\" rel=\"nofollow\">geel9 posted:</a>\r\n\t\t\t\r\n\t\t</div>\r\n\t\r\n\t<div class=\"message\">The new editor UI is made possible by the <span class=\"highlight\">awesome power of GeeUI�</span>.</div>\r\n\t\r\n</div> Chui is soon to be able to be embedded into osdev projects. ADMIT DEFEAT!<br>\n<br>\n<font size=\"1\" color=\"#444444\"><b>Edited:</b></font><br>\n<br>\n<img src=\"http://i.imgur.com/mfAuxNT.png\" border=\"0\" alt=\"\"><br>\r\nkpanic","sanitized_content":"Chui is soon to be able to be embedded into osdev projects. ADMIT DEFEAT!\n\nEdited:\n\n\r\nkpanic","ratings":{"winner":8,"funny":1}}