{"thread":1398111,"page":12,"author":{"name":"reevezy67","info":{"browser":"Unknown"},"type":"gold"},"date":1402286400,"number":"452","id":"45041739","content":"<div class=\"quote\">\r\n\t\r\n\t\t<div class=\"information\">\r\n\t\t\t\r\n\t\t\t\t<a href=\"showthread.php?p=45041658#post45041658\" rel=\"nofollow\">Tamschi posted:</a>\r\n\t\t\t\r\n\t\t</div>\r\n\t\r\n\t<div class=\"message\">If that's an app for a touch screen, wouldn't you raise the buttons by default and depress them on touch?</div>\r\n\t\r\n</div> The mouse over texture is actually one of the pressed ones I think.<br>\r\n<br>\r\nI'm just working on getting it functional for the moment. I'll polish it afterwards.","sanitized_content":"The mouse over texture is actually one of the pressed ones I think.\r\n\r\nI'm just working on getting it functional for the moment. I'll polish it afterwards.","ratings":{}}