{"thread":1398111,"page":12,"author":{"name":"Quark:","info":{"browser":"Unknown"},"type":"blue"},"date":1402372800,"number":"476","id":"45052286","content":"<div class=\"quote\">\r\n\t\r\n\t\t<div class=\"information\">\r\n\t\t\t\r\n\t\t\t\t<a href=\"showthread.php?p=45039084#post45039084\" rel=\"nofollow\">geel9 posted:</a>\r\n\t\t\t\r\n\t\t</div>\r\n\t\r\n\t<div class=\"message\">Not really sure if this is sarcastic or not, but I'll assume it isn't.<br>\r\n<br>\r\nMost of the credit goes to Evan; his Component Based Entity design is really great. The editor just lets you edit the individual components inside an entity and the components expose properties to modify.<br>\r\n<br>\r\nThe new editor UI is made possible by the <span class=\"highlight\">awesome power of GeeUI�</span>.</div>\r\n\t\r\n</div> No sarcasm, it's beautiful as hell","sanitized_content":"No sarcasm, it's beautiful as hell","ratings":{"disagree":2,"friendly":1}}