{"thread":1398111,"page":12,"author":{"name":"Contron","info":{"os":"Windows 8","browser":"Firefox","country":"Jersey"},"type":"gold"},"date":1402286400,"number":"466","id":"45047082","content":"Made some more progress on the model loader.<br>\n<br>\n<img src=\"http://i.imgur.com/ORL98G9.png\" border=\"0\" alt=\"\"><br>\n<br>\nI abstracted away the model loader from the model, so you can now pick the appropriate loader to use when selecting a model (for instance, the Wavefront loader for OBJ files and the Source loader for MDL files, as pictured above), so now theoretically it could support any model as long as I create an appropriate loader for the format.<br>\n<br>\nI also added texture support (along with bump, specular and self-illumination maps), and a few more controls.","sanitized_content":"Made some more progress on the model loader.\n\n\n\nI abstracted away the model loader from the model, so you can now pick the appropriate loader to use when selecting a model (for instance, the Wavefront loader for OBJ files and the Source loader for MDL files, as pictured above), so now theoretically it could support any model as long as I create an appropriate loader for the format.\n\nI also added texture support (along with bump, specular and self-illumination maps), and a few more controls.","ratings":{"programming_king":8}}