{"thread":1398111,"page":12,"author":{"name":"Berkin","info":{"browser":"Unknown"},"type":"gold"},"date":1402286400,"number":"444","id":"45040455","content":"<div class=\"quote\">\r\n\t\r\n\t\t<div class=\"information\">\r\n\t\t\t\r\n\t\t\t\t<a href=\"showthread.php?p=45040432#post45040432\" rel=\"nofollow\">supersnail11 posted:</a>\r\n\t\t\t\r\n\t\t</div>\r\n\t\r\n\t<div class=\"message\">Can it be used in reverse, like regex but fuzzier?</div>\r\n\t\r\n</div> You can generate regular expressions with it.<br>\r\n<br>\r\nI have done it in the past for a security question generator.","sanitized_content":"You can generate regular expressions with it.\r\n\r\nI have done it in the past for a security question generator.","ratings":{"winner":3}}