{"thread":1398111,"page":12,"author":{"name":"Berkin","info":{"browser":"Unknown"},"type":"gold"},"date":1402286400,"number":"442","id":"45040201","content":"Working on the Manhood v3 parser, here's progress since I started this morning! Not much yet, but hey, it works <img src=\"/fp/emoot/v.gif\" border=\"0\" alt=\"\" title=\"V\" class=\"inlineimg\"><br>\r\n<br>\r\n<b>Capitalization, repetition and probability attributes</b><br>\r\n<img src=\"http://i.imgur.com/TQcKdam.png\" border=\"0\" alt=\"\"><br>\r\n<br>\r\n<b>Concatenation of random character selection</b><br>\r\n<img src=\"http://i.imgur.com/BkQfw9e.png\" border=\"0\" alt=\"\"><br>\r\n<br>\r\n<b>Selection synchronization via non-linear RNG branching</b> (note how the first and last letters always match)<br>\r\n<img src=\"http://i.imgur.com/qx4zCuw.png\" border=\"0\" alt=\"\"><br>\r\n<br>\r\nMore exciting stuff will come soon.","sanitized_content":"Working on the Manhood v3 parser, here's progress since I started this morning! Not much yet, but hey, it works \r\n\r\nCapitalization, repetition and probability attributes\r\n\r\n\r\nConcatenation of random character selection\r\n\r\n\r\nSelection synchronization via non-linear RNG branching (note how the first and last letters always match)\r\n\r\n\r\nMore exciting stuff will come soon.","ratings":{"programming_king":7,"winner":2}}