{"thread":1398111,"page":12,"author":{"name":"reevezy67","info":{"browser":"Unknown"},"type":"gold"},"date":1402286400,"number":"447","id":"45041199","content":"Those free assets are really good; I especially like the UI.<br>\r\n<br>\r\n I just started writing a Go app.<br>\r\n<video style=\"margin: 16px; min-width: 20px; min-height: 20px; border: 1px solid #fff; box-shadow: 0 0 4px rgba( 0, 0, 0, 0.4 );\" src=\"http://dl.dropboxusercontent.com/u/41313766/go/2014-06-09_17-43-52.webm\" controls=\"controls\">Your browser doesn't support HTML 5 videos!</video>","sanitized_content":"Those free assets are really good; I especially like the UI.\r\n\r\n I just started writing a Go app.\r\nYour browser doesn't support HTML 5 videos!","ratings":{"winner":1}}