{"thread":1398111,"page":12,"author":{"name":"cartman300","info":{"os":"Windows 8","browser":"Chrome","country":"Croatia"},"type":"blue"},"date":1402372800,"number":"479","id":"45055451","content":"<a href=\"http://i.imgur.com/UnboziA.png\"><img src=\"http://i.imgur.com/UnboziA.png\" border=\"0\" class=\"thumbnail\"></a><br>\n<br>\nSo i tried to make a planet but i got a chewing gum instead.<br>\n<br>\n<font size=\"1\" color=\"#444444\"><b>Edited:</b></font><br>\n<br>\n* Used chewing gum","sanitized_content":"So i tried to make a planet but i got a chewing gum instead.\n\nEdited:\n\n* Used chewing gum","ratings":{"funny":7}}