{"thread":1398111,"page":12,"author":{"name":"chaz13","info":{"os":"Windows 7","browser":"Chrome","country":"United Kingdom"},"type":"gold"},"date":1402286400,"number":"461","id":"45042553","content":"Fixed the bug, now got diffuse texture mapping, reflection mapping and normal mapping.<br>\r\n<br>\r\n<img src=\"http://i.imgur.com/xuWjIZQ.png\" border=\"0\" alt=\"\">","sanitized_content":"Fixed the bug, now got diffuse texture mapping, reflection mapping and normal mapping.","ratings":{"winner":5,"artistic":2}}