{"thread":1398111,"page":12,"author":{"name":"Darwin226","info":{"browser":"Unknown"},"type":"gold"},"date":1402286400,"number":"453","id":"45041757","content":"<div class=\"quote\">\r\n\t\r\n\t\t<div class=\"information\">\r\n\t\t\t\r\n\t\t\t\t<a href=\"showthread.php?p=45041671#post45041671\" rel=\"nofollow\">chaz13 posted:</a>\r\n\t\t\t\r\n\t\t</div>\r\n\t\r\n\t<div class=\"message\">Nearly got texturing working:<br>\n<br>\n<br>\n<br>\n<br>\nAlthough the colours are a bit strange at the moment. Also, if I try to flip the uv coords, I get a crash. My code is below, where cs is an instance of my sphere class, texture is an sfml Image object.:<br>\n<br>\nIf I use this instead:<br>\n<br>\nIt crashes with no exceptions/error/any useful info. Any ideas?<br>\n<br>\nI've checked the u and v variables always lie between 0 and 1, and furthermore that the final getpixel coordinates are within the bounds of the image (they are), so I'm not sure what it could be. My only thought is that it's creating a new variable every time it's called and it ends up using too much memory - is that likely? (Still fairly new with C#!).</div>\r\n\t\r\n</div> How does it crash? No exceptions or anything doesn't sound very C#ish. Are you using a debug build?","sanitized_content":"How does it crash? No exceptions or anything doesn't sound very C#ish. Are you using a debug build?","ratings":{}}