{"thread":1398111,"page":12,"author":{"name":"Tamschi","info":{"os":"Windows 7","browser":"Firefox","country":"Germany"},"type":"blue"},"date":1402286400,"number":"469","id":"45048952","content":"<div class=\"quote\">\r\n\t\r\n\t\t<div class=\"information\">\r\n\t\t\t\r\n\t\t\t\t<a href=\"showthread.php?p=45048470#post45048470\" rel=\"nofollow\">Berkin posted:</a>\r\n\t\t\t\r\n\t\t</div>\r\n\t\r\n\t<div class=\"message\">That GUI looks <i>really</i> nice.</div>\r\n\t\r\n</div> It's probably running in a browser or something awful like that <img src=\"/fp/emoot/v.gif\" border=\"0\" alt=\"\" title=\"V\" class=\"inlineimg\"><br>\r\n<br>\r\n(I hope it's just WPF with a fancy skin.)<br>\n<br>\n<font size=\"1\" color=\"#444444\"><b>Edited:</b></font><br>\n<br>\nOn the topic of not quite safe struct casts, I wonder if you can do a reinterpret cast in (no) CIL...<br>\r\n<br>\r\nI may explore that at some point, but it would require a build action to use effectively.","sanitized_content":"It's probably running in a browser or something awful like that \r\n\r\n(I hope it's just WPF with a fancy skin.)\n\nEdited:\n\nOn the topic of not quite safe struct casts, I wonder if you can do a reinterpret cast in (no) CIL...\r\n\r\nI may explore that at some point, but it would require a build action to use effectively.","ratings":{"dumb":3}}