{"thread":1398111,"page":12,"author":{"name":"Tamschi","info":{"os":"Windows 7","browser":"Firefox","country":"Germany"},"type":"blue"},"date":1402286400,"number":"463","id":"45043796","content":"Not serious (but inspired by there not being a common vector format between 3D libraries):<br>\r\n<div class=\"bbcode_container\">\r\n\t<div class=\"bbcode_description\">Code:</div>\r\n\t<pre class=\"bbcode_code\" style=\"height:559.986px;\">using System;\r\nusing System.Runtime.InteropServices;\r\n\r\nnamespace NastyCast_Test\r\n{\r\n    struct TVector&lt;T&gt;\r\n    { public T X, Y, Z; }\r\n    struct FloatVector\r\n    {\r\n        public float X, Y, Z;\r\n        public override string ToString()\r\n        {\r\n            return string.Format(&quot;({0}, {1}, {2})&quot;, X, Y, Z);\r\n        }\r\n    }\r\n    static class NastyCaster\r\n    {\r\n        [StructLayout(LayoutKind.Explicit)]\r\n        struct Union\r\n        {\r\n            [FieldOffset(0)]\r\n            public TVector&lt;float&gt; _1;\r\n            [FieldOffset(0)]\r\n            public FloatVector _2;\r\n        }\r\n        public static FloatVector NastyCast(this TVector&lt;float&gt; from)\r\n        { return new Union() { _1 = from }._2; }\r\n    }\r\n    class Program\r\n    {\r\n        static void Main(string[] args)\r\n        {\r\n            Console.WriteLine(\r\n                new TVector&lt;float&gt;() { X = 1, Y = 2, Z = .5f }\r\n                .NastyCast()\r\n                .ToString());\r\n            // (1, 2, 0.5)\r\n        }\r\n    }\r\n}</pre>\r\n</div><i>In theory it's safe</i>, as long as the vector definitions don't change.<br>\r\nProbably something you can risk with a good unit test.<br>\r\n<br>\r\n<font size=\"1\" color=\"#444444\"><b>Edited:</b></font><br>\r\n<br>\r\nIIrc you can do this with managed arrays of the types too, but that's not exactly independent of undocumented behaviour.","sanitized_content":"Not serious (but inspired by there not being a common vector format between 3D libraries):\r\n\r\n\tCode:\r\n\tusing System;\r\nusing System.Runtime.InteropServices;\r\n\r\nnamespace NastyCast_Test\r\n{\r\n    struct TVector<T>\r\n    { public T X, Y, Z; }\r\n    struct FloatVector\r\n    {\r\n        public float X, Y, Z;\r\n        public override string ToString()\r\n        {\r\n            return string.Format(\"({0}, {1}, {2})\", X, Y, Z);\r\n        }\r\n    }\r\n    static class NastyCaster\r\n    {\r\n        [StructLayout(LayoutKind.Explicit)]\r\n        struct Union\r\n        {\r\n            [FieldOffset(0)]\r\n            public TVector<float> _1;\r\n            [FieldOffset(0)]\r\n            public FloatVector _2;\r\n        }\r\n        public static FloatVector NastyCast(this TVector<float> from)\r\n        { return new Union() { _1 = from }._2; }\r\n    }\r\n    class Program\r\n    {\r\n        static void Main(string[] args)\r\n        {\r\n            Console.WriteLine(\r\n                new TVector<float>() { X = 1, Y = 2, Z = .5f }\r\n                .NastyCast()\r\n                .ToString());\r\n            // (1, 2, 0.5)\r\n        }\r\n    }\r\n}\r\nIn theory it's safe, as long as the vector definitions don't change.\r\nProbably something you can risk with a good unit test.\r\n\r\nEdited:\r\n\r\nIIrc you can do this with managed arrays of the types too, but that's not exactly independent of undocumented behaviour.","ratings":{"winner":2,"informative":1}}