{"thread":1398111,"page":12,"author":{"name":"Tamschi","info":{"os":"Windows 7","browser":"Firefox","country":"Germany"},"type":"blue"},"date":1402286400,"number":"450","id":"45041658","content":"<div class=\"quote\">\r\n\t\r\n\t\t<div class=\"information\">\r\n\t\t\t\r\n\t\t\t\t<a href=\"showthread.php?p=45041199#post45041199\" rel=\"nofollow\">reevezy67 posted:</a>\r\n\t\t\t\r\n\t\t</div>\r\n\t\r\n\t<div class=\"message\">Those free assets are really good; I especially like the UI.<br>\r\n<br>\r\n I just started writing a Go app.<br>\r\n<video style=\"margin: 16px; min-width: 20px; min-height: 20px; border: 1px solid #fff; box-shadow: 0 0 4px rgba( 0, 0, 0, 0.4 );\" src=\"http://dl.dropboxusercontent.com/u/41313766/go/2014-06-09_17-43-52.webm\" controls=\"controls\">Your browser doesn't support HTML 5 videos!</video></div>\r\n\t\r\n</div> If that's an app for a touch screen, wouldn't you raise the buttons by default and depress them on touch?","sanitized_content":"If that's an app for a touch screen, wouldn't you raise the buttons by default and depress them on touch?","ratings":{}}