{"thread":1398111,"page":12,"author":{"name":"BackwardSpy","info":{"browser":"Unknown"},"type":"gold"},"date":1402286400,"number":"470","id":"45049120","content":"He said earlier in the thread that he's using JavaFX for the GUI I think.<br>\n<br>\n<font size=\"1\" color=\"#444444\"><b>Edited:</b></font><br>\n<br>\nIt looks really nice. I'd like to be able to use that look with a language I don't hate, though.","sanitized_content":"He said earlier in the thread that he's using JavaFX for the GUI I think.\n\nEdited:\n\nIt looks really nice. I'd like to be able to use that look with a language I don't hate, though.","ratings":{"agree":3}}