{"thread":1398111,"page":12,"author":{"name":"Berkin","info":{"browser":"Unknown"},"type":"gold"},"date":1402286400,"number":"468","id":"45048470","content":"<div class=\"quote\">\r\n\t\r\n\t\t<div class=\"information\">\r\n\t\t\t\r\n\t\t\t\t<a href=\"showthread.php?p=45047082#post45047082\" rel=\"nofollow\">Contron posted:</a>\r\n\t\t\t\r\n\t\t</div>\r\n\t\r\n\t<div class=\"message\">Made some more progress on the model loader.<br>\r\n<br>\r\n-image-<br>\r\n<br>\r\nI abstracted away the model loader from the model, so you can now pick the appropriate loader to use when selecting a model (for instance, the Wavefront loader for OBJ files and the Source loader for MDL files, as pictured above), so now theoretically it could support any model as long as I create an appropriate loader for the format.<br>\r\n<br>\r\nI also added texture support (along with bump, specular and self-illumination maps), and a few more controls.</div>\r\n\t\r\n</div> That GUI looks <i>really</i> nice.","sanitized_content":"That GUI looks really nice.","ratings":{"agree":3,"friendly":1}}