{"thread":1398111,"page":12,"author":{"name":"BlkDucky","info":{"os":"Windows 7","browser":"Chrome","country":"United Kingdom"},"type":"gold"},"date":1402286400,"number":"465","id":"45046998","content":"<div class=\"quote\">\r\n\t\r\n\t\t<div class=\"information\">\r\n\t\t\t\r\n\t\t\t\t<a href=\"showthread.php?p=45046480#post45046480\" rel=\"nofollow\">ZenX2 posted:</a>\r\n\t\t\t\r\n\t\t</div>\r\n\t\r\n\t<div class=\"message\">Do you guys have any tips for programming on a Mac? I've already installed Sublime Text 3</div>\r\n\t\r\n</div> install sublime text 2 instead because there are actually packages for it","sanitized_content":"install sublime text 2 instead because there are actually packages for it","ratings":{"disagree":8,"agree":2}}