{"thread":1398111,"page":12,"author":{"name":"chaz13","info":{"os":"Windows 7","browser":"Chrome","country":"United Kingdom"},"type":"gold"},"date":1402286400,"number":"451","id":"45041671","content":"Nearly got texturing working:<br>\r\n<br>\r\n<img src=\"http://i.imgur.com/1kUXWvp.png\" border=\"0\" alt=\"\"><br>\r\n<br>\r\n<br>\r\nAlthough the colours are a bit strange at the moment. Also, if I try to flip the uv coords, I get a crash. My code is below, where cs is an instance of my sphere class, texture is an sfml Image object.:<br>\r\n<br>\r\n<div class=\"bbcode_container\">\r\n\t<div class=\"bbcode_description\">Code:</div>\r\n\t<pre class=\"bbcode_code\" style=\"height:199.995px;\">            if (cs.istextured)  //texture if we have one\r\n            {\r\n\r\n                float u = (float)(0.5f + Math.Atan2(sphere_normal.Z,sphere_normal.X)/(Math.PI*2));\r\n                float v = (float)(0.5f + Math.Asin(sphere_normal.Y)/Math.PI);\r\n                Color c = cs.texture.GetPixel((uint)Math.Floor(cs.texture.Size.X* u), (uint)Math.Floor(cs.texture.Size.Y * v));\r\n\r\n                double lh, ls, lc;\r\n                RgbToHsv((double)c.R, (double)c.G, (double)c.B, out lh, out ls, out lc);\r\n\r\n                light_hue = (float)lh/255.0f;\r\n                light_sat = (float)ls/255.0f;\r\n            }</pre>\r\n</div>If I use this instead:<br>\r\n<br>\r\n            <div class=\"bbcode_container\">\r\n\t<div class=\"bbcode_description\">Code:</div>\r\n\t<pre class=\"bbcode_code\" style=\"height:199.995px;\">if (cs.istextured)  //texture if we have one\r\n            {\r\n\r\n                float u = (float)(0.5f + Math.Atan2(sphere_normal.Z,sphere_normal.X)/(Math.PI*2));\r\n                float v = (float)(0.5f + Math.Asin(sphere_normal.Y)/Math.PI);\r\n                Color c = cs.texture.GetPixel((uint)Math.Floor(cs.texture.Size.X* (1-u)), (uint)Math.Floor(cs.texture.Size.Y * (1-v)));\r\n\r\n                double lh, ls, lc;\r\n                RgbToHsv((double)c.R, (double)c.G, (double)c.B, out lh, out ls, out lc);\r\n\r\n                light_hue = (float)lh/255.0f;\r\n                light_sat = (float)ls/255.0f;\r\n            }</pre>\r\n</div>It crashes with no exceptions/error/any useful info. Any ideas?<br>\r\n<br>\r\nI've checked the u and v variables always lie between 0 and 1, and furthermore that the final getpixel coordinates are within the bounds of the image (they are), so I'm not sure what it could be. My only thought is that it's creating a new variable every time it's called and it ends up using too much memory - is that likely? (Still fairly new with C#!).","sanitized_content":"Nearly got texturing working:\r\n\r\n\r\n\r\n\r\nAlthough the colours are a bit strange at the moment. Also, if I try to flip the uv coords, I get a crash. My code is below, where cs is an instance of my sphere class, texture is an sfml Image object.:\r\n\r\n\r\n\tCode:\r\n\t            if (cs.istextured)  //texture if we have one\r\n            {\r\n\r\n                float u = (float)(0.5f + Math.Atan2(sphere_normal.Z,sphere_normal.X)/(Math.PI*2));\r\n                float v = (float)(0.5f + Math.Asin(sphere_normal.Y)/Math.PI);\r\n                Color c = cs.texture.GetPixel((uint)Math.Floor(cs.texture.Size.X* u), (uint)Math.Floor(cs.texture.Size.Y * v));\r\n\r\n                double lh, ls, lc;\r\n                RgbToHsv((double)c.R, (double)c.G, (double)c.B, out lh, out ls, out lc);\r\n\r\n                light_hue = (float)lh/255.0f;\r\n                light_sat = (float)ls/255.0f;\r\n            }\r\nIf I use this instead:\r\n\r\n            \r\n\tCode:\r\n\tif (cs.istextured)  //texture if we have one\r\n            {\r\n\r\n                float u = (float)(0.5f + Math.Atan2(sphere_normal.Z,sphere_normal.X)/(Math.PI*2));\r\n                float v = (float)(0.5f + Math.Asin(sphere_normal.Y)/Math.PI);\r\n                Color c = cs.texture.GetPixel((uint)Math.Floor(cs.texture.Size.X* (1-u)), (uint)Math.Floor(cs.texture.Size.Y * (1-v)));\r\n\r\n                double lh, ls, lc;\r\n                RgbToHsv((double)c.R, (double)c.G, (double)c.B, out lh, out ls, out lc);\r\n\r\n                light_hue = (float)lh/255.0f;\r\n                light_sat = (float)ls/255.0f;\r\n            }\r\nIt crashes with no exceptions/error/any useful info. Any ideas?\r\n\r\nI've checked the u and v variables always lie between 0 and 1, and furthermore that the final getpixel coordinates are within the bounds of the image (they are), so I'm not sure what it could be. My only thought is that it's creating a new variable every time it's called and it ends up using too much memory - is that likely? (Still fairly new with C#!).","ratings":{"programming_king":1}}