{"thread":1398111,"page":12,"author":{"name":"Ac!dL3ak","info":{"os":"Windows 7","browser":"Chrome","country":"United Kingdom"},"type":"gold"},"date":1402372800,"number":"478","id":"45055066","content":"<a href=\"http://redjazz96.tumblr.com/post/88336053195/what-antelope-does-and-what-i-hope-it-will-do-part\" target=\"_blank\">http://redjazz96.tumblr.com/post/883...t-will-do-part</a><br>\r\n<br>\r\nPart 2!","sanitized_content":"http://redjazz96.tumblr.com/post/883...t-will-do-part\r\n\r\nPart 2!","ratings":{"winner":3}}