{"thread":1398111,"page":12,"author":{"name":"Darwin226","info":{"browser":"Unknown"},"type":"gold"},"date":1402286400,"number":"460","id":"45042523","content":"<div class=\"quote\">\r\n\t\r\n\t\t<div class=\"information\">\r\n\t\t\t\r\n\t\t\t\t<a href=\"showthread.php?p=45041769#post45041769\" rel=\"nofollow\">chaz13 posted:</a>\r\n\t\t\t\r\n\t\t</div>\r\n\t\r\n\t<div class=\"message\">Just running debug in visual studio 2010, a window opens, does some stuff (nothing visible), then it closes with no errors or anything useful. I've written to the console to confirm it does something, which it does, but it then crashes at some point.<br>\r\n<br>\r\nI tried calling the image.getPixel() function before that code with all sorts of whacky arguments to try to crash it and work out what's going on, but I couldn't get it to crash doing that <img src=\"/fp/emoot/v.gif\" border=\"0\" alt=\"\" title=\"V\" class=\"inlineimg\"> Even stranger is that flipping the u coord doesn't crash it, just the v. Replacing that function with &quot;Color c = Color.Blue&quot; doesn't crash either, so I'm fairly sure it is that line causing an issue.<br>\r\n<br>\r\nThe only feedback I get is:<br>\r\n<br>\r\n<br>\r\n<br>\r\nGoogling the code just brings up the minecraft forums.</div>\r\n\t\r\n</div> Hmmm.... If you don't mind sharing the code, I could take a shot at debugging it.","sanitized_content":"Hmmm.... If you don't mind sharing the code, I could take a shot at debugging it.","ratings":{"friendly":1}}