{"thread":1398111,"page":12,"author":{"name":"supersnail11","info":{"os":"Windows 8","browser":"Chrome","country":"United States"},"type":"gold"},"date":1402286400,"number":"443","id":"45040432","content":"<div class=\"quote\">\r\n\t\r\n\t\t<div class=\"information\">\r\n\t\t\t\r\n\t\t\t\t<a href=\"showthread.php?p=45040201#post45040201\" rel=\"nofollow\">Berkin posted:</a>\r\n\t\t\t\r\n\t\t</div>\r\n\t\r\n\t<div class=\"message\">Working on the Manhood v3 parser, here's progress since I started this morning! Not much yet, but hey, it works <img src=\"/fp/emoot/v.gif\" border=\"0\" alt=\"\" title=\"V\" class=\"inlineimg\"><br>\r\n<br>\r\n<b>Capitalization, repetition and probability attributes</b><br>\r\n<br>\r\nimage<br>\r\n<br>\r\n<b>Concatenation of random character selection</b><br>\r\n<br>\r\nimage<br>\r\n<br>\r\n<b>Selection synchronization via non-linear RNG branching</b> (note how the first and last letters always match)<br>\r\n<br>\r\nimage<br>\r\n<br>\r\nMore exciting stuff will come soon.</div>\r\n\t\r\n</div> Can it be used in reverse, like regex but fuzzier?","sanitized_content":"Can it be used in reverse, like regex but fuzzier?","ratings":{}}