{"thread":1398111,"page":12,"author":{"name":"chaz13","info":{"os":"Windows 7","browser":"Chrome","country":"United Kingdom"},"type":"gold"},"date":1402286400,"number":"454","id":"45041769","content":"<div class=\"quote\">\r\n\t\r\n\t\t<div class=\"information\">\r\n\t\t\t\r\n\t\t\t\t<a href=\"showthread.php?p=45041757#post45041757\" rel=\"nofollow\">Darwin226 posted:</a>\r\n\t\t\t\r\n\t\t</div>\r\n\t\r\n\t<div class=\"message\">How does it crash? No exceptions or anything doesn't sound very C#ish. Are you using a debug build?</div>\r\n\t\r\n</div> Just running debug in visual studio 2010, a window opens, does some stuff (nothing visible), then it closes with no errors or anything useful. I've written to the console to confirm it does something, which it does, but it then crashes at some point.<br>\r\n<br>\r\nI tried calling the image.getPixel() function before that code with all sorts of whacky arguments to try to crash it and work out what's going on, but I couldn't get it to crash doing that <img src=\"/fp/emoot/v.gif\" border=\"0\" alt=\"\" title=\"V\" class=\"inlineimg\"> Even stranger is that flipping the u coord doesn't crash it, just the v. Replacing that function with &quot;Color c = Color.Blue&quot; doesn't crash either, so I'm fairly sure it is that line causing an issue.<br>\r\n<br>\r\nThe only feedback I get is:<br>\r\n<br>\r\n<div class=\"quote\">\r\n\t\r\n\t<div class=\"message\">The program '[3560] raycast.vshost.exe: Managed (v4.0.30319)' has exited with code -1073740777 (0xc0000417).</div>\r\n\t\r\n</div> Googling the code just brings up the minecraft forums.","sanitized_content":"Just running debug in visual studio 2010, a window opens, does some stuff (nothing visible), then it closes with no errors or anything useful. I've written to the console to confirm it does something, which it does, but it then crashes at some point.\r\n\r\nI tried calling the image.getPixel() function before that code with all sorts of whacky arguments to try to crash it and work out what's going on, but I couldn't get it to crash doing that  Even stranger is that flipping the u coord doesn't crash it, just the v. Replacing that function with \"Color c = Color.Blue\" doesn't crash either, so I'm fairly sure it is that line causing an issue.\r\n\r\nThe only feedback I get is:\r\n\r\n Googling the code just brings up the minecraft forums.","ratings":{}}