{"thread":1398111,"page":12,"author":{"name":"Bladezor","info":{"browser":"Unknown"},"type":"gold"},"date":1402372800,"number":"477","id":"45053232","content":"<div class=\"quote\">\r\n\t\r\n\t\t<div class=\"information\">\r\n\t\t\t\r\n\t\t\t\t<a href=\"showthread.php?p=45050323#post45050323\" rel=\"nofollow\">chaz13 posted:</a>\r\n\t\t\t\r\n\t\t</div>\r\n\t\r\n\t<div class=\"message\">Yeah it's already in, I just used a simplified version of the Fresnel Equations.<br>\r\n<br>\r\nI'm struggling with getting the normal mapping right at the moment, there's not many resources on finding the tangent/bi tangent of a sphere that I can find so I'm trying to derive something myself.</div>\r\n\t\r\n</div> I haven't gotten there yet. It's been about 6+ years since I've done any sort of graphics dev until this weekend so I'm sorry if the following is of little/no help. I think the first thing I would try would be to use the sphere's normal at the intersection point and cross that with the view vector.<br>\r\n<br>\r\nIn other news... I'm slowly replacing some things that made the project reliant on XNA, like Vector3, Color, and other MathHelper functions. No pretty pictures this post. Sowwy","sanitized_content":"I haven't gotten there yet. It's been about 6+ years since I've done any sort of graphics dev until this weekend so I'm sorry if the following is of little/no help. I think the first thing I would try would be to use the sphere's normal at the intersection point and cross that with the view vector.\r\n\r\nIn other news... I'm slowly replacing some things that made the project reliant on XNA, like Vector3, Color, and other MathHelper functions. No pretty pictures this post. Sowwy","ratings":{"winner":1}}