{"thread":1398111,"page":12,"author":{"name":"Bladezor","info":{"browser":"Unknown"},"type":"gold"},"date":1402286400,"number":"462","id":"45042931","content":"<div class=\"quote\">\r\n\t\r\n\t\t<div class=\"information\">\r\n\t\t\t\r\n\t\t\t\t<a href=\"showthread.php?p=45041671#post45041671\" rel=\"nofollow\">chaz13 posted:</a>\r\n\t\t\t\r\n\t\t</div>\r\n\t\r\n\t<div class=\"message\">            <div class=\"bbcode_container\">\r\n\t<div class=\"bbcode_description\">Code:</div>\r\n\t<pre class=\"bbcode_code\" style=\"height:199.995px;\">if (cs.istextured)  //texture if we have one\r\n            {\r\n\r\n                float u = (float)(0.5f + Math.Atan2(sphere_normal.Z,sphere_normal.X)/(Math.PI*2));\r\n                float v = (float)(0.5f + Math.Asin(sphere_normal.Y)/Math.PI);\r\n                Color c = cs.texture.GetPixel((uint)Math.Floor(cs.texture.Size.X* (1-u)), (uint)Math.Floor(cs.texture.Size.Y * (1-v)));\r\n\r\n                double lh, ls, lc;\r\n                RgbToHsv((double)c.R, (double)c.G, (double)c.B, out lh, out ls, out lc);\r\n\r\n                light_hue = (float)lh/255.0f;\r\n                light_sat = (float)ls/255.0f;\r\n            }</pre>\r\n</div>It crashes with no exceptions/error/any useful info. Any ideas?<br>\r\n<br>\r\nI've checked the u and v variables always lie between 0 and 1, and furthermore that the final getpixel coordinates are within the bounds of the image (they are), so I'm not sure what it could be. My only thought is that it's creating a new variable every time it's called and it ends up using too much memory - is that likely? (Still fairly new with C#!).</div>\r\n\t\r\n</div> Do you have Common Language Runtime Exceptions enabled? In VS goto Debug -&gt; Exceptions. Check both the &quot;Thrown&quot; and &quot;User-unhandled.&quot; Hopefully that gives you something.<br>\r\n<br>\r\nOtherwise you could wrap that in a try-catch, and see if you can catch an <a href=\"http://msdn.microsoft.com/en-us/library/system.exception.aspx\" target=\"_blank\">Exception</a> and look at the Message.<br>\r\n<br>\r\nI'm not familiar with SFML.Net, I'm just using GDI+ and <a href=\"http://msdn.microsoft.com/en-us/library/system.drawing.bitmap.aspx\" target=\"_blank\">System.Drawing.Bitmap</a>","sanitized_content":"Do you have Common Language Runtime Exceptions enabled? In VS goto Debug -> Exceptions. Check both the \"Thrown\" and \"User-unhandled.\" Hopefully that gives you something.\r\n\r\nOtherwise you could wrap that in a try-catch, and see if you can catch an Exception and look at the Message.\r\n\r\nI'm not familiar with SFML.Net, I'm just using GDI+ and System.Drawing.Bitmap","ratings":{"friendly":1}}