{"thread":1398111,"page":12,"author":{"name":"chaz13","info":{"os":"Windows 7","browser":"Chrome","country":"United Kingdom"},"type":"gold"},"date":1402286400,"number":"473","id":"45050323","content":"<div class=\"quote\">\r\n\t\r\n\t\t<div class=\"information\">\r\n\t\t\t\r\n\t\t\t\t<a href=\"showthread.php?p=45049211#post45049211\" rel=\"nofollow\">Bladezor posted:</a>\r\n\t\t\t\r\n\t\t</div>\r\n\t\r\n\t<div class=\"message\">Is Total Internal Reflection possible? I'm thinking about implementing refraction next, but I'm not quite sure how I'm going to do it.</div>\r\n\t\r\n</div> Yeah it's already in, I just used a simplified version of the Fresnel Equations.<br>\r\n<br>\r\nI'm struggling with getting the normal mapping right at the moment, there's not many resources on finding the tangent/bi tangent of a sphere that I can find so I'm trying to derive something myself.","sanitized_content":"Yeah it's already in, I just used a simplified version of the Fresnel Equations.\r\n\r\nI'm struggling with getting the normal mapping right at the moment, there's not many resources on finding the tangent/bi tangent of a sphere that I can find so I'm trying to derive something myself.","ratings":{}}