{"thread":1398111,"page":12,"author":{"name":"ECrownofFire","info":{"os":"Windows 7","browser":"Firefox","country":"United States"},"type":"blue"},"date":1402286400,"number":"446","id":"45040973","content":"<div class=\"quote\">\r\n\t\r\n\t\t<div class=\"information\">\r\n\t\t\t\r\n\t\t\t\t<a href=\"showthread.php?p=45039021#post45039021\" rel=\"nofollow\">Lumaio posted:</a>\r\n\t\t\t\r\n\t\t</div>\r\n\t\r\n\t<div class=\"message\">I've been thinking, does a simple tile based rpg really need to be OpenGL accelerated? I may just not use an OpenGL engine at all and make it in pure java, Thoughts?</div>\r\n\t\r\n</div> If you ever want to do fancy effects then use OpenGL.<br>\r\n<br>\r\nFor one thing, I'm sure a particle system in pure Java would be slow as shit.","sanitized_content":"If you ever want to do fancy effects then use OpenGL.\r\n\r\nFor one thing, I'm sure a particle system in pure Java would be slow as shit.","ratings":{"agree":5}}