{"thread":1398111,"page":21,"author":{"name":"Asgard","info":{"os":"Windows 7","browser":"Chrome","country":"Netherlands"},"type":"gold"},"date":1403318837,"number":"806","id":"45104533","content":"<div class=\"quote\">\r\n\t\r\n\t\t<div class=\"information\">\r\n\t\t\t\r\n\t\t\t\t<a href=\"showthread.php?p=45104524#post45104524\" rel=\"nofollow\">Gran PC posted:</a>\r\n\t\t\t\r\n\t\t</div>\r\n\t\r\n\t<div class=\"message\">no its still better than geeui</div>\r\n\t\r\n</div> so mean","sanitized_content":"so mean","ratings":{"disagree":11,"agree":6,"funny":1}}