{"thread":1398111,"page":21,"author":{"name":"Darkwater124","info":{"os":"Linux","browser":"Chrome","country":"Netherlands"},"type":"gold"},"date":1403318837,"number":"807","id":"45104762","content":"<div class=\"quote\">\r\n\t\r\n\t\t<div class=\"information\">\r\n\t\t\t\r\n\t\t\t\t<a href=\"showthread.php?p=45104531#post45104531\" rel=\"nofollow\">Winded posted:</a>\r\n\t\t\t\r\n\t\t</div>\r\n\t\r\n\t<div class=\"message\">UI and effects and stuff.<br>\r\n<video style=\"margin: 16px; min-width: 20px; min-height: 20px; border: 1px solid #fff; box-shadow: 0 0 4px rgba( 0, 0, 0, 0.4 );\" src=\"http://winded.hopto.org/cubic2048/prev1.webm\" controls=\"controls\">Your browser doesn't support HTML 5 videos!</video></div>\r\n\t\r\n</div> release when","sanitized_content":"release when","ratings":{}}