{"thread":1398111,"page":21,"author":{"name":"Icedshot","info":{"os":"Windows 7","browser":"Chrome","country":"United Kingdom"},"type":"blue"},"date":1403318837,"number":"816","id":"45106017","content":"After spending far too fucking long fucking around with fucking opencl returning something incredibly generic along the lines of OPENCL_GONE_WRONG_SOMEWHERE, it turns out that OpenCL fails to allocate memory if your shared OpenGL textures don't have some glTexSomethingSomething functions set on them after you load them with opengl, which I did not know and have spent hours debugging. <br>\r\n<br>\r\nWhy does forgetting to set the glTex parameters cause a memory allocation failure? Does OpenGL just not do defaults or something, or are they expensive to set?<br>\r\n<br>\r\nOh well. This fucking rectangle shit is a separate UI element that's drawn in realtime, and after I get some textures to blit (which is another thing that OpenGL doesn't appear to be able to do without being a retard) to each other will form the beginning of my movable 3D UI<br>\r\n<br>\r\n<img src=\"https://dl.dropboxusercontent.com/u/9317774/toomuchfuckingwork.PNG\" border=\"0\" alt=\"\">","sanitized_content":"After spending far too fucking long fucking around with fucking opencl returning something incredibly generic along the lines of OPENCL_GONE_WRONG_SOMEWHERE, it turns out that OpenCL fails to allocate memory if your shared OpenGL textures don't have some glTexSomethingSomething functions set on them after you load them with opengl, which I did not know and have spent hours debugging. \r\n\r\nWhy does forgetting to set the glTex parameters cause a memory allocation failure? Does OpenGL just not do defaults or something, or are they expensive to set?\r\n\r\nOh well. This fucking rectangle shit is a separate UI element that's drawn in realtime, and after I get some textures to blit (which is another thing that OpenGL doesn't appear to be able to do without being a retard) to each other will form the beginning of my movable 3D UI","ratings":{"informative":1}}