{"thread":1398111,"page":21,"author":{"name":"geel9","info":{"browser":"Unknown"},"type":"gold"},"date":1403318837,"number":"803","id":"45104183","content":"Fleshing out the second challenge level: <video style=\"margin: 16px; min-width: 20px; min-height: 20px; border: 1px solid #fff; box-shadow: 0 0 4px rgba( 0, 0, 0, 0.4 );\" src=\"http://feen.us/i/76/539ca452dd7f7.webm\" controls=\"controls\">Your browser doesn't support HTML 5 videos!</video>","sanitized_content":"Fleshing out the second challenge level: Your browser doesn't support HTML 5 videos!","ratings":{"winner":6}}