{"thread":1398111,"page":21,"author":{"name":"cartman300","info":{"browser":"Unknown"},"type":"blue"},"date":1403318837,"number":"820","id":"45106257","content":"Hmm, not sure there, but is anybody interested in a procedural texture library?<br>\r\nWhat i mean one could define texture templates in some lua script for example (or something else) and when creating a texture it would be generated based on the passed template.","sanitized_content":"Hmm, not sure there, but is anybody interested in a procedural texture library?\r\nWhat i mean one could define texture templates in some lua script for example (or something else) and when creating a texture it would be generated based on the passed template.","ratings":{"agree":4}}