{"thread":1398111,"page":21,"author":{"name":"cartman300","info":{"browser":"Unknown"},"type":"blue"},"date":1403318837,"number":"817","id":"45106092","content":"<div class=\"quote\">\r\n\t\r\n\t\t<div class=\"information\">\r\n\t\t\t\r\n\t\t\t\t<a href=\"showthread.php?p=45105681#post45105681\" rel=\"nofollow\">dylanb5123 posted:</a>\r\n\t\t\t\r\n\t\t</div>\r\n\t\r\n\t<div class=\"message\">%IMAGE%<br>\r\n<br>\r\nBasically it's just a lua wrapper for System.Drawing.<br>\r\nWhat I've implemented so far:<br>\r\nprint, makeColor, setCanvasSize, enableAntiAliasing, drawPixel, drawLine, drawRect, drawRectGradient, drawRectOutline, drawEllipse, drawEllipseGradient, drawEllipseOutline, drawText<br>\r\n<br>\r\nNot sure if this will ever be useful for anything but I think it's cool.</div>\r\n\t\r\n</div> Usefull! I see a lot potential, one could easily prototype HUDs in that.","sanitized_content":"Usefull! I see a lot potential, one could easily prototype HUDs in that.","ratings":{"agree":1}}