{"thread":1398111,"page":21,"author":{"name":"supersnail11","info":{"os":"Windows 8","browser":"Chrome","country":"United States"},"type":"gold"},"date":1403318837,"number":"812","id":"45105669","content":"<div class=\"quote\">\r\n\t\r\n\t\t<div class=\"information\">\r\n\t\t\t\r\n\t\t\t\t<a href=\"showthread.php?p=45105397#post45105397\" rel=\"nofollow\">Mega1mpact posted:</a>\r\n\t\t\t\r\n\t\t</div>\r\n\t\r\n\t<div class=\"message\">not sure if I should put this in web dev but I made a file streaming thing.<br>\r\nIt doesn't write the tar archive to the filesystem etc.<br>\r\n<br>\r\nhuge video</div>\r\n\t\r\n</div> Now estimate the size and send it to the client so you get a time remaining estimate.","sanitized_content":"Now estimate the size and send it to the client so you get a time remaining estimate.","ratings":{}}