{"thread":1398111,"page":21,"author":{"name":"Icedshot","info":{"os":"Windows 7","browser":"Chrome","country":"United Kingdom"},"type":"blue"},"date":1403318837,"number":"801","id":"45103087","content":"<div class=\"quote\">\r\n\t\r\n\t\t<div class=\"information\">\r\n\t\t\t\r\n\t\t\t\t<a href=\"showthread.php?p=45102924#post45102924\" rel=\"nofollow\">Darwin226 posted:</a>\r\n\t\t\t\r\n\t\t</div>\r\n\t\r\n\t<div class=\"message\">That's amazing! It sounds like you'll be doing exactly the thing you love.</div>\r\n\t\r\n</div> I know right? Its amazing how starting to faff around with OpenCL a few years back has gotten me an internship with arm. Anyone else remember the first OpenCL program I wrote, adding together a few vectors and going &quot;Wow this is fast!&quot;?<br>\r\n<br>\r\nIn actual programming news, I have started to create the worst UI on the planet:<br>\r\n<br>\r\n<img src=\"https://dl.dropboxusercontent.com/u/9317774/regularlyscheduledcontent.PNG\" border=\"0\" alt=\"\">","sanitized_content":"I know right? Its amazing how starting to faff around with OpenCL a few years back has gotten me an internship with arm. Anyone else remember the first OpenCL program I wrote, adding together a few vectors and going \"Wow this is fast!\"?\r\n\r\nIn actual programming news, I have started to create the worst UI on the planet:","ratings":{"funny":10,"winner":1}}