{"thread":1398111,"page":21,"author":{"name":"Map in a box","info":{"os":"Windows 7","browser":"Firefox","country":"United States"},"type":"blue"},"date":1403318837,"number":"811","id":"45105520","content":"That's what github does IIRC, bitbucket precalculates the size though<br>\n<br>\n<font size=\"1\" color=\"#444444\"><b>Edited:</b></font><br>\n<br>\nI believe they just pipe the zip command but i might be wrong","sanitized_content":"That's what github does IIRC, bitbucket precalculates the size though\n\nEdited:\n\nI believe they just pipe the zip command but i might be wrong","ratings":{}}