{"thread":1398111,"page":21,"author":{"name":"Berkin","info":{"browser":"Unknown"},"type":"gold"},"date":1403318837,"number":"809","id":"45104994","content":"Got started on visibility modifiers today. I ran across some interesting bugs along the way...<br>\r\n<br>\r\n<img src=\"http://i.imgur.com/pyv4vnE.png\" border=\"0\" alt=\"\"><br>\r\n<br>\r\nBut eventually I prevailed.<br>\r\n<br>\r\n<img src=\"http://i.imgur.com/cWXNgtc.png\" border=\"0\" alt=\"\">","sanitized_content":"Got started on visibility modifiers today. I ran across some interesting bugs along the way...\r\n\r\n\r\n\r\nBut eventually I prevailed.","ratings":{"informative":1}}