{"thread":1398111,"page":21,"author":{"name":"HarryG321","info":{"os":"Windows 8","browser":"Chrome","country":"United Kingdom"},"type":"gold"},"date":1403318837,"number":"819","id":"45106246","content":"I know this is the worst question ever, but:<br>\r\nI've got the whole summer off and can't think of a single project idea to work on, any ideas?<br>\r\n<br>\r\n(Experience with WebDev, Java and Android)","sanitized_content":"I know this is the worst question ever, but:\r\nI've got the whole summer off and can't think of a single project idea to work on, any ideas?\r\n\r\n(Experience with WebDev, Java and Android)","ratings":{"agree":1}}