{"thread":1398111,"page":21,"author":{"name":"Winded","info":{"os":"Windows 7","browser":"Chrome","country":"Finland"},"type":"blue"},"date":1403318837,"number":"808","id":"45104785","content":"<div class=\"quote\">\r\n\t\r\n\t\t<div class=\"information\">\r\n\t\t\t\r\n\t\t\t\t<a href=\"showthread.php?p=45104762#post45104762\" rel=\"nofollow\">Darkwater124 posted:</a>\r\n\t\t\t\r\n\t\t</div>\r\n\t\r\n\t<div class=\"message\">release when</div>\r\n\t\r\n</div> Coursework deadline is 26th so sooner than that.","sanitized_content":"Coursework deadline is 26th so sooner than that.","ratings":{"funny":11}}