{"thread":1398111,"page":21,"author":{"name":"Drury","info":{"os":"Windows 7","browser":"Opera","country":"Slovakia"},"type":"blue"},"date":1403318837,"number":"802","id":"45104041","content":"<div class=\"quote\">\r\n\t\r\n\t\t<div class=\"information\">\r\n\t\t\t\r\n\t\t\t\t<a href=\"showthread.php?p=45103087#post45103087\" rel=\"nofollow\">Icedshot posted:</a>\r\n\t\t\t\r\n\t\t</div>\r\n\t\r\n\t<div class=\"message\">I know right? Its amazing how starting to faff around with OpenCL a few years back has gotten me an internship with arm. Anyone else remember the first OpenCL program I wrote, adding together a few vectors and going &quot;Wow this is fast!&quot;?<br>\r\n<br>\r\nIn actual programming news, I have started to create the worst UI on the planet:<br>\r\n<br>\r\n<img src=\"https://dl.dropboxusercontent.com/u/9317774/regularlyscheduledcontent.PNG\" border=\"0\" alt=\"\"></div>\r\n\t\r\n</div> You mean in the universe?","sanitized_content":"You mean in the universe?","ratings":{"zing":8,"winner":3,"disagree":1}}