{"thread":1398111,"page":21,"author":{"name":"Winded","info":{"os":"Windows 7","browser":"Chrome","country":"Finland"},"type":"blue"},"date":1403318837,"number":"805","id":"45104531","content":"UI and effects and stuff.<br>\r\n<video style=\"margin: 16px; min-width: 20px; min-height: 20px; border: 1px solid #fff; box-shadow: 0 0 4px rgba( 0, 0, 0, 0.4 );\" src=\"http://winded.hopto.org/cubic2048/prev1.webm\" controls=\"controls\">Your browser doesn't support HTML 5 videos!</video>","sanitized_content":"UI and effects and stuff.\r\nYour browser doesn't support HTML 5 videos!","ratings":{"winner":15}}