{"thread":1398111,"page":21,"author":{"name":"dylanb5123","info":{"os":"Windows 7","browser":"Firefox","country":"United States"},"type":"blue"},"date":1403318837,"number":"813","id":"45105681","content":"<img src=\"http://i.imgur.com/0jVlbw0.png\" border=\"0\" alt=\"\"><br>\r\n<br>\r\nBasically it's just a lua wrapper for System.Drawing.<br>\r\nWhat I've implemented so far:<br>\r\nprint, makeColor, setCanvasSize, enableAntiAliasing, drawPixel, drawLine, drawRect, drawRectGradient, drawRectOutline, drawEllipse, drawEllipseGradient, drawEllipseOutline, drawText<br>\r\n<br>\r\nNot sure if this will ever be useful for anything but I think it's cool.","sanitized_content":"Basically it's just a lua wrapper for System.Drawing.\r\nWhat I've implemented so far:\r\nprint, makeColor, setCanvasSize, enableAntiAliasing, drawPixel, drawLine, drawRect, drawRectGradient, drawRectOutline, drawEllipse, drawEllipseGradient, drawEllipseOutline, drawText\r\n\r\nNot sure if this will ever be useful for anything but I think it's cool.","ratings":{"winner":4}}