{"thread":1398111,"page":21,"author":{"name":"Map in a box","info":{"os":"Windows 7","browser":"Firefox","country":"United States"},"type":"blue"},"date":1403318837,"number":"818","id":"45106142","content":"<div class=\"quote\">\r\n\t\r\n\t\t<div class=\"information\">\r\n\t\t\t\r\n\t\t\t\t<a href=\"showthread.php?p=45106092#post45106092\" rel=\"nofollow\">cartman300 posted:</a>\r\n\t\t\t\r\n\t\t</div>\r\n\t\r\n\t<div class=\"message\">Usefull! I see a lot potential, one could easily prototype HUDs in that.</div>\r\n\t\r\n</div> Just the thing I use Love2d for :V:","sanitized_content":"Just the thing I use Love2d for :V:","ratings":{"informative":1}}