{"thread":1398111,"page":21,"author":{"name":"Mega1mpact","info":{"os":"Linux","browser":"Firefox","country":"Netherlands"},"type":"gold"},"date":1403318837,"number":"810","id":"45105397","content":"not sure if I should put this in web dev but I made a file streaming thing.<br>\r\nIt doesn't write the tar archive to the filesystem etc.<br>\r\n<br>\r\n<video style=\"margin: 16px; min-width: 20px; min-height: 20px; border: 1px solid #fff; box-shadow: 0 0 4px rgba( 0, 0, 0, 0.4 );\" src=\"http://a.pomf.se/1/eforst.webm\" controls=\"controls\">Your browser doesn't support HTML 5 videos!</video>","sanitized_content":"not sure if I should put this in web dev but I made a file streaming thing.\r\nIt doesn't write the tar archive to the filesystem etc.\r\n\r\nYour browser doesn't support HTML 5 videos!","ratings":{"winner":1}}