{"thread":1398111,"page":21,"author":{"name":"Gran PC","info":{"os":"Mac","browser":"Chrome","country":"Spain"},"type":"blue"},"date":1403318837,"number":"804","id":"45104524","content":"<div class=\"quote\">\r\n\t\r\n\t\t<div class=\"information\">\r\n\t\t\t\r\n\t\t\t\t<a href=\"showthread.php?p=45104041#post45104041\" rel=\"nofollow\">Drury posted:</a>\r\n\t\t\t\r\n\t\t</div>\r\n\t\r\n\t<div class=\"message\">You mean in the universe?</div>\r\n\t\r\n</div> no its still better than geeui","sanitized_content":"no its still better than geeui","ratings":{"zing":13,"funny":7,"useful":1,"dumb":1}}