{"thread":1398111,"page":21,"author":{"name":"2sp00ky","info":{"os":"Windows 7","browser":"Chrome"},"type":"blue"},"date":1403318837,"number":"814","id":"45105711","content":"<img src=\"http://i.imgur.com/iatGDdr.png\" border=\"0\" alt=\"\"><br>\r\nI changed the view to be actual pixel size and not blown up, I think it looks way better this way.","sanitized_content":"I changed the view to be actual pixel size and not blown up, I think it looks way better this way.","ratings":{"agree":14,"disagree":1}}