{"thread":1398111,"page":21,"author":{"name":"Mega1mpact","info":{"os":"Linux","browser":"Firefox","country":"Netherlands"},"type":"gold"},"date":1403318837,"number":"815","id":"45105771","content":"<div class=\"quote\">\r\n\t\r\n\t\t<div class=\"information\">\r\n\t\t\t\r\n\t\t\t\t<a href=\"showthread.php?p=45105669#post45105669\" rel=\"nofollow\">supersnail11 posted:</a>\r\n\t\t\t\r\n\t\t</div>\r\n\t\r\n\t<div class=\"message\">Now estimate the size and send it to the client so you get a time remaining estimate.</div>\r\n\t\r\n</div> <a href=\"https://github.com/jonashaag/klaus/pull/101/files\" target=\"_blank\">Kinda difficult to do :&lt;</a>","sanitized_content":"Kinda difficult to do :<","ratings":{}}