{"thread":1398111,"page":11,"author":{"name":"Winded","info":{"os":"Windows 7","browser":"Chrome","country":"Finland"},"type":"blue"},"date":1402200000,"number":"405","id":"45034902","content":"<div class=\"quote\">\r\n\t\r\n\t\t<div class=\"information\">\r\n\t\t\t\r\n\t\t\t\t<a href=\"showthread.php?p=45034402#post45034402\" rel=\"nofollow\">Richy19 posted:</a>\r\n\t\t\t\r\n\t\t</div>\r\n\t\r\n\t<div class=\"message\">I pressed F and got an instant game over D:</div>\r\n\t\r\n</div> It's a temporary method of returning to the main menu.","sanitized_content":"It's a temporary method of returning to the main menu.","ratings":{"funny":2}}