{"thread":1398111,"page":11,"author":{"name":"adnzzzzZ","info":{"os":"Windows 7","browser":"Firefox","country":"Brazil"},"type":"blue"},"date":1402200000,"number":"402","id":"45034288","content":"<div class=\"quote\">\r\n\t\r\n\t\t<div class=\"information\">\r\n\t\t\t\r\n\t\t\t\t<a href=\"showthread.php?p=45032961#post45032961\" rel=\"nofollow\">Jookia posted:</a>\r\n\t\t\t\r\n\t\t</div>\r\n\t\r\n\t<div class=\"message\">Desaturating your colours isn't going to fix aesthetics, while the right looks less vibrant, it also has waay too much contrast and is hard to look at, and you're gaining a blue tint.</div>\r\n\t\r\n</div> How would you fix it? Right was an edit someone other than my artist made. Could you do something similar to point to a better direction? If it's not too much to ask...","sanitized_content":"How would you fix it? Right was an edit someone other than my artist made. Could you do something similar to point to a better direction? If it's not too much to ask...","ratings":{"friendly":4,"dumb":1}}