{"thread":1398111,"page":11,"author":{"name":"geel9","info":{"browser":"Unknown"},"type":"gold"},"date":1402286400,"number":"425","id":"45038559","content":"<video style=\"margin: 16px; min-width: 20px; min-height: 20px; border: 1px solid #fff; box-shadow: 0 0 4px rgba( 0, 0, 0, 0.4 );\" src=\"http://feen.us/i/76/539501813636e.webm\" controls=\"controls\">Your browser doesn't support HTML 5 videos!</video><br>\r\n<br>\r\nDid a bunch more work on the new level editor.","sanitized_content":"Your browser doesn't support HTML 5 videos!\r\n\r\nDid a bunch more work on the new level editor.","ratings":{"winner":2,"artistic":2}}