{"thread":1398111,"page":11,"author":{"name":"Ott","info":{"browser":"Unknown"},"type":"gold"},"date":1402286400,"number":"434","id":"45039278","content":"<div class=\"quote\">\r\n\t\r\n\t\t<div class=\"information\">\r\n\t\t\t\r\n\t\t\t\t<a href=\"showthread.php?p=45039084#post45039084\" rel=\"nofollow\">geel9 posted:</a>\r\n\t\t\t\r\n\t\t</div>\r\n\t\r\n\t<div class=\"message\">The new editor UI is made possible by the <span class=\"highlight\">awesome power of GeeUI�</span>.</div>\r\n\t\r\n</div> Why are you product placing when there's no product to place? <img src=\"/fp/emoot/v.gif\" border=\"0\" alt=\"\" title=\"V\" class=\"inlineimg\">","sanitized_content":"Why are you product placing when there's no product to place?","ratings":{"zing":7,"funny":5}}