{"thread":1398111,"page":11,"author":{"name":"geel9","info":{"browser":"Unknown"},"type":"gold"},"date":1402286400,"number":"431","id":"45039101","content":"<div class=\"quote\">\r\n\t\r\n\t\t<div class=\"information\">\r\n\t\t\t\r\n\t\t\t\t<a href=\"showthread.php?p=45039088#post45039088\" rel=\"nofollow\">Tamschi posted:</a>\r\n\t\t\t\r\n\t\t</div>\r\n\t\r\n\t<div class=\"message\">It would be really cool if you could enable dragging the sphere border to resize (like desktop windows but in any direction, I think it would require some kind of rotated cursor though to make it intuitive/polished... something like (at the right side of the sphere) <div class=\"bbcode_container\">\r\n\t<div class=\"bbcode_description\">Code:</div>\r\n\t<pre class=\"bbcode_code\" style=\"height:39.999px;\">&#8592;)&#8594;</pre>\r\n</div> without the gap).</div>\r\n\t\r\n</div> Yeah, Evan and I spoke about this, we're meeting tomorrow to figure out all this stuff. We definitely want blender-style widgets for moving/rotating/scaling things.","sanitized_content":"Yeah, Evan and I spoke about this, we're meeting tomorrow to figure out all this stuff. We definitely want blender-style widgets for moving/rotating/scaling things.","ratings":{"winner":1}}