{"thread":1398111,"page":11,"author":{"name":"geel9","info":{"browser":"Unknown"},"type":"gold"},"date":1402286400,"number":"429","id":"45039084","content":"<div class=\"quote\">\r\n\t\r\n\t\t<div class=\"information\">\r\n\t\t\t\r\n\t\t\t\t<a href=\"showthread.php?p=45039048#post45039048\" rel=\"nofollow\">Quark: posted:</a>\r\n\t\t\t\r\n\t\t</div>\r\n\t\r\n\t<div class=\"message\">Holy shit that's amazing.  It makes Hammer Editor look like a mentally disabled elephant with four broken legs and a plugged trunk.</div>\r\n\t\r\n</div> Not really sure if this is sarcastic or not, but I'll assume it isn't.<br>\r\n<br>\r\nMost of the credit goes to Evan; his Component Based Entity design is really great. The editor just lets you edit the individual components inside an entity and the components expose properties to modify.<br>\r\n<br>\r\nThe new editor UI is made possible by the <span class=\"highlight\">awesome power of GeeUI�</span>.","sanitized_content":"Not really sure if this is sarcastic or not, but I'll assume it isn't.\r\n\r\nMost of the credit goes to Evan; his Component Based Entity design is really great. The editor just lets you edit the individual components inside an entity and the components expose properties to modify.\r\n\r\nThe new editor UI is made possible by the awesome power of GeeUI�.","ratings":{"funny":6,"useful":1}}