{"thread":1398111,"page":11,"author":{"name":"Winded","info":{"os":"Windows 7","browser":"Chrome","country":"Finland"},"type":"blue"},"date":1402200000,"number":"401","id":"45034185","content":"<div class=\"quote\">\r\n\t\r\n\t\t<div class=\"information\">\r\n\t\t\t\r\n\t\t\t\t<a href=\"showthread.php?p=45033786#post45033786\" rel=\"nofollow\">mastersrp posted:</a>\r\n\t\t\t\r\n\t\t</div>\r\n\t\r\n\t<div class=\"message\">Any chance you could zip that up instead?</div>\r\n\t\r\n</div> <a href=\"http://winded.hopto.org/cubic2048/cubic2048-linux.zip\" target=\"_blank\">Here</a><br>\r\n<br>\r\nWhat a pageking..","sanitized_content":"Here\r\n\r\nWhat a pageking..","ratings":{"winner":1,"funny":1}}