{"thread":1398111,"page":11,"author":{"name":"Rayboy1995","info":{"os":"Windows XP","browser":"Chrome","country":"United States"},"type":"blue"},"date":1402200000,"number":"408","id":"45035318","content":"<div class=\"quote\">\r\n\t\r\n\t\t<div class=\"information\">\r\n\t\t\t\r\n\t\t\t\t<a href=\"showthread.php?p=45035236#post45035236\" rel=\"nofollow\">Perl posted:</a>\r\n\t\t\t\r\n\t\t</div>\r\n\t\r\n\t<div class=\"message\">The art doesn't match at all. What's with the random bright coloured borders?</div>\r\n\t\r\n</div>  Oh those yellow and green borders are your weapon reload and health. They are just for debugging.","sanitized_content":"Oh those yellow and green borders are your weapon reload and health. They are just for debugging.","ratings":{"informative":2}}