{"thread":1398111,"page":11,"author":{"name":"MattJeanes","info":{"browser":"Unknown"},"type":"gold"},"date":1402200000,"number":"414","id":"45036392","content":"<div class=\"quote\">\r\n\t\r\n\t\t<div class=\"information\">\r\n\t\t\t\r\n\t\t\t\t<a href=\"showthread.php?p=45036145#post45036145\" rel=\"nofollow\">WeltEnSTurm posted:</a>\r\n\t\t\t\r\n\t\t</div>\r\n\t\r\n\t<div class=\"message\">What are you guys using for WebM recording?</div>\r\n\t\r\n</div> I can't give you the name of a recorder but when it comes to hosting them: <a href=\"http://flm.me.uk/\" target=\"_blank\">http://flm.me.uk/</a>","sanitized_content":"I can't give you the name of a recorder but when it comes to hosting them: http://flm.me.uk/","ratings":{"friendly":1,"agree":1}}