{"thread":1398111,"page":11,"author":{"name":"JohnnyOnFlame","info":{"browser":"Unknown"},"type":"blue"},"date":1402200000,"number":"404","id":"45034674","content":"<div class=\"quote\">\r\n\t\r\n\t\t<div class=\"information\">\r\n\t\t\t\r\n\t\t\t\t<a href=\"showthread.php?p=45029459#post45029459\" rel=\"nofollow\">Bladezor posted:</a>\r\n\t\t\t\r\n\t\t</div>\r\n\t\r\n\t<div class=\"message\">What do you mean by screen columns? I haven't implemented textures yet but I'm probably going to implement something like this:<br>\r\n<br>\r\nWhen a ray hits the surface, get the surface coordinates, convert them to texture coordinates to get the texel. Obviously there's different texture filtering options if you hit non-integer texels, I'm probably just going to floor them for now. I'm doing all my calculations on the CPU so I'll be keeping the textures in memory.</div>\r\n\t\r\n</div> But that's VERY cache unfriendly, since rays hitting the floor will have near-to-random access patterns.","sanitized_content":"But that's VERY cache unfriendly, since rays hitting the floor will have near-to-random access patterns.","ratings":{}}