{"thread":1398111,"page":11,"author":{"name":"Contron","info":{"os":"Windows 8","browser":"Firefox","country":"Jersey"},"type":"gold"},"date":1402200000,"number":"412","id":"45036206","content":"Spent the majority of my day today working on a model viewer for Wavefront object files.<br>\n<br>\n<img src=\"http://i.imgur.com/9X5O6r0.png\" border=\"0\" alt=\"\"><br>\n<br>\nNow all that's left to do, really, is add texture support for different sections of the mesh. It already seems to cope well with large files (a 15 MB object only took 0.3 seconds to load).","sanitized_content":"Spent the majority of my day today working on a model viewer for Wavefront object files.\n\n\n\nNow all that's left to do, really, is add texture support for different sections of the mesh. It already seems to cope well with large files (a 15 MB object only took 0.3 seconds to load).","ratings":{"winner":2,"zing":1}}