{"thread":1398111,"page":11,"author":{"name":"HeatPipe","info":{"os":"Windows 8","browser":"Chrome","country":"Slovenia"},"type":"blue"},"date":1402200000,"number":"409","id":"45035996","content":"<div class=\"quote\">\r\n\t\r\n\t\t<div class=\"information\">\r\n\t\t\t\r\n\t\t\t\t<a href=\"showthread.php?p=45033324#post45033324\" rel=\"nofollow\">Winded posted:</a>\r\n\t\t\t\r\n\t\t</div>\r\n\t\r\n\t<div class=\"message\">Making this thingy for a coursework. Still very wip.<br>\r\n<br>\r\n<a href=\"http://winded.hopto.org/cubic2048/cubic2048-linux.zip\" target=\"_blank\">Standalone build for linux people.</a></div>\r\n\t\r\n</div> How to play this?","sanitized_content":"How to play this?","ratings":{}}