{"thread":1398111,"page":11,"author":{"name":"Quark:","info":{"browser":"Unknown"},"type":"blue"},"date":1402286400,"number":"428","id":"45039048","content":"<div class=\"quote\">\r\n\t\r\n\t\t<div class=\"information\">\r\n\t\t\t\r\n\t\t\t\t<a href=\"showthread.php?p=45038559#post45038559\" rel=\"nofollow\">geel9 posted:</a>\r\n\t\t\t\r\n\t\t</div>\r\n\t\r\n\t<div class=\"message\"><video style=\"margin: 16px; min-width: 20px; min-height: 20px; border: 1px solid #fff; box-shadow: 0 0 4px rgba( 0, 0, 0, 0.4 );\" src=\"http://feen.us/i/76/539501813636e.webm\" controls=\"controls\">Your browser doesn't support HTML 5 videos!</video><br>\r\n<br>\r\nDid a bunch more work on the new level editor.</div>\r\n\t\r\n</div> Holy shit that's amazing.  It makes Hammer Editor look like a mentally disabled elephant with four broken legs and a plugged trunk.","sanitized_content":"Holy shit that's amazing.  It makes Hammer Editor look like a mentally disabled elephant with four broken legs and a plugged trunk.","ratings":{"funny":4}}