{"thread":1398111,"page":11,"author":{"name":"Lumaio","info":{"browser":"Unknown"},"type":"blue"},"date":1402286400,"number":"427","id":"45039021","content":"I've been thinking, does a simple tile based rpg really need to be OpenGL accelerated? I may just not use an OpenGL engine at all and make it in pure java, Thoughts?","sanitized_content":"I've been thinking, does a simple tile based rpg really need to be OpenGL accelerated? I may just not use an OpenGL engine at all and make it in pure java, Thoughts?","ratings":{}}