{"thread":1398111,"page":11,"author":{"name":"Tamschi","info":{"os":"Windows 7","browser":"Firefox","country":"Germany"},"type":"blue"},"date":1402286400,"number":"438","id":"45039356","content":"<div class=\"quote\">\r\n\t\r\n\t\t<div class=\"information\">\r\n\t\t\t\r\n\t\t\t\t<a href=\"showthread.php?p=45039330#post45039330\" rel=\"nofollow\">geel9 posted:</a>\r\n\t\t\t\r\n\t\t</div>\r\n\t\r\n\t<div class=\"message\">although that version is horribly out of date</div>\r\n\t\r\n</div> Do you plan to release the improvements you made for the game?<br>\r\n<br>\r\n(And to add a license so people can actually use it?)","sanitized_content":"Do you plan to release the improvements you made for the game?\r\n\r\n(And to add a license so people can actually use it?)","ratings":{}}