{"thread":1398111,"page":11,"author":{"name":"Bladezor","info":{"browser":"Unknown"},"type":"gold"},"date":1402286400,"number":"426","id":"45038747","content":"Finally fixed the reflections...<br>\r\n<br>\r\nHere's an image at an unnecessary 64 rays per pixel: <br>\r\n<img src=\"http://i.imgur.com/v8mlv4y.png\" border=\"0\" alt=\"\"><br>\r\n<br>\r\nI'll let the diff explain my... oversight<br>\r\n<br>\r\n<img src=\"http://i.imgur.com/GkAbCec.png\" border=\"0\" alt=\"\"><br>\r\n<br>\r\nHere's how I'm doing the &quot;sky&quot;. Not really sure if this is the best way, but it seems to work reasonably well.<br>\r\n<br>\r\n<div class=\"bbcode_container\">\r\n\t<div class=\"bbcode_description\">Code:</div>\r\n\t<pre class=\"bbcode_code\" style=\"height:79.998px;\">var sunsetColor = new Color(250, 214, 165);\r\nvar lerpR = (int)MathHelper.Lerp((float)sunsetColor.R, (float)Color.SkyBlue.R, ray.Direction.Y);\r\nvar lerpG = (int)MathHelper.Lerp((float)sunsetColor.G, (float)Color.SkyBlue.G, ray.Direction.Y);\r\nvar lerpB = (int)MathHelper.Lerp((float)sunsetColor.B, (float)Color.SkyBlue.B, ray.Direction.Y);</pre>\r\n</div>","sanitized_content":"Finally fixed the reflections...\r\n\r\nHere's an image at an unnecessary 64 rays per pixel: \r\n\r\n\r\nI'll let the diff explain my... oversight\r\n\r\n\r\n\r\nHere's how I'm doing the \"sky\". Not really sure if this is the best way, but it seems to work reasonably well.\r\n\r\n\r\n\tCode:\r\n\tvar sunsetColor = new Color(250, 214, 165);\r\nvar lerpR = (int)MathHelper.Lerp((float)sunsetColor.R, (float)Color.SkyBlue.R, ray.Direction.Y);\r\nvar lerpG = (int)MathHelper.Lerp((float)sunsetColor.G, (float)Color.SkyBlue.G, ray.Direction.Y);\r\nvar lerpB = (int)MathHelper.Lerp((float)sunsetColor.B, (float)Color.SkyBlue.B, ray.Direction.Y);","ratings":{"artistic":3,"programming_king":2}}