{"thread":1398111,"page":11,"author":{"name":"Bladezor","info":{"browser":"Unknown"},"type":"gold"},"date":1402286400,"number":"440","id":"45039501","content":"I noticed my lights weren't abiding by the inverse square law, no matter how far the lights were the spheres and plane would still get illuminated.<br>\r\n<br>\r\nMade a quick fix and it now seems correct. <br>\r\n<br>\r\n<img src=\"http://i.imgur.com/VISlhfR.png\" border=\"0\" alt=\"\"><br>\r\n<br>\r\nThere's now some visible banding artifacts on the plane. Haven't identified the issue but I suspect it could be because of floating point issues.<br>\r\n<br>\r\nI stumbled upon <a href=\"http://www.atarimagazines.com/startv1n4/raytrace.html\" target=\"_blank\">this gem</a> when doing research.","sanitized_content":"I noticed my lights weren't abiding by the inverse square law, no matter how far the lights were the spheres and plane would still get illuminated.\r\n\r\nMade a quick fix and it now seems correct. \r\n\r\n\r\n\r\nThere's now some visible banding artifacts on the plane. Haven't identified the issue but I suspect it could be because of floating point issues.\r\n\r\nI stumbled upon this gem when doing research.","ratings":{"programming_king":2}}