{"thread":1398111,"page":11,"author":{"name":"Parakon","info":{"os":"Windows 7","browser":"Chrome","country":"Canada"},"type":"gold"},"date":1402286400,"number":"435","id":"45039303","content":"My brother and I started a garden recently and are talking of chickens now, made me want to start up a past project of mine about farming of course!<br>\r\n<br>\r\nIt became painfully obvious I got bored of the project when the first thing I accidentally made the character do is shit in the grass. Think i'll go ahead and just modify the project i'm working on now, what a literal and figurative mess that pile of code is.","sanitized_content":"My brother and I started a garden recently and are talking of chickens now, made me want to start up a past project of mine about farming of course!\r\n\r\nIt became painfully obvious I got bored of the project when the first thing I accidentally made the character do is shit in the grass. Think i'll go ahead and just modify the project i'm working on now, what a literal and figurative mess that pile of code is.","ratings":{"funny":1,"winner":1}}