{"thread":1398111,"page":11,"author":{"name":"Perl","info":{"os":"Windows 7","browser":"Chrome","country":"Estonia"},"type":"gold"},"date":1402200000,"number":"407","id":"45035236","content":"<div class=\"quote\">\r\n\t\r\n\t\t<div class=\"information\">\r\n\t\t\t\r\n\t\t\t\t<a href=\"showthread.php?p=45035127#post45035127\" rel=\"nofollow\">Rayboy1995 posted:</a>\r\n\t\t\t\r\n\t\t</div>\r\n\t\r\n\t<div class=\"message\">Working on an Android game called Storm the Beach with my friend and artist salmonmarine.<br>\r\n<br>\r\nPretty simple idea, defend the beach from invaders. Invaders come in waves etc. I'm not sure if I'm going to make a shop for new weapons or have power ups get para-dropped from above.<br>\r\nI also plan to have bosses on certain waves. Like maybe a giant tank for one.<br>\r\n<img src=\"http://i58.tinypic.com/2lifp5h.jpg\" border=\"0\" alt=\"\"><br>\r\nThis is our first android Android game by the way.<br>\r\nHow does this look so far? Does this sound like something you guys would play?</div>\r\n\t\r\n</div> The art doesn't match at all. What's with the random bright coloured borders?","sanitized_content":"The art doesn't match at all. What's with the random bright coloured borders?","ratings":{"agree":3}}