{"thread":1398111,"page":11,"author":{"name":"HiredK","info":{"os":"Windows 7","browser":"Chrome","country":"Canada"},"type":"gold"},"date":1402286400,"number":"433","id":"45039254","content":"I'm currently implementing SSDO in Unity, it still needs a lot of optimization <img src=\"/fp/emoot/v.gif\" border=\"0\" alt=\"\" title=\"V\" class=\"inlineimg\"><br>\r\n<br>\r\n<img src=\"http://i57.tinypic.com/2088gzp.png\" border=\"0\" alt=\"\">","sanitized_content":"I'm currently implementing SSDO in Unity, it still needs a lot of optimization","ratings":{"winner":10}}