{"thread":1398111,"page":11,"author":{"name":"geel9","info":{"browser":"Unknown"},"type":"gold"},"date":1402286400,"number":"437","id":"45039330","content":"<div class=\"quote\">\r\n\t\r\n\t\t<div class=\"information\">\r\n\t\t\t\r\n\t\t\t\t<a href=\"showthread.php?p=45039323#post45039323\" rel=\"nofollow\">supersnail11 posted:</a>\r\n\t\t\t\r\n\t\t</div>\r\n\t\r\n\t<div class=\"message\"><a href=\"https://github.com/geel9/GeeUI\" target=\"_blank\">https://github.com/geel9/GeeUI</a></div>\r\n\t\r\n</div> although that version is horribly out of date","sanitized_content":"although that version is horribly out of date","ratings":{}}