{"thread":1398111,"page":11,"author":{"name":"Rayboy1995","info":{"os":"Windows XP","browser":"Chrome","country":"United States"},"type":"blue"},"date":1402200000,"number":"406","id":"45035127","content":"Working on an Android game called Storm the Beach with my friend and artist salmonmarine.<br>\r\n<br>\r\nPretty simple idea, defend the beach from invaders. Invaders come in waves etc. I'm not sure if I'm going to make a shop for new weapons or have power ups get para-dropped from above.<br>\r\nI also plan to have bosses on certain waves. Like maybe a giant tank for one.<br>\r\n<img src=\"http://i58.tinypic.com/2lifp5h.jpg\" border=\"0\" alt=\"\"><br>\r\nThis is our first android Android game by the way.<br>\r\nHow does this look so far? Does this sound like something you guys would play?","sanitized_content":"Working on an Android game called Storm the Beach with my friend and artist salmonmarine.\r\n\r\nPretty simple idea, defend the beach from invaders. Invaders come in waves etc. I'm not sure if I'm going to make a shop for new weapons or have power ups get para-dropped from above.\r\nI also plan to have bosses on certain waves. Like maybe a giant tank for one.\r\n\r\nThis is our first android Android game by the way.\r\nHow does this look so far? Does this sound like something you guys would play?","ratings":{"artistic":5,"winner":1}}