{"thread":1398111,"page":11,"author":{"name":"Winded","info":{"os":"Linux","browser":"Firefox","country":"Finland"},"type":"blue"},"date":1402200000,"number":"410","id":"45036021","content":"<div class=\"quote\">\r\n\t\r\n\t\t<div class=\"information\">\r\n\t\t\t\r\n\t\t\t\t<a href=\"showthread.php?p=45035996#post45035996\" rel=\"nofollow\">HeatPipe posted:</a>\r\n\t\t\t\r\n\t\t</div>\r\n\t\r\n\t<div class=\"message\">How to play this?</div>\r\n\t\r\n</div> Right click to pick up objects, left click to throw.","sanitized_content":"Right click to pick up objects, left click to throw.","ratings":{}}