{"thread":1398111,"page":11,"author":{"name":"itsthejayden","info":{"os":"Windows 7","browser":"Chrome","country":"Canada"},"type":"blue"},"date":1402200000,"number":"420","id":"45037645","content":"Who was the one making that android game where you dragged the ball through a maze in under like 15 seconds or so. Really want to play that again.<br>\n<br>\n<font size=\"1\" color=\"#444444\"><b>Edited:</b></font><br>\n<br>\nnvm its called metamaze","sanitized_content":"Who was the one making that android game where you dragged the ball through a maze in under like 15 seconds or so. Really want to play that again.\n\nEdited:\n\nnvm its called metamaze","ratings":{}}