{"thread":1398111,"page":11,"author":{"name":"chaz13","info":{"os":"Windows 7","browser":"Chrome","country":"United Kingdom"},"type":"gold"},"date":1402200000,"number":"418","id":"45037280","content":"Fiiinally got refractions actually working properly, with a simplified version of the Fresnel equations too.<br>\r\n<br>\r\n<img src=\"http://i.imgur.com/4ILwb8T.png\" border=\"0\" alt=\"\"><br>\r\n<br>\r\nAnd procedural texturing for the spheres:<br>\r\n<br>\r\n<img src=\"http://i.imgur.com/p9Fefvu.png\" border=\"0\" alt=\"\">","sanitized_content":"Fiiinally got refractions actually working properly, with a simplified version of the Fresnel equations too.\r\n\r\n\r\n\r\nAnd procedural texturing for the spheres:","ratings":{"programming_king":7,"winner":1,"artistic":1}}