{"thread":1398111,"page":11,"author":{"name":"Contron","info":{"os":"Windows 8","browser":"Firefox","country":"Jersey"},"type":"gold"},"date":1402200000,"number":"419","id":"45037359","content":"<div class=\"quote\">\r\n\t\r\n\t\t<div class=\"information\">\r\n\t\t\t\r\n\t\t\t\t<a href=\"showthread.php?p=45036219#post45036219\" rel=\"nofollow\">BackwardSpy posted:</a>\r\n\t\t\t\r\n\t\t</div>\r\n\t\r\n\t<div class=\"message\">What are you using for the GUI? It looks very nice.</div>\r\n\t\r\n</div> It's JavaFX.","sanitized_content":"It's JavaFX.","ratings":{}}