{"thread":1398111,"page":11,"author":{"name":"Jookia","info":{"os":"Linux","browser":"Firefox","country":"Australia"},"type":"gold"},"date":1402200000,"number":"417","id":"45036884","content":"<div class=\"quote\">\r\n\t\r\n\t\t<div class=\"information\">\r\n\t\t\t\r\n\t\t\t\t<a href=\"showthread.php?p=45034288#post45034288\" rel=\"nofollow\">adnzzzzZ posted:</a>\r\n\t\t\t\r\n\t\t</div>\r\n\t\r\n\t<div class=\"message\">How would you fix it? Right was an edit someone other than my artist made. Could you do something similar to point to a better direction? If it's not too much to ask...</div>\r\n\t\r\n</div> I dunno man, I'm not an artist, I just see the same kind of problems when it comes to greens in my photos. The colours get too strong but desaturating the greens makes things look off. One day I'll be able to get grass to look like grass.","sanitized_content":"I dunno man, I'm not an artist, I just see the same kind of problems when it comes to greens in my photos. The colours get too strong but desaturating the greens makes things look off. One day I'll be able to get grass to look like grass.","ratings":{"funny":4}}