{"thread":1398111,"page":11,"author":{"name":"Bladezor","info":{"browser":"Unknown"},"type":"gold"},"date":1402200000,"number":"424","id":"45038225","content":"<div class=\"quote\">\r\n\t\r\n\t\t<div class=\"information\">\r\n\t\t\t\r\n\t\t\t\t<a href=\"showthread.php?p=45038058#post45038058\" rel=\"nofollow\">chaz13 posted:</a>\r\n\t\t\t\r\n\t\t</div>\r\n\t\r\n\t<div class=\"message\">It's best to solve it mathematically for a parametrized value, the position of both intersections is returned from solution of the characteristic equation. <img src=\"/fp/emoot/smile.gif\" border=\"0\" alt=\"\" title=\"Smile\" class=\"inlineimg\"><br>\r\n<br>\r\nMy code:<br>\r\n<br>\r\n<div class=\"bbcode_container\">\r\n\t<div class=\"bbcode_description\">Code:</div>\r\n\t<pre class=\"bbcode_code\" style=\"height:239.994px;\">        static Vector2f ray_sphere2(Vector3f sphere_to_raystart, Vector3f ray, int radius)\r\n        {\r\n            Vector2f dist = new Vector2f(-1, -1);\r\n\r\n            double det, b;\r\n            b = -dot(sphere_to_raystart, ray);\r\n            det = b * b - dot(sphere_to_raystart, sphere_to_raystart) + (double)(radius * radius);\r\n            if (det &gt;= 0)\r\n            {\r\n                det = Math.Sqrt(det);\r\n                dist.X = (float)(b - det);  //entrance\r\n                dist.Y = (float)(b + det);  //exit\r\n            }\r\n\r\n            return dist;\r\n        }</pre>\r\n</div></div>\r\n\t\r\n</div> Nice here's my current implementation after some re-writing<br>\r\n<div class=\"bbcode_container\">\r\n\t<div class=\"bbcode_description\">Code:</div>\r\n\t<pre class=\"bbcode_code\" style=\"height:453.322px;\">        public Intersection Intersects(Ray ray)\r\n        {\r\n            var a = ray.Direction.LengthSquared();\r\n            var b = 2.0 * (Vector3.Dot(ray.Direction, ray.Position - Center));\r\n            var c = (ray.Position - Center).LengthSquared() - (Radius * Radius);\r\n\r\n            var disc = b * b - 4.0f * a * c;\r\n\r\n            if(disc &lt; 0)\r\n            {\r\n                return new Intersection() { Distance = null, Primitive = this }; \r\n            }\r\n\r\n            var sqrt = Math.Sqrt(disc);\r\n            var t0 = (-b + sqrt) / (2.0 * a);\r\n\r\n            if(disc == 0)\r\n            {\r\n                return new Intersection() { Distance = (float)t0, Primitive = this };\r\n            }\r\n\r\n            var t1 = (-b - sqrt) / (2.0 * a);\r\n\r\n            if (t0 &gt; t1)\r\n            {\r\n                double temp = t0;\r\n                t0 = t1;\r\n                t1 = temp;\r\n            }\r\n\r\n            return new Intersection() { Distance = (float)t0, Primitive = this }; \r\n        }</pre>\r\n</div>I used the <a href=\"http://en.wikipedia.org/wiki/Line%E2%80%93sphere_intersection\" target=\"_blank\">Line-sphere intersection</a> article on Wikipedia as a reference.<br>\r\nI need to modify my interface and class so it returns a list of Intersections instead of a single Intersection.","sanitized_content":"Nice here's my current implementation after some re-writing\r\n\r\n\tCode:\r\n\t        public Intersection Intersects(Ray ray)\r\n        {\r\n            var a = ray.Direction.LengthSquared();\r\n            var b = 2.0 * (Vector3.Dot(ray.Direction, ray.Position - Center));\r\n            var c = (ray.Position - Center).LengthSquared() - (Radius * Radius);\r\n\r\n            var disc = b * b - 4.0f * a * c;\r\n\r\n            if(disc < 0)\r\n            {\r\n                return new Intersection() { Distance = null, Primitive = this }; \r\n            }\r\n\r\n            var sqrt = Math.Sqrt(disc);\r\n            var t0 = (-b + sqrt) / (2.0 * a);\r\n\r\n            if(disc == 0)\r\n            {\r\n                return new Intersection() { Distance = (float)t0, Primitive = this };\r\n            }\r\n\r\n            var t1 = (-b - sqrt) / (2.0 * a);\r\n\r\n            if (t0 > t1)\r\n            {\r\n                double temp = t0;\r\n                t0 = t1;\r\n                t1 = temp;\r\n            }\r\n\r\n            return new Intersection() { Distance = (float)t0, Primitive = this }; \r\n        }\r\nI used the Line-sphere intersection article on Wikipedia as a reference.\r\nI need to modify my interface and class so it returns a list of Intersections instead of a single Intersection.","ratings":{}}