{"thread":1398111,"page":11,"author":{"name":"chaz13","info":{"os":"Windows 7","browser":"Chrome","country":"United Kingdom"},"type":"gold"},"date":1402200000,"number":"423","id":"45038058","content":"<div class=\"quote\">\r\n\t\r\n\t\t<div class=\"information\">\r\n\t\t\t\r\n\t\t\t\t<a href=\"showthread.php?p=45037888#post45037888\" rel=\"nofollow\">Bladezor posted:</a>\r\n\t\t\t\r\n\t\t</div>\r\n\t\r\n\t<div class=\"message\">I've decided to re-write the way I'm currently doing Ray-Sphere intersection detection. I was piggy-backing off of XNA's <a href=\"http://msdn.microsoft.com/en-us/library/microsoft.xna.framework.boundingsphere.aspx\" target=\"_blank\">BoundingSphere</a> structure. <br>\r\n<br>\r\nHowever, it only gives you the distance to the initial intersection point on the sphere and not the exit point, which might come in handy later.<br>\r\n<br>\r\nI'll be uploading my source to GitHub at some point.</div>\r\n\t\r\n</div> It's best to solve it mathematically for a parametrized value, the position of both intersections is returned from solution of the characteristic equation. <img src=\"/fp/emoot/smile.gif\" border=\"0\" alt=\"\" title=\"Smile\" class=\"inlineimg\"><br>\r\n<br>\r\nMy code:<br>\r\n<br>\r\n<div class=\"bbcode_container\">\r\n\t<div class=\"bbcode_description\">Code:</div>\r\n\t<pre class=\"bbcode_code\" style=\"height:239.994px;\">        static Vector2f ray_sphere2(Vector3f sphere_to_raystart, Vector3f ray, int radius)\r\n        {\r\n            Vector2f dist = new Vector2f(-1, -1);\r\n\r\n            double det, b;\r\n            b = -dot(sphere_to_raystart, ray);\r\n            det = b * b - dot(sphere_to_raystart, sphere_to_raystart) + (double)(radius * radius);\r\n            if (det &gt;= 0)\r\n            {\r\n                det = Math.Sqrt(det);\r\n                dist.X = (float)(b - det);  //entrance\r\n                dist.Y = (float)(b + det);  //exit\r\n            }\r\n\r\n            return dist;\r\n        }</pre>\r\n</div>","sanitized_content":"It's best to solve it mathematically for a parametrized value, the position of both intersections is returned from solution of the characteristic equation. \r\n\r\nMy code:\r\n\r\n\r\n\tCode:\r\n\t        static Vector2f ray_sphere2(Vector3f sphere_to_raystart, Vector3f ray, int radius)\r\n        {\r\n            Vector2f dist = new Vector2f(-1, -1);\r\n\r\n            double det, b;\r\n            b = -dot(sphere_to_raystart, ray);\r\n            det = b * b - dot(sphere_to_raystart, sphere_to_raystart) + (double)(radius * radius);\r\n            if (det >= 0)\r\n            {\r\n                det = Math.Sqrt(det);\r\n                dist.X = (float)(b - det);  //entrance\r\n                dist.Y = (float)(b + det);  //exit\r\n            }\r\n\r\n            return dist;\r\n        }","ratings":{"friendly":1}}