{"thread":1398111,"page":11,"author":{"name":"Bladezor","info":{"browser":"Unknown"},"type":"gold"},"date":1402200000,"number":"421","id":"45037888","content":"I've decided to re-write the way I'm currently doing Ray-Sphere intersection detection. I was piggy-backing off of XNA's <a href=\"http://msdn.microsoft.com/en-us/library/microsoft.xna.framework.boundingsphere.aspx\" target=\"_blank\">BoundingSphere</a> structure. <br>\r\n<br>\r\nHowever, it only gives you the distance to the initial intersection point on the sphere and not the exit point, which might come in handy later.<br>\r\n<br>\r\nI'll be uploading my source to GitHub at some point.","sanitized_content":"I've decided to re-write the way I'm currently doing Ray-Sphere intersection detection. I was piggy-backing off of XNA's BoundingSphere structure. \r\n\r\nHowever, it only gives you the distance to the initial intersection point on the sphere and not the exit point, which might come in handy later.\r\n\r\nI'll be uploading my source to GitHub at some point.","ratings":{}}