{"thread":1398111,"page":11,"author":{"name":"Tamschi","info":{"os":"Windows 7","browser":"Firefox","country":"Germany"},"type":"blue"},"date":1402286400,"number":"430","id":"45039088","content":"<div class=\"quote\">\r\n\t\r\n\t\t<div class=\"information\">\r\n\t\t\t\r\n\t\t\t\t<a href=\"showthread.php?p=45038559#post45038559\" rel=\"nofollow\">geel9 posted:</a>\r\n\t\t\t\r\n\t\t</div>\r\n\t\r\n\t<div class=\"message\">[video]<br>\r\n<br>\r\nDid a bunch more work on the new level editor.</div>\r\n\t\r\n</div> It would be really cool if you could enable dragging the sphere border to resize (like desktop windows but in any direction, I think it would require some kind of rotated cursor though to make it intuitive/polished... something like (at the right side of the sphere) <div class=\"bbcode_container\">\r\n\t<div class=\"bbcode_description\">Code:</div>\r\n\t<pre class=\"bbcode_code\" style=\"height:39.999px;\">&#8592;)&#8594;</pre>\r\n</div> without the gap).","sanitized_content":"It would be really cool if you could enable dragging the sphere border to resize (like desktop windows but in any direction, I think it would require some kind of rotated cursor though to make it intuitive/polished... something like (at the right side of the sphere) \r\n\tCode:\r\n\t←)→\r\n without the gap).","ratings":{}}