{"thread":1398111,"page":11,"author":{"name":"Tamschi","info":{"os":"Windows 7","browser":"Firefox","country":"Germany"},"type":"blue"},"date":1402286400,"number":"432","id":"45039138","content":"Since I assume people here don't wander over to the other side of the forum too often: <a href=\"http://facepunch.com/showthread.php?t=1399508\" target=\"_blank\">Pay what you want for over 5,500+ game assets</a><br>\r\n<br>\r\nI have no use for them right now, but I will probably in the future since there are some nice interface icons.<br>\n<br>\n<font size=\"1\" color=\"#444444\"><b>Edited:</b></font><br>\n<br>\nActually, it's perfect for my UI library.<br>\n<br>\n<font size=\"1\" color=\"#444444\"><b>Edited:</b></font><br>\n<br>\nOnce I get to redo the rendering <img src=\"/fp/emoot/suicide.gif\" border=\"0\" alt=\"\" title=\"Suicide\" class=\"inlineimg\">","sanitized_content":"Since I assume people here don't wander over to the other side of the forum too often: Pay what you want for over 5,500+ game assets\r\n\r\nI have no use for them right now, but I will probably in the future since there are some nice interface icons.\n\nEdited:\n\nActually, it's perfect for my UI library.\n\nEdited:\n\nOnce I get to redo the rendering","ratings":{"winner":2,"friendly":1}}