{"thread":1398111,"page":11,"author":{"name":"Darwin226","info":{"browser":"Unknown"},"type":"gold"},"date":1402200000,"number":"416","id":"45036870","content":"<div class=\"quote\">\r\n\t\r\n\t\t<div class=\"information\">\r\n\t\t\t\r\n\t\t\t\t<a href=\"showthread.php?p=45034674#post45034674\" rel=\"nofollow\">JohnnyOnFlame posted:</a>\r\n\t\t\t\r\n\t\t</div>\r\n\t\r\n\t<div class=\"message\">But that's VERY cache unfriendly, since rays hitting the floor will have near-to-random access patterns.</div>\r\n\t\r\n</div> Could you store the hit coords as you calculate them, sort them and then resolve them in the correct order?","sanitized_content":"Could you store the hit coords as you calculate them, sort them and then resolve them in the correct order?","ratings":{"funny":1}}