{"thread":1398111,"page":11,"author":{"name":"geel9","info":{"browser":"Unknown"},"type":"gold"},"date":1402286400,"number":"439","id":"45039390","content":"<div class=\"quote\">\r\n\t\r\n\t\t<div class=\"information\">\r\n\t\t\t\r\n\t\t\t\t<a href=\"showthread.php?p=45039356#post45039356\" rel=\"nofollow\">Tamschi posted:</a>\r\n\t\t\t\r\n\t\t</div>\r\n\t\r\n\t<div class=\"message\">Do you plan to release the improvements you made for the game?<br>\r\n<br>\r\n(And to add a license so people can actually use it?)</div>\r\n\t\r\n</div> Sure, once Lemma's done, I'll rip it out of the engine again :v","sanitized_content":"Sure, once Lemma's done, I'll rip it out of the engine again :v","ratings":{"friendly":1}}