{"thread":1398111,"page":11,"author":{"name":"supersnail11","info":{"os":"Windows 8","browser":"Chrome","country":"United States"},"type":"gold"},"date":1402286400,"number":"436","id":"45039323","content":"<div class=\"quote\">\r\n\t\r\n\t\t<div class=\"information\">\r\n\t\t\t\r\n\t\t\t\t<a href=\"showthread.php?p=45039278#post45039278\" rel=\"nofollow\">Ott posted:</a>\r\n\t\t\t\r\n\t\t</div>\r\n\t\r\n\t<div class=\"message\">Why are you product placing when there's no product to place? <img src=\"/fp/emoot/v.gif\" border=\"0\" alt=\"\" title=\"V\" class=\"inlineimg\"></div>\r\n\t\r\n</div> <a href=\"https://github.com/geel9/GeeUI\" target=\"_blank\">https://github.com/geel9/GeeUI</a>","sanitized_content":"https://github.com/geel9/GeeUI","ratings":{"zing":1,"funny":1}}