{"thread":1398111,"page":11,"author":{"name":"BackwardSpy","info":{"browser":"Unknown"},"type":"gold"},"date":1402200000,"number":"413","id":"45036219","content":"<div class=\"quote\">\r\n\t\r\n\t\t<div class=\"information\">\r\n\t\t\t\r\n\t\t\t\t<a href=\"showthread.php?p=45036206#post45036206\" rel=\"nofollow\">Contron posted:</a>\r\n\t\t\t\r\n\t\t</div>\r\n\t\r\n\t<div class=\"message\">Spent the majority of my day today working on a model viewer for Wavefront object files.<br>\r\n<br>\r\n<img src=\"http://i.imgur.com/9X5O6r0.png\" border=\"0\" alt=\"\"><br>\r\n<br>\r\nNow all that's left to do, really, is add texture support for different sections of the mesh. It already seems to cope well with large files (a 15 MB object only took 0.3 seconds to load).</div>\r\n\t\r\n</div> What are you using for the GUI? It looks very nice.","sanitized_content":"What are you using for the GUI? It looks very nice.","ratings":{"agree":5}}