{"thread":1398111,"page":20,"author":{"name":"Tamschi","info":{"os":"Linux","browser":"Firefox","country":"Germany"},"type":"blue"},"date":1403318837,"number":"795","id":"45100860","content":"<div class=\"quote\">\r\n\t\r\n\t\t<div class=\"information\">\r\n\t\t\t\r\n\t\t\t\t<a href=\"showthread.php?p=45096772#post45096772\" rel=\"nofollow\">Berkin posted:</a>\r\n\t\t\t\r\n\t\t</div>\r\n\t\r\n\t<div class=\"message\">It is indeed 3D. We're trying to get a rendering pipeline nailed down right now, and I'm working on some scripting stuff (namely Manhood integration). It's all still in the early stages, so nothing is set in stone quite yet.<br>\r\n<br>\r\nWe are in need of a framework for working with models, specifically the IQM format, and loading the data into the proper buffers. If that's something you would be interested in working on, I'd be happy to let you help. I'll talk to Tamschi when he's online and figure out exactly what we need done.</div>\r\n\t\r\n</div> I think this much is fine if I just post it here: Mostly scene management and actually rendering stuff in a high-level way. I have a reasonably good (incomplete) wrapper for the low-level OpenTK stuff that prevents memory leaks etc. but I don't have any experience with actual convenient rendering. (As an aside: I'd be interested in such a library outside of this project too, if it works well together with my existing stuff.)<br>\n<br>\n<font size=\"1\" color=\"#444444\"><b>Edited:</b></font><br>\n<br>\n<div class=\"quote\">\r\n\t\r\n\t\t<div class=\"information\">\r\n\t\t\t\r\n\t\t\t\t<a href=\"showthread.php?p=45097635#post45097635\" rel=\"nofollow\">Bladezor posted:</a>\r\n\t\t\t\r\n\t\t</div>\r\n\t\r\n\t<div class=\"message\">Speaking of model formats I wrote a Collada converter that would convert Collada models into our engines format. Are y'all interested in something like that too?</div>\r\n\t\r\n</div> <i>I</i> definitely could use an importer that takes all the different interpretations allowed by the spec and outputs more strict data.<br>\r\n<br>\r\nThis is something I need for a personal project though, it doesn't have any relation the project Berkin started afaik.","sanitized_content":"I think this much is fine if I just post it here: Mostly scene management and actually rendering stuff in a high-level way. I have a reasonably good (incomplete) wrapper for the low-level OpenTK stuff that prevents memory leaks etc. but I don't have any experience with actual convenient rendering. (As an aside: I'd be interested in such a library outside of this project too, if it works well together with my existing stuff.)\n\nEdited:\n\n I definitely could use an importer that takes all the different interpretations allowed by the spec and outputs more strict data.\r\n\r\nThis is something I need for a personal project though, it doesn't have any relation the project Berkin started afaik.","ratings":{}}