{"thread":1398111,"page":20,"author":{"name":"Tamschi","info":{"os":"Linux","browser":"Firefox","country":"Germany"},"type":"blue"},"date":1403318837,"number":"793","id":"45100850","content":"<div class=\"quote\">\r\n\t\r\n\t\t<div class=\"information\">\r\n\t\t\t\r\n\t\t\t\t<a href=\"showthread.php?p=45096078#post45096078\" rel=\"nofollow\">Lemmingz95 posted:</a>\r\n\t\t\t\r\n\t\t</div>\r\n\t\r\n\t<div class=\"message\">[...] tamischi [...]</div>\r\n\t\r\n</div> I still don't understand why my user name is so difficult to get right <img src=\"/fp/emoot/v.gif\" border=\"0\" alt=\"\" title=\"V\" class=\"inlineimg\">","sanitized_content":"I still don't understand why my user name is so difficult to get right","ratings":{"funny":9}}