{"thread":1398111,"page":20,"author":{"name":"Bladezor","info":{"browser":"Unknown"},"type":"gold"},"date":1403318837,"number":"773","id":"45099151","content":"What.<br>\r\n<br>\r\nI have zero context of geel9 and synthiac's relationship.<br>\r\n<br>\r\nI think everyone needs to stop worrying (I'm guilty) about <i>ideal</i> implementations, if it works, it works. Geel9 is clearly making progress. Not really sure what all the high tension it is between him and a lot of people of this thread, maybe I wasn't around for something.<br>\r\n<br>\r\nThat said, Geel9 chill brah.","sanitized_content":"What.\r\n\r\nI have zero context of geel9 and synthiac's relationship.\r\n\r\nI think everyone needs to stop worrying (I'm guilty) about ideal implementations, if it works, it works. Geel9 is clearly making progress. Not really sure what all the high tension it is between him and a lot of people of this thread, maybe I wasn't around for something.\r\n\r\nThat said, Geel9 chill brah.","ratings":{"agree":18}}