{"thread":1398111,"page":20,"author":{"name":"Berkin","info":{"browser":"Unknown"},"type":"gold"},"date":1402718400,"number":"766","id":"45098680","content":"<div class=\"quote\">\r\n\t\r\n\t\t<div class=\"information\">\r\n\t\t\t\r\n\t\t\t\t<a href=\"showthread.php?p=45098048#post45098048\" rel=\"nofollow\">Bladezor posted:</a>\r\n\t\t\t\r\n\t\t</div>\r\n\t\r\n\t<div class=\"message\">:(<br>\r\n<br>\r\n<b>Edit</b><br>\r\n<br>\r\nOh, I just noticed my Steam Id was a 404, fixed.</div>\r\n\t\r\n</div> I added you, too.","sanitized_content":"I added you, too.","ratings":{"informative":1}}