{"thread":1398111,"page":20,"author":{"name":"ThePuska","info":{"os":"Windows 7","browser":"Firefox","country":"Finland"},"type":"gold"},"date":1403318837,"number":"790","id":"45100453","content":"<div class=\"quote\">\r\n\t\r\n\t\t<div class=\"information\">\r\n\t\t\t\r\n\t\t\t\t<a href=\"showthread.php?p=45097676#post45097676\" rel=\"nofollow\">geel9 posted:</a>\r\n\t\t\t\r\n\t\t</div>\r\n\t\r\n\t<div class=\"message\"><a href=\"http://geel.io/post/88710536090/efficient-bitpacking-in-lemma\" target=\"_blank\">http://geel.io/post/88710536090/effi...cking-in-lemma</a></div>\r\n\t\r\n</div> Another approach you might want to consider is using variable-length encoding for the integers. For example, reserve the MSB of each byte for determining whether the integer is still continuing. This is not as effective as a &quot;perfect&quot; encoding, but it works extremely well if you mostly have low values, and it can still accomodate values of any size.","sanitized_content":"Another approach you might want to consider is using variable-length encoding for the integers. For example, reserve the MSB of each byte for determining whether the integer is still continuing. This is not as effective as a \"perfect\" encoding, but it works extremely well if you mostly have low values, and it can still accomodate values of any size.","ratings":{"agree":1}}