{"thread":1398111,"page":20,"author":{"name":"layla","info":{"os":"Windows 7","browser":"Firefox","country":"United Kingdom"},"type":"gold"},"date":1403318837,"number":"791","id":"45100462","content":"The end user isn't going to care much if your save file size could be half the size, it's a waste of time putting that much effort into it. It's easy for nerds like us to pick apart a file format and improve it but if you actually want to finish a game then don't spend time working on getting file formats as efficient as possible.<br>\r\n<br>\r\nI've been guilty of this myself.","sanitized_content":"The end user isn't going to care much if your save file size could be half the size, it's a waste of time putting that much effort into it. It's easy for nerds like us to pick apart a file format and improve it but if you actually want to finish a game then don't spend time working on getting file formats as efficient as possible.\r\n\r\nI've been guilty of this myself.","ratings":{"agree":20,"disagree":1,"informative":1}}