{"thread":1398111,"page":20,"author":{"name":"Bladezor","info":{"browser":"Unknown"},"type":"gold"},"date":1403318837,"number":"789","id":"45099930","content":"<div class=\"quote\">\r\n\t\r\n\t\t<div class=\"information\">\r\n\t\t\t\r\n\t\t\t\t<a href=\"showthread.php?p=45099785#post45099785\" rel=\"nofollow\">cra0kalo posted:</a>\r\n\t\t\t\r\n\t\t</div>\r\n\t\r\n\t<div class=\"message\">oh god that bloated crap collada I still don't understand why people use it, nevertheless wouldn't hurt supporting it I suppose I'm interested.</div>\r\n\t\r\n</div> People would stop ripping on it if they understood it was an <i>intermediate</i> format. It's not meant to be used as is.","sanitized_content":"People would stop ripping on it if they understood it was an intermediate format. It's not meant to be used as is.","ratings":{"agree":2}}