{"thread":1398111,"page":20,"author":{"name":"synthiac","info":{"os":"Windows 7","browser":"Chrome","country":"United States"},"type":"gold"},"date":1403318837,"number":"769","id":"45099046","content":"<div class=\"quote\">\r\n\t\r\n\t\t<div class=\"information\">\r\n\t\t\t\r\n\t\t\t\t<a href=\"showthread.php?p=45097676#post45097676\" rel=\"nofollow\">geel9 posted:</a>\r\n\t\t\t\r\n\t\t</div>\r\n\t\r\n\t<div class=\"message\"><a href=\"http://geel.io/post/88710536090/efficient-bitpacking-in-lemma\" target=\"_blank\">http://geel.io/post/88710536090/effi...cking-in-lemma</a></div>\r\n\t\r\n</div> <div class=\"quote\">\r\n\t\r\n\t<div class=\"message\">At most, you will only ever waste 31 bits�if the last integer in the returned array only has 1 bit in use.</div>\r\n\t\r\n</div> An &quot;efficient bitpacking&quot; scheme would waste 0 bits at most.<br>\r\n<br>\r\n<div class=\"quote\">\r\n\t\r\n\t\t<div class=\"information\">\r\n\t\t\t\r\n\t\t\t\t<a href=\"showthread.php?p=45097416#post45097416\" rel=\"nofollow\">geel9 posted:</a>\r\n\t\t\t\r\n\t\t</div>\r\n\t\r\n\t<div class=\"message\">We're also going to gzip. Double the savings!</div>\r\n\t\r\n</div> Using a byte-oriented dictionary-based compression algorithm on a bitstream is a bad idea.<br>\r\n<br>\r\nCan you provide some map data either in plain text or its unpacked binary format? I'd like to see what I could squeeze it down to.","sanitized_content":"An \"efficient bitpacking\" scheme would waste 0 bits at most.\r\n\r\n Using a byte-oriented dictionary-based compression algorithm on a bitstream is a bad idea.\r\n\r\nCan you provide some map data either in plain text or its unpacked binary format? I'd like to see what I could squeeze it down to.","ratings":{"winner":2,"funny":1,"informative":1}}