{"thread":1398111,"page":20,"author":{"name":"Funley","info":{"os":"Windows 7","browser":"Chrome","country":"Finland"},"type":"gold"},"date":1403318837,"number":"796","id":"45101565","content":"A* pathfinding!<br>\r\n<br>\r\n<a href=\"https://dl.dropboxusercontent.com/u/43546107/photos/Screenshot%202014-06-14%2015.47.21.png\"><img src=\"https://dl.dropboxusercontent.com/u/43546107/photos/Screenshot%202014-06-14%2015.47.21.png\" border=\"0\" class=\"thumbnail\"></a><br>\r\n<br>\r\nI first thought implementing pathfinding would be difficult but this was so easy to do after I figured out what the algorithm does.","sanitized_content":"A* pathfinding!\r\n\r\n\r\n\r\nI first thought implementing pathfinding would be difficult but this was so easy to do after I figured out what the algorithm does.","ratings":{"winner":7}}