{"thread":1398111,"page":20,"author":{"name":"geel9","info":{"browser":"Unknown"},"type":"gold"},"date":1403318837,"number":"770","id":"45099057","content":"<div class=\"quote\">\r\n\t\r\n\t\t<div class=\"information\">\r\n\t\t\t\r\n\t\t\t\t<a href=\"showthread.php?p=45099046#post45099046\" rel=\"nofollow\">synthiac posted:</a>\r\n\t\t\t\r\n\t\t</div>\r\n\t\r\n\t<div class=\"message\">Can you provide some map data either in plain text or its unpacked binary format? I'd like to see what I could squeeze it down to.</div>\r\n\t\r\n</div> No.<br>\n<br>\n<font size=\"1\" color=\"#444444\"><b>Edited:</b></font><br>\n<br>\nI'm not providing fuel for your shit, synthiac. I wrote that blog post because I enjoy writing shit up. I'm not going to claim that my technique is the best in the world ever, but a 50% decrease in filesize on a format I did not originally create is something I felt was worthwhile. I've dealt with enough of your shit.","sanitized_content":"No.\n\nEdited:\n\nI'm not providing fuel for your shit, synthiac. I wrote that blog post because I enjoy writing shit up. I'm not going to claim that my technique is the best in the world ever, but a 50% decrease in filesize on a format I did not originally create is something I felt was worthwhile. I've dealt with enough of your shit.","ratings":{"dumb":49,"funny":5,"friendly":3,"artistic":1,"agree":1}}