{"thread":1398111,"page":20,"author":{"name":"Bladezor","info":{"browser":"Unknown"},"type":"gold"},"date":1402718400,"number":"762","id":"45098334","content":"<div class=\"quote\">\r\n\t\r\n\t\t<div class=\"information\">\r\n\t\t\t\r\n\t\t\t\t<a href=\"showthread.php?p=45098304#post45098304\" rel=\"nofollow\">sambooo posted:</a>\r\n\t\t\t\r\n\t\t</div>\r\n\t\r\n\t<div class=\"message\">XML for maps isn't a good thing at all if you care about disk usage and I don't know why you'd use it at all really given that it hardly passes at 'human-readable' anyway.</div>\r\n\t\r\n</div> My guess is because it's probably easier to deal with tree-like structured data. It's also easy to serialize -&gt; deserialize XML. It's also typically easier to alter XML than a binary, by modify I mean add and remove attributes, tags, etc to the format. Binary formats are typically less forgiving to change.<br>\r\n<br>\r\nText based formats are great as intermediate formats (Collada), but for long-term they're pretty clunky. I think for dev XML is great but once you get closer to release it's probably best to switch to a binary format.","sanitized_content":"My guess is because it's probably easier to deal with tree-like structured data. It's also easy to serialize -> deserialize XML. It's also typically easier to alter XML than a binary, by modify I mean add and remove attributes, tags, etc to the format. Binary formats are typically less forgiving to change.\r\n\r\nText based formats are great as intermediate formats (Collada), but for long-term they're pretty clunky. I think for dev XML is great but once you get closer to release it's probably best to switch to a binary format.","ratings":{"agree":2}}