{"thread":1398111,"page":20,"author":{"name":"Jookia","info":{"os":"Linux","browser":"Firefox","country":"Australia"},"type":"gold"},"date":1403318837,"number":"794","id":"45100853","content":"<div class=\"quote\">\r\n\t\r\n\t\t<div class=\"information\">\r\n\t\t\t\r\n\t\t\t\t<a href=\"showthread.php?p=45100717#post45100717\" rel=\"nofollow\">ECrownofFire posted:</a>\r\n\t\t\t\r\n\t\t</div>\r\n\t\r\n\t<div class=\"message\">Users DO care about save and load times, but with small levels it shouldn't have much of an impact anyway.</div>\r\n\t\r\n</div> The biggest bottleneck of these are hard drives, and you can't really do much to fix it. For me source games take ages to load, and I'm pretty sure it's because I don't have an SSD. Once I'm in game, changing to another map is pretty fast.","sanitized_content":"The biggest bottleneck of these are hard drives, and you can't really do much to fix it. For me source games take ages to load, and I'm pretty sure it's because I don't have an SSD. Once I'm in game, changing to another map is pretty fast.","ratings":{"agree":4}}