{"thread":1398111,"page":20,"author":{"name":"2sp00ky","info":{"os":"Windows 7","browser":"Chrome"},"type":"blue"},"date":1403318837,"number":"797","id":"45101626","content":"<u>Today to do list:</u><br>\r\nremote controlled turtle <br>\r\n<i>enemy target bird<br>\r\n</i><img src=\"http://i.imgur.com/srZm5ZF.gif\" border=\"0\" alt=\"\"><br>\r\n<i>shield</i><br>\r\n<img src=\"http://i.imgur.com/Isc7L0L.gif\" border=\"0\" alt=\"\"><br>\r\n<i>arrow breaking</i><br>\r\n<img src=\"http://i.imgur.com/3GY4Grm.gif\" border=\"0\" alt=\"\"><br>\r\n<i>gadget cosmetic on player</i><br>\r\n<img src=\"http://i.imgur.com/RDLAPvT.gif\" border=\"0\" alt=\"\">","sanitized_content":"Today to do list:\r\nremote controlled turtle \r\nenemy target bird\r\n\r\nshield\r\n\r\narrow breaking\r\n\r\ngadget cosmetic on player","ratings":{"winner":8,"programming_king":2,"informative":1}}