{"thread":1398111,"page":20,"author":{"name":"NinjaWilko","info":{"browser":"Unknown"},"type":"gold"},"date":1403318837,"number":"798","id":"45102708","content":"<div class=\"center\"><div class=\"video\"><iframe title=\"YouTube video player\" width=\"100%\" height=\"100%\" src=\"http://www.youtube.com/embed/PWwSgVEg8Yg?hd=1\" frameborder=\"0\" allowfullscreen=\"\"></iframe></div></div><br>\r\nReplaced Sam with Monsoon in his boss fight as a small test. It breaks horribly whenever a sequence starts running, but it doesn't break horribly when swapping entities between rooms (stages) which is the main thing.","sanitized_content":"Replaced Sam with Monsoon in his boss fight as a small test. It breaks horribly whenever a sequence starts running, but it doesn't break horribly when swapping entities between rooms (stages) which is the main thing.","ratings":{"funny":4,"informative":1}}