{"thread":1398111,"page":20,"author":{"name":"Bladezor","info":{"browser":"Unknown"},"type":"gold"},"date":1403318837,"number":"782","id":"45099280","content":"Yes a cool guy who tried to scam Garry out of money, and basically shit posted the entire time he was on this forum.<br>\r\n<br>\r\n<b>Edit:</b><br>\r\nHe was a smart dude but he had no sense of humility, and an huge sense of entitlement.","sanitized_content":"Yes a cool guy who tried to scam Garry out of money, and basically shit posted the entire time he was on this forum.\r\n\r\nEdit:\r\nHe was a smart dude but he had no sense of humility, and an huge sense of entitlement.","ratings":{"agree":1}}