{"thread":1398111,"page":20,"author":{"name":"Darwin226","info":{"browser":"Unknown"},"type":"gold"},"date":1403318837,"number":"800","id":"45102924","content":"<div class=\"quote\">\r\n\t\r\n\t\t<div class=\"information\">\r\n\t\t\t\r\n\t\t\t\t<a href=\"showthread.php?p=45102808#post45102808\" rel=\"nofollow\">Icedshot posted:</a>\r\n\t\t\t\r\n\t\t</div>\r\n\t\r\n\t<div class=\"message\">So, some time ago I met two ARM engineers at a bristol open day, and I got on with them pretty well. Thinking that perhaps it was a bit late to apply for an internship, and also wanting to write a game as well, I left it.<br>\n<br>\nTurns out, one of the guys I met recommended me to the software team who make graphics drivers as well as using OpenCL, and they've offered me an internship! <img src=\"/fp/emoot/v.gif\" border=\"0\" alt=\"\" title=\"V\" class=\"inlineimg\"><br>\n<br>\nI think it would be rather silly to turn this down (plus it looks amazingly interesting), so RIP in peace shitty spacegame ;_;</div>\r\n\t\r\n</div> That's amazing! It sounds like you'll be doing exactly the thing you love.<br>\n<br>\n<font size=\"1\" color=\"#444444\"><b>Edited:</b></font><br>\n<br>\n<div class=\"quote\">\r\n\t\r\n\t\t<div class=\"information\">\r\n\t\t\t\r\n\t\t\t\t<a href=\"showthread.php?p=45101565#post45101565\" rel=\"nofollow\">Funley posted:</a>\r\n\t\t\t\r\n\t\t</div>\r\n\t\r\n\t<div class=\"message\">A* pathfinding!<br>\n<br>\n<br>\nI first thought implementing pathfinding would be difficult but this was so easy to do after I figured out what the algorithm does.</div>\r\n\t\r\n</div> It's because of the name. If people called BFS &quot;flood-fill&quot; everyone would get immediately what it does. If you then extended the concept to Djikstra's algorithm by simply explaining that the next edge discovered isn't necessarily the best edge to take in the next step because not all of them take the same time to traverse, again nobody would be confused.<br>\n<br>\nA* is just dumping a heuristic on it after that.","sanitized_content":"That's amazing! It sounds like you'll be doing exactly the thing you love.\n\nEdited:\n\n It's because of the name. If people called BFS \"flood-fill\" everyone would get immediately what it does. If you then extended the concept to Djikstra's algorithm by simply explaining that the next edge discovered isn't necessarily the best edge to take in the next step because not all of them take the same time to traverse, again nobody would be confused.\n\nA* is just dumping a heuristic on it after that.","ratings":{"agree":5}}