{"thread":1398111,"page":20,"author":{"name":"sambooo","info":{"os":"Mac","browser":"Chrome","country":"United Kingdom"},"type":"gold"},"date":1403318837,"number":"778","id":"45099243","content":"Geel, you're going to be shipping a commercial product. If you care about storage space (which you seem to), then take some damn advice on the matter and make your product better. Being stubborn because you don't want to be shown the fact you aren't the best or something isn't helpful to you or your customers.","sanitized_content":"Geel, you're going to be shipping a commercial product. If you care about storage space (which you seem to), then take some damn advice on the matter and make your product better. Being stubborn because you don't want to be shown the fact you aren't the best or something isn't helpful to you or your customers.","ratings":{"winner":17,"agree":3,"zing":2}}