{"thread":1398111,"page":20,"author":{"name":"geel9","info":{"browser":"Unknown"},"type":"gold"},"date":1403318837,"number":"781","id":"45099271","content":"<div class=\"quote\">\r\n\t\r\n\t\t<div class=\"information\">\r\n\t\t\t\r\n\t\t\t\t<a href=\"showthread.php?p=45099268#post45099268\" rel=\"nofollow\">Bladezor posted:</a>\r\n\t\t\t\r\n\t\t</div>\r\n\t\r\n\t<div class=\"message\">The return of nullsquared.</div>\r\n\t\r\n</div> Agop's a cool guy idk what you're on about","sanitized_content":"Agop's a cool guy idk what you're on about","ratings":{"dumb":5}}