{"thread":1398111,"page":20,"author":{"name":"sambooo","info":{"os":"Mac","browser":"Chrome","country":"United Kingdom"},"type":"gold"},"date":1402718400,"number":"761","id":"45098304","content":"XML for maps isn't a good thing at all if you care about disk usage and I don't know why you'd use it at all really given that it hardly passes at 'human-readable' anyway.","sanitized_content":"XML for maps isn't a good thing at all if you care about disk usage and I don't know why you'd use it at all really given that it hardly passes at 'human-readable' anyway.","ratings":{"agree":16}}