{"thread":1398111,"page":20,"author":{"name":"geel9","info":{"browser":"Unknown"},"type":"gold"},"date":1403318837,"number":"779","id":"45099249","content":"The only help one can expect from synthiac is a shitty remark about A) how you're an idiot and B) some other way to do it without considering the reasons for why you're doing it this way in the first place.","sanitized_content":"The only help one can expect from synthiac is a shitty remark about A) how you're an idiot and B) some other way to do it without considering the reasons for why you're doing it this way in the first place.","ratings":{"dumb":14,"disagree":2,"artistic":1}}