{"thread":1398111,"page":20,"author":{"name":"krix","info":{"os":"Windows 8","browser":"Chrome","country":"Germany"},"type":"gold"},"date":1403318837,"number":"784","id":"45099292","content":"I get where you're coming from geel, but from the perspective of pretty much everyone in this thread you were just being an ass to synthiac.<br>\r\nCan we stop the &quot;You're Shit!&quot; &quot;No you're shit!&quot; &quot;No! nullsquared is shit!&quot; thing before it goes any further?<br>\r\nI really don't see the point.","sanitized_content":"I get where you're coming from geel, but from the perspective of pretty much everyone in this thread you were just being an ass to synthiac.\r\nCan we stop the \"You're Shit!\" \"No you're shit!\" \"No! nullsquared is shit!\" thing before it goes any further?\r\nI really don't see the point.","ratings":{"agree":25,"programming_king":1,"friendly":1}}