{"thread":1398111,"page":20,"author":{"name":"ECrownofFire","info":{"os":"Windows 7","browser":"Firefox","country":"United States"},"type":"blue"},"date":1402718400,"number":"765","id":"45098469","content":"<div class=\"quote\">\r\n\t\r\n\t\t<div class=\"information\">\r\n\t\t\t\r\n\t\t\t\t<a href=\"showthread.php?p=45097975#post45097975\" rel=\"nofollow\">Cold posted:</a>\r\n\t\t\t\r\n\t\t</div>\r\n\t\r\n\t<div class=\"message\">No offense, but that must be the worst way of storing voxels i have ever seen.<br>\r\n<br>\r\nData-structures like Octrees, are perfect for things like this, and can easily reduce the size by a factor 10.</div>\r\n\t\r\n</div> Time to bring this out again: <a href=\"http://0fps.net/2012/01/14/an-analysis-of-minecraft-like-engines/\" target=\"_blank\">http://0fps.net/2012/01/14/an-analys...-like-engines/</a><br>\r\n<br>\r\nOf course the best way to do this is <i>profile</i>. Switching out a container should be fairly easy in code with good decoupling.","sanitized_content":"Time to bring this out again: http://0fps.net/2012/01/14/an-analys...-like-engines/\r\n\r\nOf course the best way to do this is profile. Switching out a container should be fairly easy in code with good decoupling.","ratings":{"informative":2}}