{"thread":1398111,"page":20,"author":{"name":"Icedshot","info":{"os":"Windows 7","browser":"Chrome","country":"United Kingdom"},"type":"blue"},"date":1403318837,"number":"799","id":"45102808","content":"So, some time ago I met two ARM engineers at a bristol open day, and I got on with them pretty well. Thinking that perhaps it was a bit late to apply for an internship, and also wanting to write a game as well, I left it.<br>\r\n<br>\r\nTurns out, one of the guys I met recommended me to the software team who make graphics drivers as well as using OpenCL, and they've offered me an internship! <img src=\"/fp/emoot/v.gif\" border=\"0\" alt=\"\" title=\"V\" class=\"inlineimg\"><br>\r\n<br>\r\nI think it would be rather silly to turn this down (plus it looks amazingly interesting), so RIP in peace shitty spacegame ;_;","sanitized_content":"So, some time ago I met two ARM engineers at a bristol open day, and I got on with them pretty well. Thinking that perhaps it was a bit late to apply for an internship, and also wanting to write a game as well, I left it.\r\n\r\nTurns out, one of the guys I met recommended me to the software team who make graphics drivers as well as using OpenCL, and they've offered me an internship! \r\n\r\nI think it would be rather silly to turn this down (plus it looks amazingly interesting), so RIP in peace shitty spacegame ;_;","ratings":{"winner":41}}