{"thread":1398111,"page":20,"author":{"name":"supersnail11","info":{"browser":"Unknown"},"type":"gold"},"date":1403318837,"number":"777","id":"45099223","content":"<div class=\"quote\">\r\n\t\r\n\t\t<div class=\"information\">\r\n\t\t\t\r\n\t\t\t\t<a href=\"showthread.php?p=45099202#post45099202\" rel=\"nofollow\">geel9 posted:</a>\r\n\t\t\t\r\n\t\t</div>\r\n\t\r\n\t<div class=\"message\">I'm the fucking asshole? Did nobody ever read <b>any</b> of synthiac's post before he was permabanned for being an asshole?</div>\r\n\t\r\n</div> Are you the kind of person who holds a grudge for two and a half years?","sanitized_content":"Are you the kind of person who holds a grudge for two and a half years?","ratings":{"agree":24,"zing":1,"funny":1}}