{"thread":1398111,"page":20,"author":{"name":"Jookia","info":{"os":"Linux","browser":"Firefox","country":"Australia"},"type":"gold"},"date":1403318837,"number":"786","id":"45099329","content":"Let's not quarrel, guys. Sure Geel didn't do traditional, or even the most optimal compression, but he actually did compression for a project he's actually working on (and has things to show us), and it's simple with a good return. It's <b>interesting</b>, which is what WAYWO is for.","sanitized_content":"Let's not quarrel, guys. Sure Geel didn't do traditional, or even the most optimal compression, but he actually did compression for a project he's actually working on (and has things to show us), and it's simple with a good return. It's interesting, which is what WAYWO is for.","ratings":{"agree":16,"winner":3,"disagree":1,"artistic":1}}