{"thread":1398111,"page":20,"author":{"name":"Icedshot","info":{"os":"Windows 7","browser":"Chrome","country":"United Kingdom"},"type":"blue"},"date":1402718400,"number":"764","id":"45098448","content":"<div class=\"quote\">\r\n\t\r\n\t\t<div class=\"information\">\r\n\t\t\t\r\n\t\t\t\t<a href=\"showthread.php?p=45098091#post45098091\" rel=\"nofollow\">geel9 posted:</a>\r\n\t\t\t\r\n\t\t</div>\r\n\t\r\n\t<div class=\"message\">That would be fine if the world itself were a voxel world, but it's not. It's physics enabled, voxels can fly, rotate, move, etc.</div>\r\n\t\r\n</div> We're presumably stepping into the realm of unnecessary optimisations, but out of technical interest do you have a distinction between static/unmodified voxels and voxels which have been made live (ie moved at all)? You could store the former as a SVO for greater memory compression, and the latter using your current scheme<br>\r\n<br>\r\nI've been meaning to experiment with SVOs for some time myself now","sanitized_content":"We're presumably stepping into the realm of unnecessary optimisations, but out of technical interest do you have a distinction between static/unmodified voxels and voxels which have been made live (ie moved at all)? You could store the former as a SVO for greater memory compression, and the latter using your current scheme\r\n\r\nI've been meaning to experiment with SVOs for some time myself now","ratings":{}}