{"thread":1398111,"page":20,"author":{"name":"Bladezor","info":{"browser":"Unknown"},"type":"gold"},"date":1403318837,"number":"785","id":"45099316","content":"<div class=\"quote\">\r\n\t\r\n\t\t<div class=\"information\">\r\n\t\t\t\r\n\t\t\t\t<a href=\"showthread.php?p=45099292#post45099292\" rel=\"nofollow\">krix posted:</a>\r\n\t\t\t\r\n\t\t</div>\r\n\t\r\n\t<div class=\"message\">I get where you're coming from geel, but from the perspective of pretty much everyone in this thread you were just being an ass to synthiac.<br>\r\nCan we stop the &quot;You're Shit!&quot; &quot;No you're shit!&quot; &quot;No! nullsquared is shit!&quot; thing before it goes any further?<br>\r\nI really don't see the point.</div>\r\n\t\r\n</div> Sorry, he's just the standard I measure for assholishness. Carry on...","sanitized_content":"Sorry, he's just the standard I measure for assholishness. Carry on...","ratings":{}}