{"thread":1398111,"page":20,"author":{"name":"geel9","info":{"browser":"Unknown"},"type":"gold"},"date":1403318837,"number":"768","id":"45099004","content":"<video style=\"margin: 16px; min-width: 20px; min-height: 20px; border: 1px solid #fff; box-shadow: 0 0 4px rgba( 0, 0, 0, 0.4 );\" src=\"http://feen.us/i/76/539bb1fdb055d.webm\" controls=\"controls\">Your browser doesn't support HTML 5 videos!</video><br>\r\n<br>\r\nVery first challenge level. We're going to launch Early Access with a few of these. They will get increasingly complex; this first one is very basic to introduce people to the idea.<br>\r\n<br>\r\nThe ability to add a TimeTrial component will be put into the Steam release soon. This will let people make their own Time Trial levels.","sanitized_content":"Your browser doesn't support HTML 5 videos!\r\n\r\nVery first challenge level. We're going to launch Early Access with a few of these. They will get increasingly complex; this first one is very basic to introduce people to the idea.\r\n\r\nThe ability to add a TimeTrial component will be put into the Steam release soon. This will let people make their own Time Trial levels.","ratings":{"winner":6}}