{"thread":1398111,"page":20,"author":{"name":"geel9","info":{"browser":"Unknown"},"type":"gold"},"date":1402718400,"number":"763","id":"45098369","content":"<div class=\"quote\">\r\n\t\r\n\t\t<div class=\"information\">\r\n\t\t\t\r\n\t\t\t\t<a href=\"showthread.php?p=45098304#post45098304\" rel=\"nofollow\">sambooo posted:</a>\r\n\t\t\t\r\n\t\t</div>\r\n\t\r\n\t<div class=\"message\">XML for maps isn't a good thing at all if you care about disk usage and I don't know why you'd use it at all really given that it hardly passes at 'human-readable' anyway.</div>\r\n\t\r\n</div> I didn't choose the original format","sanitized_content":"I didn't choose the original format","ratings":{}}