{"thread":1398111,"page":20,"author":{"name":"geel9","info":{"browser":"Unknown"},"type":"gold"},"date":1403318837,"number":"772","id":"45099133","content":"<div class=\"quote\">\r\n\t\r\n\t\t<div class=\"information\">\r\n\t\t\t\r\n\t\t\t\t<a href=\"showthread.php?p=45099107#post45099107\" rel=\"nofollow\">synthiac posted:</a>\r\n\t\t\t\r\n\t\t</div>\r\n\t\r\n\t<div class=\"message\">I was going to give some advice, but okay.</div>\r\n\t\r\n</div> I've had enough of your pseudo-intellectual all-lowercase snide remarks that can barely be qualified as &quot;advice.&quot;<br>\n<br>\n<span class=\"highlight\">(User was banned for this post (&quot;Toxic behaviour&quot; - SteveUK))</span>","sanitized_content":"I've had enough of your pseudo-intellectual all-lowercase snide remarks that can barely be qualified as \"advice.\"\n\n(User was banned for this post (\"Toxic behaviour\" - SteveUK))","ratings":{"dumb":41,"zing":1,"funny":1,"disagree":1}}