{"thread":1398111,"page":20,"author":{"name":"ZenX2","info":{"os":"Mac","browser":"Chrome","country":"United States"},"type":"gold"},"date":1402718400,"number":"767","id":"45098752","content":"I just added getter/setter support to my class library. This superbly handy and lets me leave __index and __newindex alone in most classes","sanitized_content":"I just added getter/setter support to my class library. This superbly handy and lets me leave __index and __newindex alone in most classes","ratings":{}}