{"thread":1398111,"page":20,"author":{"name":"Hng","info":{"os":"Windows 7","browser":"Chrome","country":"Ireland"},"type":"blue"},"date":1403318837,"number":"776","id":"45099207","content":"<div class=\"quote\">\r\n\t\r\n\t\t<div class=\"information\">\r\n\t\t\t\r\n\t\t\t\t<a href=\"showthread.php?p=45099194#post45099194\" rel=\"nofollow\">sambooo posted:</a>\r\n\t\t\t\r\n\t\t</div>\r\n\t\r\n\t<div class=\"message\">Fucking hell geel do you have a permaban fetish or something? Jesus christ you're such an asshole and I don't get why.</div>\r\n\t\r\n</div> I've yet to see a community that geel has been involved in where there isn't a group of people who dislike him. <br>\r\n<br>\r\n<br>\r\nHe's destined to be a complete arsehole. It is his true calling in life.","sanitized_content":"I've yet to see a community that geel has been involved in where there isn't a group of people who dislike him. \r\n\r\n\r\nHe's destined to be a complete arsehole. It is his true calling in life.","ratings":{"agree":7,"dumb":5,"funny":2}}