{"thread":1398111,"page":20,"author":{"name":"cra0kalo","info":{"os":"Windows 7","browser":"Chrome","country":"United Kingdom"},"type":"gold"},"date":1403318837,"number":"788","id":"45099785","content":"<div class=\"quote\">\r\n\t\r\n\t\t<div class=\"information\">\r\n\t\t\t\r\n\t\t\t\t<a href=\"showthread.php?p=45097635#post45097635\" rel=\"nofollow\">Bladezor posted:</a>\r\n\t\t\t\r\n\t\t</div>\r\n\t\r\n\t<div class=\"message\">Speaking of model formats I wrote a Collada converter that would convert Collada models into our engines format. Are y'all interested in something like that too?</div>\r\n\t\r\n</div> oh god that bloated crap collada I still don't understand why people use it, nevertheless wouldn't hurt supporting it I suppose I'm interested.","sanitized_content":"oh god that bloated crap collada I still don't understand why people use it, nevertheless wouldn't hurt supporting it I suppose I'm interested.","ratings":{}}