{"thread":1398111,"page":13,"author":{"name":"geel9","info":{"browser":"Unknown"},"type":"gold"},"date":1402372800,"number":"496","id":"45057336","content":"<video style=\"margin: 16px; min-width: 20px; min-height: 20px; border: 1px solid #fff; box-shadow: 0 0 4px rgba( 0, 0, 0, 0.4 );\" src=\"http://feen.us/i/76/5396d06ca1e35.webm\" controls=\"controls\">Your browser doesn't support HTML 5 videos!</video><br>\r\n<br>\r\nMore work on the editor.<br>\r\n<br>\r\nCoded a DropDownView in GeeUI. Luckily this can be done using mainly other views; this is the code for it:<br>\r\n<div class=\"bbcode_container\">\r\n\t<div class=\"bbcode_description\">Code:</div>\r\n\t<pre class=\"bbcode_code\" style=\"height:813.313px;\">using System;\r\nusing System.Collections.Generic;\r\nusing System.Linq;\r\nusing System.Text;\r\nusing System.Windows.Forms;\r\nusing ComponentBind;\r\nusing GeeUI;\r\nusing GeeUI.Managers;\r\nusing GeeUI.ViewLayouts;\r\nusing GeeUI.Views;\r\nusing Microsoft.Xna.Framework;\r\nusing Microsoft.Xna.Framework.Graphics;\r\nusing View = GeeUI.Views.View;\r\n\r\nnamespace GeeUI.Views\r\n{\r\n\tpublic class DropDownView : View\r\n\t{\r\n\t\tpublic class DropDownOption\r\n\t\t{\r\n\t\t\tpublic string Text;\r\n\t\t\tpublic SpriteFont Font;\r\n\t\t\tpublic Action OnClicked;\r\n\t\t}\r\n\r\n\t\tprivate PanelView DropDownPanelView;\r\n\t\tprivate ListView DropDownListView;\r\n\t\tprivate List&lt;DropDownOption&gt; DropDownOptions = new List&lt;DropDownOption&gt;();\r\n\t\tprivate SpriteFont mainFont;\r\n\r\n\t\tprivate bool DropDownShowing\r\n\t\t{\r\n\t\t\tget { return !(DropDownPanelView == null || !DropDownPanelView.Active); }\r\n\t\t}\r\n\r\n\t\tpublic DropDownView(GeeUIMain theGeeUI, View parentView, Vector2 position, SpriteFont font)\r\n\t\t\t: base(theGeeUI, parentView)\r\n\t\t{\r\n\t\t\tthis.NumChildrenAllowed.Value = 1;\r\n\t\t\tthis.mainFont = font;\r\n\t\t\tvar button = new ButtonView(theGeeUI, this, &quot;&quot;, Vector2.Zero, font);\r\n\t\t\tbutton.Add(new Binding&lt;int&gt;(this.Width, button.Width));\r\n\t\t\tbutton.Add(new Binding&lt;int&gt;(this.Height, button.Height));\r\n\t\t\tbutton.OnMouseClick += (sender, args) =&gt; ToggleDropDown();\r\n\t\t\tbutton.OnMouseClickAway += (sender, args) =&gt; { HideDropDown(); };\r\n\t\t\tbutton.Name = &quot;button&quot;;\r\n\r\n\t\t\tthis.DropDownPanelView = new PanelView(theGeeUI, theGeeUI.RootView, Vector2.Zero);\r\n\t\t\tthis.DropDownPanelView.Draggable = false;\r\n\t\t\tthis.DropDownPanelView.SelectedNinepatch = this.DropDownPanelView.UnselectedNinepatch;\r\n\r\n\t\t\tDropDownListView = new ListView(theGeeUI, DropDownPanelView);\r\n\t\t\tDropDownListView.ChildrenLayouts.Add(new VerticalViewLayout(1, false));\r\n\t\t\tDropDownListView.ScrollMultiplier = 20;\r\n\t\t\tDropDownPanelView.Add(new Binding&lt;int&gt;(DropDownPanelView.Width, DropDownListView.Width));\r\n\r\n\t\t\tDropDownListView.Name = &quot;DropList&quot;;\r\n\t\t\tDropDownPanelView.Add(new Binding&lt;int&gt;(DropDownPanelView.Height, DropDownListView.Height));\r\n\r\n\t\t\tDropDownPanelView.PostUpdate = f =&gt;\r\n\t\t\t{\r\n\t\t\t\tif(!this.AttachedToRoot(this.ParentView)) \r\n\t\t\t\t\tDropDownPanelView.ParentView.RemoveChild(DropDownPanelView);\r\n\t\t\t};\r\n\t\t}\r\n\r\n\t\tpublic void OnOptionSelected(DropDownOption option)\r\n\t\t{\r\n\t\t\t((ButtonView)this.Children[0]).Text = option.Text;\r\n\t\t\tif (option.OnClicked != null) option.OnClicked();\r\n\t\t}\r\n\r\n\t\tpublic void AddOption(string name, Action action, SpriteFont fontString = null)\r\n\t\t{\r\n\t\t\tif (fontString == null) fontString = mainFont;\r\n\t\t\tvar dropDownOption = new DropDownOption()\r\n\t\t\t{\r\n\t\t\t\tFont = fontString,\r\n\t\t\t\tText = name,\r\n\t\t\t\tOnClicked = action\r\n\t\t\t};\r\n\t\t\tDropDownOptions.Add(dropDownOption);\r\n\r\n\t\t\tvar dropButton = new ButtonView(this.ParentGeeUI, DropDownListView, name, Vector2.Zero, fontString);\r\n\t\t\tdropButton.OnMouseClick += (sender, args) =&gt;\r\n\t\t\t{\r\n\t\t\t\tOnOptionSelected(dropDownOption);\r\n\t\t\t};\r\n\r\n\t\t\tif (DropDownOptions.Count == 1)\r\n\t\t\t{\r\n\t\t\t\t((ButtonView) FindFirstChildByName(&quot;button&quot;)).Text = name;\r\n\t\t\t}\r\n\t\t}\r\n\r\n\t\tpublic void RemoveAllOptions()\r\n\t\t{\r\n\t\t\t((ButtonView)FindFirstChildByName(&quot;button&quot;)).Text = &quot;&quot;;\r\n\t\t\tDropDownOptions.Clear();\r\n\t\t\tDropDownListView.RemoveAllChildren();\r\n\t\t}\r\n\r\n\t\tpublic override void Update(float dt)\r\n\t\t{\r\n\t\t\tComputeMouse();\r\n\t\t\tDropDownListView.Height.Value = DropDownListView.ChildrenBoundBox.Height;\r\n\t\t\tDropDownListView.Width.Value = DropDownListView.ChildrenBoundBox.Width;\r\n\t\t\tDropDownPanelView.Position.Value = new Vector2(AbsoluteX, this.AbsoluteBoundBox.Bottom);\r\n\t\t\tif (DropDownListView.AbsoluteBoundBox.Bottom &gt; ParentGeeUI.RootView.Height)\r\n\t\t\t{\r\n\t\t\t\tDropDownListView.Height.Value -= (DropDownListView.AbsoluteBoundBox.Bottom - ParentGeeUI.RootView.Height);\r\n\t\t\t}\r\n\t\t\tbase.Update(dt);\r\n\t\t}\r\n\r\n\t\tpublic void ComputeMouse()\r\n\t\t{\r\n\t\t\tif (!DropDownShowing) return;\r\n\t\t\tif (DropDownPanelView.AbsoluteBoundBox.Contains(InputManager.GetMousePos()) ||\r\n\t\t\t    Children[0].AbsoluteBoundBox.Contains(InputManager.GetMousePos())) return;\r\n\t\t\tHideDropDown();\r\n\t\t}\r\n\r\n\t\tpublic void ToggleDropDown()\r\n\t\t{\r\n\t\t\tif (DropDownPanelView == null) return;\r\n\t\t\tif (DropDownPanelView.Active)\r\n\t\t\t\tHideDropDown();\r\n\t\t\telse\r\n\t\t\t{\r\n\t\t\t\tShowDropDown();\r\n\t\t\t}\r\n\t\t}\r\n\r\n\t\tpublic void HideDropDown()\r\n\t\t{\r\n\t\t\tif (!DropDownShowing) return;\r\n\t\t\tDropDownPanelView.Active.Value = false;\r\n\t\t}\r\n\r\n\t\tpublic void ShowDropDown()\r\n\t\t{\r\n\t\t\tif (DropDownPanelView == null) return;\r\n\t\t\tDropDownPanelView.Active.Value = true;\r\n\t\t\tDropDownPanelView.ParentView.BringChildToFront(DropDownPanelView);\r\n\t\t\tDropDownPanelView.FindFirstChildByName(&quot;DropList&quot;).SetContentOffset(Vector2.Zero);\r\n\t\t}\r\n\r\n\t\tpublic override void delete()\r\n\t\t{\r\n\t\t\tDropDownPanelView.ParentView.RemoveChild(DropDownPanelView);\r\n\t\t\tbase.delete();\r\n\t\t}\r\n\t}\r\n}</pre>\r\n</div><font size=\"1\" color=\"#444444\"><b>Edited:</b></font><br>\r\n<br>\r\nwtf facepunch what did you do to my fucking code?","sanitized_content":"Your browser doesn't support HTML 5 videos!\r\n\r\nMore work on the editor.\r\n\r\nCoded a DropDownView in GeeUI. Luckily this can be done using mainly other views; this is the code for it:\r\n\r\n\tCode:\r\n\tusing System;\r\nusing System.Collections.Generic;\r\nusing System.Linq;\r\nusing System.Text;\r\nusing System.Windows.Forms;\r\nusing ComponentBind;\r\nusing GeeUI;\r\nusing GeeUI.Managers;\r\nusing GeeUI.ViewLayouts;\r\nusing GeeUI.Views;\r\nusing Microsoft.Xna.Framework;\r\nusing Microsoft.Xna.Framework.Graphics;\r\nusing View = GeeUI.Views.View;\r\n\r\nnamespace GeeUI.Views\r\n{\r\n\tpublic class DropDownView : View\r\n\t{\r\n\t\tpublic class DropDownOption\r\n\t\t{\r\n\t\t\tpublic string Text;\r\n\t\t\tpublic SpriteFont Font;\r\n\t\t\tpublic Action OnClicked;\r\n\t\t}\r\n\r\n\t\tprivate PanelView DropDownPanelView;\r\n\t\tprivate ListView DropDownListView;\r\n\t\tprivate List<DropDownOption> DropDownOptions = new List<DropDownOption>();\r\n\t\tprivate SpriteFont mainFont;\r\n\r\n\t\tprivate bool DropDownShowing\r\n\t\t{\r\n\t\t\tget { return !(DropDownPanelView == null || !DropDownPanelView.Active); }\r\n\t\t}\r\n\r\n\t\tpublic DropDownView(GeeUIMain theGeeUI, View parentView, Vector2 position, SpriteFont font)\r\n\t\t\t: base(theGeeUI, parentView)\r\n\t\t{\r\n\t\t\tthis.NumChildrenAllowed.Value = 1;\r\n\t\t\tthis.mainFont = font;\r\n\t\t\tvar button = new ButtonView(theGeeUI, this, \"\", Vector2.Zero, font);\r\n\t\t\tbutton.Add(new Binding<int>(this.Width, button.Width));\r\n\t\t\tbutton.Add(new Binding<int>(this.Height, button.Height));\r\n\t\t\tbutton.OnMouseClick += (sender, args) => ToggleDropDown();\r\n\t\t\tbutton.OnMouseClickAway += (sender, args) => { HideDropDown(); };\r\n\t\t\tbutton.Name = \"button\";\r\n\r\n\t\t\tthis.DropDownPanelView = new PanelView(theGeeUI, theGeeUI.RootView, Vector2.Zero);\r\n\t\t\tthis.DropDownPanelView.Draggable = false;\r\n\t\t\tthis.DropDownPanelView.SelectedNinepatch = this.DropDownPanelView.UnselectedNinepatch;\r\n\r\n\t\t\tDropDownListView = new ListView(theGeeUI, DropDownPanelView);\r\n\t\t\tDropDownListView.ChildrenLayouts.Add(new VerticalViewLayout(1, false));\r\n\t\t\tDropDownListView.ScrollMultiplier = 20;\r\n\t\t\tDropDownPanelView.Add(new Binding<int>(DropDownPanelView.Width, DropDownListView.Width));\r\n\r\n\t\t\tDropDownListView.Name = \"DropList\";\r\n\t\t\tDropDownPanelView.Add(new Binding<int>(DropDownPanelView.Height, DropDownListView.Height));\r\n\r\n\t\t\tDropDownPanelView.PostUpdate = f =>\r\n\t\t\t{\r\n\t\t\t\tif(!this.AttachedToRoot(this.ParentView)) \r\n\t\t\t\t\tDropDownPanelView.ParentView.RemoveChild(DropDownPanelView);\r\n\t\t\t};\r\n\t\t}\r\n\r\n\t\tpublic void OnOptionSelected(DropDownOption option)\r\n\t\t{\r\n\t\t\t((ButtonView)this.Children[0]).Text = option.Text;\r\n\t\t\tif (option.OnClicked != null) option.OnClicked();\r\n\t\t}\r\n\r\n\t\tpublic void AddOption(string name, Action action, SpriteFont fontString = null)\r\n\t\t{\r\n\t\t\tif (fontString == null) fontString = mainFont;\r\n\t\t\tvar dropDownOption = new DropDownOption()\r\n\t\t\t{\r\n\t\t\t\tFont = fontString,\r\n\t\t\t\tText = name,\r\n\t\t\t\tOnClicked = action\r\n\t\t\t};\r\n\t\t\tDropDownOptions.Add(dropDownOption);\r\n\r\n\t\t\tvar dropButton = new ButtonView(this.ParentGeeUI, DropDownListView, name, Vector2.Zero, fontString);\r\n\t\t\tdropButton.OnMouseClick += (sender, args) =>\r\n\t\t\t{\r\n\t\t\t\tOnOptionSelected(dropDownOption);\r\n\t\t\t};\r\n\r\n\t\t\tif (DropDownOptions.Count == 1)\r\n\t\t\t{\r\n\t\t\t\t((ButtonView) FindFirstChildByName(\"button\")).Text = name;\r\n\t\t\t}\r\n\t\t}\r\n\r\n\t\tpublic void RemoveAllOptions()\r\n\t\t{\r\n\t\t\t((ButtonView)FindFirstChildByName(\"button\")).Text = \"\";\r\n\t\t\tDropDownOptions.Clear();\r\n\t\t\tDropDownListView.RemoveAllChildren();\r\n\t\t}\r\n\r\n\t\tpublic override void Update(float dt)\r\n\t\t{\r\n\t\t\tComputeMouse();\r\n\t\t\tDropDownListView.Height.Value = DropDownListView.ChildrenBoundBox.Height;\r\n\t\t\tDropDownListView.Width.Value = DropDownListView.ChildrenBoundBox.Width;\r\n\t\t\tDropDownPanelView.Position.Value = new Vector2(AbsoluteX, this.AbsoluteBoundBox.Bottom);\r\n\t\t\tif (DropDownListView.AbsoluteBoundBox.Bottom > ParentGeeUI.RootView.Height)\r\n\t\t\t{\r\n\t\t\t\tDropDownListView.Height.Value -= (DropDownListView.AbsoluteBoundBox.Bottom - ParentGeeUI.RootView.Height);\r\n\t\t\t}\r\n\t\t\tbase.Update(dt);\r\n\t\t}\r\n\r\n\t\tpublic void ComputeMouse()\r\n\t\t{\r\n\t\t\tif (!DropDownShowing) return;\r\n\t\t\tif (DropDownPanelView.AbsoluteBoundBox.Contains(InputManager.GetMousePos()) ||\r\n\t\t\t    Children[0].AbsoluteBoundBox.Contains(InputManager.GetMousePos())) return;\r\n\t\t\tHideDropDown();\r\n\t\t}\r\n\r\n\t\tpublic void ToggleDropDown()\r\n\t\t{\r\n\t\t\tif (DropDownPanelView == null) return;\r\n\t\t\tif (DropDownPanelView.Active)\r\n\t\t\t\tHideDropDown();\r\n\t\t\telse\r\n\t\t\t{\r\n\t\t\t\tShowDropDown();\r\n\t\t\t}\r\n\t\t}\r\n\r\n\t\tpublic void HideDropDown()\r\n\t\t{\r\n\t\t\tif (!DropDownShowing) return;\r\n\t\t\tDropDownPanelView.Active.Value = false;\r\n\t\t}\r\n\r\n\t\tpublic void ShowDropDown()\r\n\t\t{\r\n\t\t\tif (DropDownPanelView == null) return;\r\n\t\t\tDropDownPanelView.Active.Value = true;\r\n\t\t\tDropDownPanelView.ParentView.BringChildToFront(DropDownPanelView);\r\n\t\t\tDropDownPanelView.FindFirstChildByName(\"DropList\").SetContentOffset(Vector2.Zero);\r\n\t\t}\r\n\r\n\t\tpublic override void delete()\r\n\t\t{\r\n\t\t\tDropDownPanelView.ParentView.RemoveChild(DropDownPanelView);\r\n\t\t\tbase.delete();\r\n\t\t}\r\n\t}\r\n}\r\nEdited:\r\n\r\nwtf facepunch what did you do to my fucking code?","ratings":{"funny":7,"winner":4,"useful":1}}