{"thread":1398111,"page":13,"author":{"name":"sambooo","info":{"os":"Mac","browser":"Chrome","country":"United Kingdom"},"type":"gold"},"date":1402372800,"number":"495","id":"45057100","content":"<div class=\"quote\">\r\n\t\r\n\t\t<div class=\"information\">\r\n\t\t\t\r\n\t\t\t\t<a href=\"showthread.php?p=45056208#post45056208\" rel=\"nofollow\">Bladezor posted:</a>\r\n\t\t\t\r\n\t\t</div>\r\n\t\r\n\t<div class=\"message\">Here's the Vector3 implementation I came up with<br>\r\n<br>\r\n<div class=\"bbcode_container\">\r\n\t<div class=\"bbcode_description\">Code:</div>\r\n\t<pre class=\"bbcode_code\" style=\"height:53.332px;\">public static Vector3 Forward = new Vector3(0.0f, 0.0f, 1.0f);\r\npublic static Vector3 Backward = new Vector3(-1.0f, 0.0f, 0.0f);</pre>\r\n</div></div>\r\n\t\r\n</div> That definitely doesn't look right","sanitized_content":"That definitely doesn't look right","ratings":{"funny":33,"programming_king":2}}