{"thread":1398111,"page":13,"author":{"name":"Tobba","info":{"browser":"Unknown"},"type":"gold"},"date":1402372800,"number":"517","id":"45064286","content":"<div class=\"quote\">\r\n\t\r\n\t\t<div class=\"information\">\r\n\t\t\t\r\n\t\t\t\t<a href=\"showthread.php?p=45064181#post45064181\" rel=\"nofollow\">Mega1mpact posted:</a>\r\n\t\t\t\r\n\t\t</div>\r\n\t\r\n\t<div class=\"message\">qt/gtk bindings when?</div>\r\n\t\r\n</div> You can probably just use rust-bindgen and get some okay-ish GTK bindings","sanitized_content":"You can probably just use rust-bindgen and get some okay-ish GTK bindings","ratings":{}}