{"thread":1398111,"page":13,"author":{"name":"quentuz","info":{"browser":"Unknown"},"type":"blue"},"date":1402372800,"number":"509","id":"45062005","content":"<div class=\"quote\">\r\n\t\r\n\t\t<div class=\"information\">\r\n\t\t\t\r\n\t\t\t\t<a href=\"showthread.php?p=45017721#post45017721\" rel=\"nofollow\">2sp00ky posted:</a>\r\n\t\t\t\r\n\t\t</div>\r\n\t\r\n\t<div class=\"message\">Yea Im going to fix that.<br>\r\nEdit 2:<br>\r\nAaaaaand done.<br>\r\n<img src=\"http://i.imgur.com/fNAQfiM.png\" border=\"0\" alt=\"\"><br>\r\nSpooky<br>\r\n<img src=\"http://i.imgur.com/0L5evK5.gif\" border=\"0\" alt=\"\"><br>\r\n<br>\r\nAlso Game maker studio standard is now free. Good deal imo for fast prototypes or small games <br>\r\n <a href=\"https://www.yoyogames.com/studio\" target=\"_blank\">https://www.yoyogames.com/studio</a></div>\r\n\t\r\n</div> <br>\r\nAre you making this with gamemaker standard?","sanitized_content":"Are you making this with gamemaker standard?","ratings":{}}