{"thread":1398111,"page":13,"author":{"name":"Rayboy1995","info":{"os":"Windows XP","browser":"Chrome","country":"United States"},"type":"blue"},"date":1402372800,"number":"503","id":"45060121","content":"<div class=\"quote\">\r\n\t\r\n\t\t<div class=\"information\">\r\n\t\t\t\r\n\t\t\t\t<a href=\"showthread.php?p=45060062#post45060062\" rel=\"nofollow\">Drury posted:</a>\r\n\t\t\t\r\n\t\t</div>\r\n\t\r\n\t<div class=\"message\">Could a phone/tablet even handle that? <img src=\"/fp/emoot/v.gif\" border=\"0\" alt=\"\" title=\"V\" class=\"inlineimg\"></div>\r\n\t\r\n</div>  No way in hell, my PC can barely handle it.","sanitized_content":"No way in hell, my PC can barely handle it.","ratings":{}}