{"thread":1398111,"page":13,"author":{"name":"ZenX2","info":{"os":"Mac","browser":"Chrome","country":"United States"},"type":"gold"},"date":1402372800,"number":"497","id":"45057392","content":"I challenged myself to recreate this Ruby metaprogramming example in lua with my lambdas and functional shit:<br>\r\n<br>\r\n<div class=\"bbcode_container\">\r\n\t<div class=\"bbcode_description\">Code:</div>\r\n\t<pre class=\"bbcode_code\" style=\"height:239.994px;\">COLORS = { black:   &quot;000&quot;,\r\n           red:     &quot;f00&quot;,\r\n           green:   &quot;0f0&quot;,\r\n           yellow:  &quot;ff0&quot;,\r\n           blue:    &quot;00f&quot;,\r\n           magenta: &quot;f0f&quot;,\r\n           cyan:    &quot;0ff&quot;,\r\n           white:   &quot;fff&quot; }\r\n \r\nclass String\r\n  COLORS.each do |color,code|\r\n    define_method &quot;in_#{color}&quot; do\r\n      &quot;&lt;span style=\\&quot;color: ##{code}\\&quot;&gt;#{self}&lt;/span&gt;&quot;\r\n    end\r\n  end\r\nend</pre>\r\n</div>Lua version:<br>\r\n<br>\r\n<div class=\"bbcode_container\"><pre class=\"bbcode_code\">each((color, code) =&gt; (string&#91;&quot;in_&quot;..color&#93; = (self) =&gt; (&quot;&lt;span style=\\&quot;color: #&quot;..code..&quot;\\&quot;&gt;&quot;..self..&quot;&lt;/span&gt;&quot;)), testCOLORS)\r\nprint(string.in_blue(&quot;Hello, world!&quot;))</pre></div><br>\r\nIt's been a pain in the ass to get it to work, but seeing that print out &quot;Hello, world!&quot; in blue in lovebird was definitely worth it","sanitized_content":"I challenged myself to recreate this Ruby metaprogramming example in lua with my lambdas and functional shit:\r\n\r\n\r\n\tCode:\r\n\tCOLORS = { black:   \"000\",\r\n           red:     \"f00\",\r\n           green:   \"0f0\",\r\n           yellow:  \"ff0\",\r\n           blue:    \"00f\",\r\n           magenta: \"f0f\",\r\n           cyan:    \"0ff\",\r\n           white:   \"fff\" }\r\n \r\nclass String\r\n  COLORS.each do |color,code|\r\n    define_method \"in_#{color}\" do\r\n      \"<span style=\\\"color: ##{code}\\\">#{self}</span>\"\r\n    end\r\n  end\r\nend\r\nLua version:\r\n\r\neach((color, code) => (string[\"in_\"..color] = (self) => (\"<span style=\\\"color: #\"..code..\"\\\">\"..self..\"</span>\")), testCOLORS)\r\nprint(string.in_blue(\"Hello, world!\"))\r\nIt's been a pain in the ass to get it to work, but seeing that print out \"Hello, world!\" in blue in lovebird was definitely worth it","ratings":{}}