{"thread":1398111,"page":13,"author":{"name":"ezraza","info":{"os":"Windows 7","browser":"Chrome","country":"United States"},"type":"blue"},"date":1402372800,"number":"513","id":"45064002","content":"Had a group project for our final.<br>\r\n<br>\r\nThis is the simple game we whipped up using MonoGame.<br>\r\n<br>\r\n<img src=\"http://s14.postimg.org/4zvoecw9r/game.gif\" border=\"0\" alt=\"\">","sanitized_content":"Had a group project for our final.\r\n\r\nThis is the simple game we whipped up using MonoGame.","ratings":{"programming_king":1,"artistic":1}}