{"thread":1398111,"page":13,"author":{"name":"Bladezor","info":{"browser":"Unknown"},"type":"gold"},"date":1402372800,"number":"515","id":"45064115","content":"<div class=\"quote\">\r\n\t\r\n\t\t<div class=\"information\">\r\n\t\t\t\r\n\t\t\t\t<a href=\"showthread.php?p=45063037#post45063037\" rel=\"nofollow\">Lemmingz95 posted:</a>\r\n\t\t\t\r\n\t\t</div>\r\n\t\r\n\t<div class=\"message\">Bladezor, doesn't the c# compiler inline things when appropriate anyway? (Hence no c# 'inline' directive). The sort of micro-optimisation you're doing might not have a noticeable effect or indeed an, it's best to use what you have until it becomes a bottleneck.<br>\r\n<br>\r\nWhat did make a difference for me was doing something along the lines of:<br>\r\n<br>\r\n<div class=\"bbcode_container\">\r\n\t<div class=\"bbcode_description\">Code:</div>\r\n\t<pre class=\"bbcode_code\" style=\"height:119.997px;\">Vector Add(Vector A, Vector B)\r\n{\r\n    A.x += B.x;\r\n    A.y += B.y;\r\n\r\n    Return A;\r\n}</pre>\r\n</div>This saves creating a new object (I.e. Return new Vector(A.x + B.x, A.y + B.y)). I don't know whether this is dumb but testing showed a definite, if small, boost. I have a feeling this is why I've heard that using ref parameters is quicker in this situation - no object creation instead of ref being somehow quicker than normal parameters (copying a reference to stack is only <i>marginally</i> faster for <b>huge</b> structs).<br>\r\n<br>\r\nSomeone with authority please correct me if I'm wrong, I'm doing exactly the same thing (vector class) atm and still novice programmer!<br>\r\n<br>\r\n<font size=\"1\" color=\"#444444\"><b>Edited:</b></font><br>\r\n<br>\r\nI think also it's nice to have named alternatives to operators: <a href=\"http://msdn.microsoft.com/en-us/library/ms182355.aspx\" target=\"_blank\">http://msdn.microsoft.com/en-us/library/ms182355.aspx</a><br>\r\n<br>\r\nFor robustness' sake.</div>\r\n\t\r\n</div> Yes, however it's fairly limited apparently. I couldn't find too much on it except for <a href=\"http://stackoverflow.com/a/13135858\" target=\"_blank\">http://stackoverflow.com/a/13135858</a> and <a href=\"http://stackoverflow.com/a/8746128\" target=\"_blank\">http://stackoverflow.com/a/8746128</a>. I don't think I lose anything by explicitly inlining portions of the code.<br>\r\n<br>\r\nYou make a really good point regarding operators. I think your approach is fine as long as the user knows the implications of doing something like<br>\r\n<br>\r\n<div class=\"bbcode_container\">\r\n\t<div class=\"bbcode_description\">Code:</div>\r\n\t<pre class=\"bbcode_code\" style=\"height:53.332px;\">var vecA = new Vector(0.0f, 1.0f, 0.0f);\r\nvar vecB = Vector.Add(vecA, new Vector(1.0f, 0.0f, 0.0f));</pre>\r\n</div>then using vecA elsewhere expecting it to still be (0.0f, 1.0f, 0.0f)<br>\r\n<br>\r\nObviously this example is rather contrived but it's something that could easily be glossed over. I think it's safer to not make assumptions and offer explicit alternatives if needed.","sanitized_content":"Yes, however it's fairly limited apparently. I couldn't find too much on it except for http://stackoverflow.com/a/13135858 and http://stackoverflow.com/a/8746128. I don't think I lose anything by explicitly inlining portions of the code.\r\n\r\nYou make a really good point regarding operators. I think your approach is fine as long as the user knows the implications of doing something like\r\n\r\n\r\n\tCode:\r\n\tvar vecA = new Vector(0.0f, 1.0f, 0.0f);\r\nvar vecB = Vector.Add(vecA, new Vector(1.0f, 0.0f, 0.0f));\r\nthen using vecA elsewhere expecting it to still be (0.0f, 1.0f, 0.0f)\r\n\r\nObviously this example is rather contrived but it's something that could easily be glossed over. I think it's safer to not make assumptions and offer explicit alternatives if needed.","ratings":{}}