{"thread":1398111,"page":13,"author":{"name":"slime73","info":{"os":"Mac","browser":"Safari","country":"Canada"},"type":"blue"},"date":1402372800,"number":"490","id":"45056673","content":"<div class=\"quote\">\r\n\t\r\n\t\t<div class=\"information\">\r\n\t\t\t\r\n\t\t\t\t<a href=\"showthread.php?p=45056120#post45056120\" rel=\"nofollow\">Icedshot posted:</a>\r\n\t\t\t\r\n\t\t</div>\r\n\t\r\n\t<div class=\"message\">On a more serious note, I originally started this project as a software renderer to learn a bit about 3D graphics</div>\r\n\t\r\n</div> If you're interested in some of the low level details of how the real graphics pipeline works, this is a great set of blogposts: <a href=\"http://fgiesen.wordpress.com/2011/07/09/a-trip-through-the-graphics-pipeline-2011-index/\" target=\"_blank\">http://fgiesen.wordpress.com/2011/07...ne-2011-index/</a><br>\r\n<br>\r\nOr software rasterization: <a href=\"http://fgiesen.wordpress.com/2013/02/17/optimizing-sw-occlusion-culling-index/\" target=\"_blank\">http://fgiesen.wordpress.com/2013/02...culling-index/</a>","sanitized_content":"If you're interested in some of the low level details of how the real graphics pipeline works, this is a great set of blogposts: http://fgiesen.wordpress.com/2011/07...ne-2011-index/\r\n\r\nOr software rasterization: http://fgiesen.wordpress.com/2013/02...culling-index/","ratings":{"informative":1}}