{"thread":1398111,"page":13,"author":{"name":"Icedshot","info":{"os":"Windows 7","browser":"Chrome","country":"United Kingdom"},"type":"blue"},"date":1402372800,"number":"482","id":"45055552","content":"The more I turn this space game into a serious project, the more I realise that writing a renderer in near pure C++/OpenCL was a horrible idea and I should have been shot. There's got to be a better way of handling memory than this, especially the unholy SFML/OpenGL/OpenCL combo I've got going here<br>\r\n<br>\r\nStill though, its pretty hilarious and its going surprisingly non-tremendously-badly","sanitized_content":"The more I turn this space game into a serious project, the more I realise that writing a renderer in near pure C++/OpenCL was a horrible idea and I should have been shot. There's got to be a better way of handling memory than this, especially the unholy SFML/OpenGL/OpenCL combo I've got going here\r\n\r\nStill though, its pretty hilarious and its going surprisingly non-tremendously-badly","ratings":{"funny":1,"agree":1}}