{"thread":1398111,"page":13,"author":{"name":"Bladezor","info":{"browser":"Unknown"},"type":"gold"},"date":1402372800,"number":"486","id":"45056057","content":"<div class=\"quote\">\r\n\t\r\n\t\t<div class=\"information\">\r\n\t\t\t\r\n\t\t\t\t<a href=\"showthread.php?p=45051420#post45051420\" rel=\"nofollow\">Xystus234 posted:</a>\r\n\t\t\t\r\n\t\t</div>\r\n\t\r\n\t<div class=\"message\">how do you shoot a ray</div>\r\n\t\r\n</div> In short, a ray is simply a line with an starting position and direction. In the context of ray-tracing one or more rays are defined for each pixel on the screen. Those rays are then individually tested for intersections against every object in the scene.<br>\r\n<br>\r\nThe simplest example of this would be coloring a sphere a solid color. You define one ray per pixel, test all those rays against the sphere. The pixels associated with those rays that collided are then set to a solid color (like red), all the rest black.<br>\r\n<br>\r\nDoing that gives you something like this:<br>\r\n<br>\r\n<img src=\"http://i.imgur.com/Nb4psUc.png\" border=\"0\" alt=\"\"><br>\r\n<br>\r\nFrom there you can take it further my implementing lighting, reflections, etc.","sanitized_content":"In short, a ray is simply a line with an starting position and direction. In the context of ray-tracing one or more rays are defined for each pixel on the screen. Those rays are then individually tested for intersections against every object in the scene.\r\n\r\nThe simplest example of this would be coloring a sphere a solid color. You define one ray per pixel, test all those rays against the sphere. The pixels associated with those rays that collided are then set to a solid color (like red), all the rest black.\r\n\r\nDoing that gives you something like this:\r\n\r\n\r\n\r\nFrom there you can take it further my implementing lighting, reflections, etc.","ratings":{"agree":2,"informative":1,"useful":1}}