{"thread":1398111,"page":13,"author":{"name":"Mega1mpact","info":{"os":"Linux","browser":"Firefox","country":"Netherlands"},"type":"gold"},"date":1402372800,"number":"516","id":"45064181","content":"<div class=\"quote\">\r\n\t\r\n\t\t<div class=\"information\">\r\n\t\t\t\r\n\t\t\t\t<a href=\"showthread.php?p=45064017#post45064017\" rel=\"nofollow\">Tobba posted:</a>\r\n\t\t\t\r\n\t\t</div>\r\n\t\r\n\t<div class=\"message\">Rust is coming really close to getting unboxed closures and dynamically sized types.<br>\r\n<br>\r\nI am excited.</div>\r\n\t\r\n</div> qt/gtk bindings when?","sanitized_content":"qt/gtk bindings when?","ratings":{"agree":1}}