{"thread":1398111,"page":13,"author":{"name":"Dr Magnusson","info":{"os":"Windows 7","browser":"Chrome","country":"Denmark"},"type":"gold"},"date":1402372800,"number":"505","id":"45060927","content":"Been making a lot of progress on my speech recognition program, and have managed to set up a simple plugin that let's you play music from your WMP library. I hit a few snags along the way, problems I've had before. One of the big problems I had the last time, and which was a big factor in me losing interest in the project, was the fact that adding rules for playing individual songs by issuing commands naming the artist and piece, took forever with the amount of music I had on my computer. Generating all those states and transitions took between 30 seconds and a full minute.<br>\r\n<br>\r\nDetermined to cut down on that time, I used the VS profiler to locate one of the bottlenecks in individual allocation of transitions on the heap, and implemented an ad-hoc memory pool to remedy it, but it was still too slow. I finally gave in and decided to figure out how the built-in saving and loading of rules worked, which I had failed to debug earlier, and very quickly managed to get it working, meaning that it once again takes no longer than 5 seconds from I hit &quot;Debug&quot; till I can start issuing commands, making debugging problems as they arise much less of a chore.<br>\r\n<br>\r\nSo I'm back on track! So far I've managed to take care of at least three huge issues I couldn't tackle the last time around: <br>\r\n<br>\r\n1. Easy instantiation of COM objects without too much fiddling (still needs a bit of work).<br>\r\n2. Find a way to save/load rules, or otherwise speed up big plugins<br>\r\n3. Design the state/rule/transition interactions in such a way that they're easy to write, ownership is clearly defined, and are flexible enough that you can write complex sentence diagrams in it without needing to resort to individually instantiated states like before.<br>\r\n<br>\r\nI'm gonna turn my attention towards completing the Media plugin now, so I can hopefully identify the usage problems that might exist in the way I'm doing things now, and figure out how task focus and complex commands would work.<br>\r\n<br>\r\nThe media plugin &quot;example&quot; can be found at <a href=\"https://github.com/MathiasPius/Home-Media-Plugin\" target=\"_blank\">https://github.com/MathiasPius/Home-Media-Plugin</a>, with the most interesting usage code being in Media.cpp. Please note that a lot of the functionality expected of the plugin is implemented yet, and right now just lets you play by artist, genre, and artist-song.","sanitized_content":"Been making a lot of progress on my speech recognition program, and have managed to set up a simple plugin that let's you play music from your WMP library. I hit a few snags along the way, problems I've had before. One of the big problems I had the last time, and which was a big factor in me losing interest in the project, was the fact that adding rules for playing individual songs by issuing commands naming the artist and piece, took forever with the amount of music I had on my computer. Generating all those states and transitions took between 30 seconds and a full minute.\r\n\r\nDetermined to cut down on that time, I used the VS profiler to locate one of the bottlenecks in individual allocation of transitions on the heap, and implemented an ad-hoc memory pool to remedy it, but it was still too slow. I finally gave in and decided to figure out how the built-in saving and loading of rules worked, which I had failed to debug earlier, and very quickly managed to get it working, meaning that it once again takes no longer than 5 seconds from I hit \"Debug\" till I can start issuing commands, making debugging problems as they arise much less of a chore.\r\n\r\nSo I'm back on track! So far I've managed to take care of at least three huge issues I couldn't tackle the last time around: \r\n\r\n1. Easy instantiation of COM objects without too much fiddling (still needs a bit of work).\r\n2. Find a way to save/load rules, or otherwise speed up big plugins\r\n3. Design the state/rule/transition interactions in such a way that they're easy to write, ownership is clearly defined, and are flexible enough that you can write complex sentence diagrams in it without needing to resort to individually instantiated states like before.\r\n\r\nI'm gonna turn my attention towards completing the Media plugin now, so I can hopefully identify the usage problems that might exist in the way I'm doing things now, and figure out how task focus and complex commands would work.\r\n\r\nThe media plugin \"example\" can be found at https://github.com/MathiasPius/Home-Media-Plugin, with the most interesting usage code being in Media.cpp. Please note that a lot of the functionality expected of the plugin is implemented yet, and right now just lets you play by artist, genre, and artist-song.","ratings":{"useful":4}}