{"thread":1398111,"page":13,"author":{"name":"Bladezor","info":{"browser":"Unknown"},"type":"gold"},"date":1402372800,"number":"499","id":"45058177","content":"<div class=\"quote\">\r\n\t\r\n\t\t<div class=\"information\">\r\n\t\t\t\r\n\t\t\t\t<a href=\"showthread.php?p=45057100#post45057100\" rel=\"nofollow\">sambooo posted:</a>\r\n\t\t\t\r\n\t\t</div>\r\n\t\r\n\t<div class=\"message\">That definitely doesn't look right</div>\r\n\t\r\n</div> Whoops. <img src=\"/fp/emoot/v.gif\" border=\"0\" alt=\"\" title=\"V\" class=\"inlineimg\"><br>\r\n<br>\r\n<font size=\"1\" color=\"#444444\"><b>Edited:</b></font><br>\r\n<br>\r\n<div class=\"quote\">\r\n\t\r\n\t\t<div class=\"information\">\r\n\t\t\t\r\n\t\t\t\t<a href=\"showthread.php?p=45056385#post45056385\" rel=\"nofollow\">ECrownofFire posted:</a>\r\n\t\t\t\r\n\t\t</div>\r\n\t\r\n\t<div class=\"message\">There's a lot of code duplication there <img src=\"/fp/emoot/v.gif\" border=\"0\" alt=\"\" title=\"V\" class=\"inlineimg\"></div>\r\n\t\r\n</div> Only did that to reduce method calls. I'm curious as to whether it makes any difference.<br>\r\n<br>\r\nThere is some overhead in method calls in C#. I think this may be one of the rare occasions where it might be justifiable to inline, granted I still need to run some diagnostics for sure, but it's definitely not hurting anything.<br>\r\n<br>\r\nFor just the '<b>-</b>' operator, it's being called at a minimum of 480000 times at 800*600 resolution to setup the rays. In reality it's actually far more than that, especially with reflections and super-sampling, and that's only the - operator.","sanitized_content":"Whoops. \r\n\r\nEdited:\r\n\r\n Only did that to reduce method calls. I'm curious as to whether it makes any difference.\r\n\r\nThere is some overhead in method calls in C#. I think this may be one of the rare occasions where it might be justifiable to inline, granted I still need to run some diagnostics for sure, but it's definitely not hurting anything.\r\n\r\nFor just the '-' operator, it's being called at a minimum of 480000 times at 800*600 resolution to setup the rays. In reality it's actually far more than that, especially with reflections and super-sampling, and that's only the - operator.","ratings":{}}