{"thread":1398111,"page":13,"author":{"name":"Icedshot","info":{"os":"Windows 7","browser":"Chrome","country":"United Kingdom"},"type":"blue"},"date":1402372800,"number":"485","id":"45056011","content":"Space billboards!<br>\r\n<br>\r\n<img src=\"https://dl.dropboxusercontent.com/u/9317774/billboard.PNG\" border=\"0\" alt=\"\"><br>\r\n<br>\r\nNo wait.. what?<br>\r\n<br>\r\n<img src=\"https://dl.dropboxusercontent.com/u/9317774/actually%20is%20point%20cloud.PNG\" border=\"0\" alt=\"\"><br>\r\n<br>\r\nTurns out I accidentally created a point cloud texture renderer. I'm not 100% sure that's entirely particularly useful, scrap that idea","sanitized_content":"Space billboards!\r\n\r\n\r\n\r\nNo wait.. what?\r\n\r\n\r\n\r\nTurns out I accidentally created a point cloud texture renderer. I'm not 100% sure that's entirely particularly useful, scrap that idea","ratings":{"funny":16,"artistic":2}}