{"thread":1398111,"page":13,"author":{"name":"Drury","info":{"os":"Windows 7","browser":"Opera","country":"Slovakia"},"type":"blue"},"date":1402372800,"number":"506","id":"45061274","content":"<div class=\"quote\">\r\n\t\r\n\t\t<div class=\"information\">\r\n\t\t\t\r\n\t\t\t\t<a href=\"showthread.php?p=45059880#post45059880\" rel=\"nofollow\">Rayboy1995 posted:</a>\r\n\t\t\t\r\n\t\t</div>\r\n\t\r\n\t<div class=\"message\">I messed up wave generation a bit. Needless to say I was unable to hold them off. <img src=\"/fp/emoot/v.gif\" border=\"0\" alt=\"\" title=\"V\" class=\"inlineimg\"><br>\r\n<img src=\"http://i57.tinypic.com/dmzfiu.jpg\" border=\"0\" alt=\"\"></div>\r\n\t\r\n</div> This inspired me to test ~40 tanks at once<br>\r\n<br>\r\n<a href=\"http://i.imgur.com/fTd86v9.png\"><img src=\"http://i.imgur.com/fTd86v9.png\" border=\"0\" class=\"thumbnail\"></a><br>\r\n<br>\r\nT(h)ankfully never dropped below 100FPS even though my PC is ancient - then again, there's not much of a game to be run. The tanks do have collision boxes and bump into each other constantly, though.<br>\r\n<br>\r\nGG Unity I guess.","sanitized_content":"This inspired me to test ~40 tanks at once\r\n\r\n\r\n\r\nT(h)ankfully never dropped below 100FPS even though my PC is ancient - then again, there's not much of a game to be run. The tanks do have collision boxes and bump into each other constantly, though.\r\n\r\nGG Unity I guess.","ratings":{"disagree":2,"zing":2,"funny":1,"winner":1}}