{"thread":1398111,"page":13,"author":{"name":"Berkin","info":{"browser":"Unknown"},"type":"gold"},"date":1402372800,"number":"492","id":"45056783","content":"<div class=\"quote\">\r\n\t\r\n\t\t<div class=\"information\">\r\n\t\t\t\r\n\t\t\t\t<a href=\"showthread.php?p=45056674#post45056674\" rel=\"nofollow\">Tovip posted:</a>\r\n\t\t\t\r\n\t\t</div>\r\n\t\r\n\t<div class=\"message\"><img src=\"http://i.imgur.com/5q9ovIT.gif\" border=\"0\" alt=\"\"><br>\r\nrandom head generation!<br>\r\nSome of them look kinda freaky but that's all part of the fun<br>\r\n<img src=\"http://i.imgur.com/I0tEmPt.gif\" border=\"0\" alt=\"\"></div>\r\n\t\r\n</div> Will arms also be an upcoming feature?","sanitized_content":"Will arms also be an upcoming feature?","ratings":{"funny":28}}