{"thread":1398111,"page":13,"author":{"name":"Darwin226","info":{"browser":"Unknown"},"type":"gold"},"date":1402372800,"number":"512","id":"45063472","content":"<div class=\"quote\">\r\n\t\r\n\t\t<div class=\"information\">\r\n\t\t\t\r\n\t\t\t\t<a href=\"showthread.php?p=45063037#post45063037\" rel=\"nofollow\">Lemmingz95 posted:</a>\r\n\t\t\t\r\n\t\t</div>\r\n\t\r\n\t<div class=\"message\">Bladezor, doesn't the c# compiler inline things when appropriate anyway? (Hence no c# 'inline' directive). The sort of micro-optimisation you're doing might not have a noticeable effect or indeed an, it's best to use what you have until it becomes a bottleneck.<br>\r\n<br>\r\nWhat did make a difference for me was doing something along the lines of:<br>\r\n<br>\r\n<div class=\"bbcode_container\">\r\n\t<div class=\"bbcode_description\">Code:</div>\r\n\t<pre class=\"bbcode_code\" style=\"height:119.997px;\">Vector Add(Vector A, Vector B)\r\n{\r\n    A.x += B.x;\r\n    A.y += B.y;\r\n\r\n    Return A;\r\n}</pre>\r\n</div>This saves creating a new object (I.e. Return new Vector(A.x + B.x, A.y + B.y)). I don't know whether this is dumb but testing showed a definite, if small, boost. I have a feeling this is why I've heard that using ref parameters is quicker in this situation - no object creation instead of ref being somehow quicker than normal parameters (copying a reference to stack is only <i>marginally</i> faster for <b>huge</b> structs).<br>\r\n<br>\r\nSomeone with authority please correct me if I'm wrong, I'm doing exactly the same thing (vector class) atm and still novice programmer!<br>\r\n<br>\r\n<font size=\"1\" color=\"#444444\"><b>Edited:</b></font><br>\r\n<br>\r\nI think also it's nice to have named alternatives to operators: <a href=\"http://msdn.microsoft.com/en-us/library/ms182355.aspx\" target=\"_blank\">http://msdn.microsoft.com/en-us/library/ms182355.aspx</a><br>\r\n<br>\r\nFor robustness' sake.</div>\r\n\t\r\n</div> There's an interesting point to be made here. Modifying one of the operands is faster than making a new object, but then you loose the nice properties of immutability. The thing is, a sufficiently smart compiler could deduce which vectors are never used after some operation and automatically use that one instead of creating a new one. That way the vectors are immutable as far as the programmer is concerned and there's no performance penalty. <br>\r\n<br>\r\nI don't know of any compiler/preprocesor that currently does this but I didn't really do much research on the subject.","sanitized_content":"There's an interesting point to be made here. Modifying one of the operands is faster than making a new object, but then you loose the nice properties of immutability. The thing is, a sufficiently smart compiler could deduce which vectors are never used after some operation and automatically use that one instead of creating a new one. That way the vectors are immutable as far as the programmer is concerned and there's no performance penalty. \r\n\r\nI don't know of any compiler/preprocesor that currently does this but I didn't really do much research on the subject.","ratings":{"useful":1,"agree":1}}