{"thread":1398111,"page":13,"author":{"name":"Rayboy1995","info":{"os":"Windows XP","browser":"Chrome","country":"United States"},"type":"blue"},"date":1402372800,"number":"501","id":"45059880","content":"I messed up wave generation a bit. Needless to say I was unable to hold them off. <img src=\"/fp/emoot/v.gif\" border=\"0\" alt=\"\" title=\"V\" class=\"inlineimg\"><br>\r\n<img src=\"http://i57.tinypic.com/dmzfiu.jpg\" border=\"0\" alt=\"\">","sanitized_content":"I messed up wave generation a bit. Needless to say I was unable to hold them off.","ratings":{"funny":7,"winner":5,"zing":1}}