{"thread":1398111,"page":13,"author":{"name":"Gran PC","info":{"os":"Mac","browser":"Chrome","country":"Spain"},"type":"blue"},"date":1402372800,"number":"498","id":"45057608","content":"<div class=\"quote\">\r\n\t\r\n\t\t<div class=\"information\">\r\n\t\t\t\r\n\t\t\t\t<a href=\"showthread.php?p=45056783#post45056783\" rel=\"nofollow\">Berkin posted:</a>\r\n\t\t\t\r\n\t\t</div>\r\n\t\r\n\t<div class=\"message\">Will arms also be an upcoming feature?</div>\r\n\t\r\n</div> thats a stretch goal","sanitized_content":"thats a stretch goal","ratings":{"funny":31,"zing":3,"late":1,"agree":1}}