{"thread":1398111,"page":13,"author":{"name":"ThePuska","info":{"os":"Windows 7","browser":"Firefox","country":"Finland"},"type":"gold"},"date":1402372800,"number":"500","id":"45058701","content":"Last weekend I coded a MIPS-32 binary interpreter for x86-64. I had this crazy idea of using the 16 XMM registers for tightly packing the 32 GP and 32 FP registers that MIPS uses. But it ended up not really being worth it - since translating from a MIPS register to an XMM register required a table lookup anyway. However if it wasn't an interpreter but a JIT compiler, it'd probably be quite fast (compared to storing the VM state in memory anyway) - plus you could effectively interleave MIPS and x86 code together since they'd use mostly their own registers.<br>\r\n<br>\r\n<br>\r\nAlso cross-posting an advertisement:<br>\r\n<br>\r\nHas anyone worked with X.509 certs, PKCS#7, implementing PC/SC for some smart card, or raw communication with smart cards (using standardized APDUs)?<br>\r\n<br>\r\nIf you know something useful about those technologies, we might pay for consultation. Or if you have code you can sell with a permissive license, even better.","sanitized_content":"Last weekend I coded a MIPS-32 binary interpreter for x86-64. I had this crazy idea of using the 16 XMM registers for tightly packing the 32 GP and 32 FP registers that MIPS uses. But it ended up not really being worth it - since translating from a MIPS register to an XMM register required a table lookup anyway. However if it wasn't an interpreter but a JIT compiler, it'd probably be quite fast (compared to storing the VM state in memory anyway) - plus you could effectively interleave MIPS and x86 code together since they'd use mostly their own registers.\r\n\r\n\r\nAlso cross-posting an advertisement:\r\n\r\nHas anyone worked with X.509 certs, PKCS#7, implementing PC/SC for some smart card, or raw communication with smart cards (using standardized APDUs)?\r\n\r\nIf you know something useful about those technologies, we might pay for consultation. Or if you have code you can sell with a permissive license, even better.","ratings":{"programming_king":2,"winner":2}}