{"thread":1398111,"page":13,"author":{"name":"ZenX2","info":{"os":"Mac","browser":"Chrome","country":"United States"},"type":"gold"},"date":1402372800,"number":"518","id":"45064502","content":"I converted my virtual console library to use ffi types for the screenbuffer (an array of structs each with a char and two float[4] arrays for fore/background color) and suddenly I can't clear spots with spaces. Somehow.","sanitized_content":"I converted my virtual console library to use ffi types for the screenbuffer (an array of structs each with a char and two float[4] arrays for fore/background color) and suddenly I can't clear spots with spaces. Somehow.","ratings":{}}