{"thread":1398111,"page":13,"author":{"name":"Bladezor","info":{"browser":"Unknown"},"type":"gold"},"date":1402372800,"number":"508","id":"45061938","content":"So at work during lunch I decided to look and see if I could make the ray-tracer any quicker. The most obvious thing that came to mind was parallelization. <br>\r\n<br>\r\nRay-tracing is <i>for the most part</i> embarrassingly parallel, you could in theory, shoot all the rays simultaneously if you had enough cores. If you start incorporating things like photon mapping it becomes less so.<br>\r\n<br>\r\nSo I looked into <a href=\"http://msdn.microsoft.com/en-us/library/dd460720(v=vs.110).aspx\" target=\"_blank\">Parallel.ForEach</a> that's available in the Task Parallel Library.<br>\r\n<br>\r\nI re-wrote my ray-trace loop to utilize Parallel.ForEach and the results are pretty impressive. It takes ~7 seconds to shoot 17280000 rays, down from 31 seconds with the previous serial method. That's an over 4-fold increase in performance!<br>\r\n<br>\r\nUnfortunately, I ran into some really odd issues. I'll let the pictures speak for themselves.<br>\r\n<br>\r\n<img src=\"http://i.imgur.com/L0gRSHb.png\" border=\"0\" alt=\"\"><br>\r\n<img src=\"http://i.imgur.com/YN3ewT1.png\" border=\"0\" alt=\"\"><br>\r\n<br>\r\nInteresting that increasing the sample rate reduces the amount of artifacts entirely, you'd think it'd simply blend them in a little.<br>\r\n<br>\r\nI'll dig into it more when I get home. It would be cool if I could get something running at even 10FPS.","sanitized_content":"So at work during lunch I decided to look and see if I could make the ray-tracer any quicker. The most obvious thing that came to mind was parallelization. \r\n\r\nRay-tracing is for the most part embarrassingly parallel, you could in theory, shoot all the rays simultaneously if you had enough cores. If you start incorporating things like photon mapping it becomes less so.\r\n\r\nSo I looked into Parallel.ForEach that's available in the Task Parallel Library.\r\n\r\nI re-wrote my ray-trace loop to utilize Parallel.ForEach and the results are pretty impressive. It takes ~7 seconds to shoot 17280000 rays, down from 31 seconds with the previous serial method. That's an over 4-fold increase in performance!\r\n\r\nUnfortunately, I ran into some really odd issues. I'll let the pictures speak for themselves.\r\n\r\n\r\n\r\n\r\nInteresting that increasing the sample rate reduces the amount of artifacts entirely, you'd think it'd simply blend them in a little.\r\n\r\nI'll dig into it more when I get home. It would be cool if I could get something running at even 10FPS.","ratings":{}}