{"thread":1398111,"page":13,"author":{"name":"Bladezor","info":{"browser":"Unknown"},"type":"gold"},"date":1402372800,"number":"488","id":"45056208","content":"Finally finished Removing the reference to XNA, huzzah!<br>\r\n<br>\r\nHere's the Vector3 implementation I came up with<br>\r\n<br>\r\n<div class=\"bbcode_container\">\r\n\t<div class=\"bbcode_description\">Code:</div>\r\n\t<pre class=\"bbcode_code\" style=\"height:813.313px;\">using System;\r\nusing System.Collections.Generic;\r\nusing System.Linq;\r\nusing System.Text;\r\nusing System.Threading.Tasks;\r\n\r\nnamespace Raytracer\r\n{\r\n    public struct Vector3\r\n    {\r\n        public Vector3 (float val)\r\n        {\r\n            X = val;\r\n            Y = val;\r\n            Z = val;\r\n        }\r\n        public Vector3 (float x, float y, float z)\r\n        {\r\n            X = x;\r\n            Y = y;\r\n            Z = z;\r\n        }\r\n\r\n        public static Vector3 Forward = new Vector3(0.0f, 0.0f, 1.0f);\r\n        public static Vector3 Backward = new Vector3(0.0f, 0.0f, -1.0f);\r\n        public static Vector3 Left = new Vector3(-1.0f, 0.0f, 0.0f);\r\n        public static Vector3 Right = new Vector3(1.0f, 0.0f, 0.0f);\r\n        public static Vector3 Up = new Vector3(0.0f, 1.0f, 0.0f);\r\n        public static Vector3 Down = new Vector3(0.0f, -1.0f, 0.0f);\r\n        public static Vector3 Zero = new Vector3(0.0f, 0.0f, 0.0f);\r\n\r\n        public override bool Equals(Object obj)\r\n        {\r\n            if (obj == null)\r\n            {\r\n                return false;\r\n            }\r\n\r\n            if (!(obj is Vector3))\r\n                return false;\r\n\r\n            var vec = (Vector3)obj;\r\n\r\n            return (X == vec.X) &amp;&amp; (Y == vec.Y) &amp;&amp; (Z == vec.Z);\r\n        }\r\n\r\n        public static float Dot(Vector3 vec1, Vector3 vec2)\r\n        {\r\n            float dot1 = vec1.X * vec2.X;\r\n            float dot2 = vec1.Y * vec2.Y;\r\n            float dot3 = vec1.Z * vec2.Z;\r\n            return dot1 + dot2 + dot3;\r\n        }\r\n\r\n        public float LengthSquared()\r\n        {\r\n            float dot1 = X * X;\r\n            float dot2 = Y * Y;\r\n            float dot3 = Z * Z;\r\n            return dot1 + dot2 + dot3;\r\n        }\r\n\r\n        public static float Length(Vector3 vec)\r\n        {\r\n            float dot1 = vec.X * vec.X;\r\n            float dot2 = vec.Y * vec.Y;\r\n            float dot3 = vec.Z * vec.Z;\r\n            float dot = dot1 + dot2 + dot3;\r\n            return (float)Math.Sqrt(dot);\r\n        }\r\n\r\n        public float Length()\r\n        {\r\n            float dot1 = X * X;\r\n            float dot2 = Y * Y;\r\n            float dot3 = Z * Z;\r\n            float dot = dot1 + dot2 + dot3;\r\n            return (float)Math.Sqrt(dot);\r\n        }\r\n\r\n        public Vector3 Cross(Vector3 vec)\r\n        {\r\n            float cx = Y * vec.Z - Z * vec.Y;\r\n            float cy = Z * vec.X - X * vec.Z;\r\n            float cz = X * vec.Y - Y * vec.X;\r\n            return new Vector3(cx, cy, cz);\r\n        }\r\n\r\n        public void Normalize()\r\n        {\r\n            float dot1 = this.X * this.X;\r\n            float dot2 = this.Y * this.Y;\r\n            float dot3 = this.Z * this.Z;\r\n            float dot = dot1 + dot2 + dot3;\r\n\r\n            float length = (float)Math.Sqrt(dot);\r\n\r\n            X = X / length;\r\n            Y = Y / length;\r\n            Z = Z / length;\r\n        }\r\n\r\n        public static Vector3 Reflect(Vector3 I, Vector3 N)\r\n        {\r\n            return I - 2 * N * Vector3.Dot(I, N);\r\n        }\r\n\r\n        public static Vector3 operator +(Vector3 c1, Vector3 c2)\r\n        {\r\n            return new Vector3(c1.X + c2.X, c1.Y + c2.Y, c1.Z + c2.Z);\r\n        }\r\n\r\n        public static Vector3 operator -(Vector3 c1, Vector3 c2)\r\n        {\r\n            return new Vector3(c1.X - c2.X, c1.Y - c2.Y, c1.Z - c2.Z);\r\n        }\r\n\r\n        public static Vector3 operator *(Vector3 v1, float s)\r\n        {\r\n            return new Vector3(v1.X * s, v1.Y * s, v1.Z * s);\r\n        }\r\n\r\n        public static Vector3 operator *(float s, Vector3 v1)\r\n        {\r\n            return new Vector3(v1.X * s, v1.Y * s, v1.Z * s);\r\n        }\r\n\r\n        public float X;\r\n        public float Y;\r\n        public float Z;\r\n    }\r\n}</pre>\r\n</div>Unfortunately, because I spent most of the day rewriting, I wasn't able to get anything new done. <br>\r\n<br>\r\nI hope to get something with shadows or refraction done tomorrow, not really sure which I'll tackle first.","sanitized_content":"Finally finished Removing the reference to XNA, huzzah!\r\n\r\nHere's the Vector3 implementation I came up with\r\n\r\n\r\n\tCode:\r\n\tusing System;\r\nusing System.Collections.Generic;\r\nusing System.Linq;\r\nusing System.Text;\r\nusing System.Threading.Tasks;\r\n\r\nnamespace Raytracer\r\n{\r\n    public struct Vector3\r\n    {\r\n        public Vector3 (float val)\r\n        {\r\n            X = val;\r\n            Y = val;\r\n            Z = val;\r\n        }\r\n        public Vector3 (float x, float y, float z)\r\n        {\r\n            X = x;\r\n            Y = y;\r\n            Z = z;\r\n        }\r\n\r\n        public static Vector3 Forward = new Vector3(0.0f, 0.0f, 1.0f);\r\n        public static Vector3 Backward = new Vector3(0.0f, 0.0f, -1.0f);\r\n        public static Vector3 Left = new Vector3(-1.0f, 0.0f, 0.0f);\r\n        public static Vector3 Right = new Vector3(1.0f, 0.0f, 0.0f);\r\n        public static Vector3 Up = new Vector3(0.0f, 1.0f, 0.0f);\r\n        public static Vector3 Down = new Vector3(0.0f, -1.0f, 0.0f);\r\n        public static Vector3 Zero = new Vector3(0.0f, 0.0f, 0.0f);\r\n\r\n        public override bool Equals(Object obj)\r\n        {\r\n            if (obj == null)\r\n            {\r\n                return false;\r\n            }\r\n\r\n            if (!(obj is Vector3))\r\n                return false;\r\n\r\n            var vec = (Vector3)obj;\r\n\r\n            return (X == vec.X) && (Y == vec.Y) && (Z == vec.Z);\r\n        }\r\n\r\n        public static float Dot(Vector3 vec1, Vector3 vec2)\r\n        {\r\n            float dot1 = vec1.X * vec2.X;\r\n            float dot2 = vec1.Y * vec2.Y;\r\n            float dot3 = vec1.Z * vec2.Z;\r\n            return dot1 + dot2 + dot3;\r\n        }\r\n\r\n        public float LengthSquared()\r\n        {\r\n            float dot1 = X * X;\r\n            float dot2 = Y * Y;\r\n            float dot3 = Z * Z;\r\n            return dot1 + dot2 + dot3;\r\n        }\r\n\r\n        public static float Length(Vector3 vec)\r\n        {\r\n            float dot1 = vec.X * vec.X;\r\n            float dot2 = vec.Y * vec.Y;\r\n            float dot3 = vec.Z * vec.Z;\r\n            float dot = dot1 + dot2 + dot3;\r\n            return (float)Math.Sqrt(dot);\r\n        }\r\n\r\n        public float Length()\r\n        {\r\n            float dot1 = X * X;\r\n            float dot2 = Y * Y;\r\n            float dot3 = Z * Z;\r\n            float dot = dot1 + dot2 + dot3;\r\n            return (float)Math.Sqrt(dot);\r\n        }\r\n\r\n        public Vector3 Cross(Vector3 vec)\r\n        {\r\n            float cx = Y * vec.Z - Z * vec.Y;\r\n            float cy = Z * vec.X - X * vec.Z;\r\n            float cz = X * vec.Y - Y * vec.X;\r\n            return new Vector3(cx, cy, cz);\r\n        }\r\n\r\n        public void Normalize()\r\n        {\r\n            float dot1 = this.X * this.X;\r\n            float dot2 = this.Y * this.Y;\r\n            float dot3 = this.Z * this.Z;\r\n            float dot = dot1 + dot2 + dot3;\r\n\r\n            float length = (float)Math.Sqrt(dot);\r\n\r\n            X = X / length;\r\n            Y = Y / length;\r\n            Z = Z / length;\r\n        }\r\n\r\n        public static Vector3 Reflect(Vector3 I, Vector3 N)\r\n        {\r\n            return I - 2 * N * Vector3.Dot(I, N);\r\n        }\r\n\r\n        public static Vector3 operator +(Vector3 c1, Vector3 c2)\r\n        {\r\n            return new Vector3(c1.X + c2.X, c1.Y + c2.Y, c1.Z + c2.Z);\r\n        }\r\n\r\n        public static Vector3 operator -(Vector3 c1, Vector3 c2)\r\n        {\r\n            return new Vector3(c1.X - c2.X, c1.Y - c2.Y, c1.Z - c2.Z);\r\n        }\r\n\r\n        public static Vector3 operator *(Vector3 v1, float s)\r\n        {\r\n            return new Vector3(v1.X * s, v1.Y * s, v1.Z * s);\r\n        }\r\n\r\n        public static Vector3 operator *(float s, Vector3 v1)\r\n        {\r\n            return new Vector3(v1.X * s, v1.Y * s, v1.Z * s);\r\n        }\r\n\r\n        public float X;\r\n        public float Y;\r\n        public float Z;\r\n    }\r\n}\r\nUnfortunately, because I spent most of the day rewriting, I wasn't able to get anything new done. \r\n\r\nI hope to get something with shadows or refraction done tomorrow, not really sure which I'll tackle first.","ratings":{"winner":1,"programming_king":1}}