{"thread":1398111,"page":13,"author":{"name":"dmillerw","info":{"browser":"Unknown"},"type":"gold"},"date":1402372800,"number":"483","id":"45055653","content":"<div class=\"quote\">\r\n\t\r\n\t\t<div class=\"information\">\r\n\t\t\t\r\n\t\t\t\t<a href=\"showthread.php?p=45055471#post45055471\" rel=\"nofollow\">Map in a box posted:</a>\r\n\t\t\t\r\n\t\t</div>\r\n\t\r\n\t<div class=\"message\">It's a fetus</div>\r\n\t\r\n</div> * Used fetus<br>\r\n<br>\r\n... I'll show myself out","sanitized_content":"* Used fetus\r\n\r\n... I'll show myself out","ratings":{"funny":14}}