{"thread":1398111,"page":13,"author":{"name":"Icedshot","info":{"os":"Windows 7","browser":"Chrome","country":"United Kingdom"},"type":"blue"},"date":1402372800,"number":"507","id":"45061687","content":"<div class=\"quote\">\r\n\t\r\n\t\t<div class=\"information\">\r\n\t\t\t\r\n\t\t\t\t<a href=\"showthread.php?p=45061274#post45061274\" rel=\"nofollow\">Drury posted:</a>\r\n\t\t\t\r\n\t\t</div>\r\n\t\r\n\t<div class=\"message\">This inspired me to test ~40 tanks at once<br>\r\n<br>\r\nT(h)ankfully never dropped below 100FPS even though my PC is ancient - then again, there's not much of a game to be run. The tanks do have collision boxes and bump into each other constantly, though.<br>\r\n<br>\r\nGG Unity I guess.</div>\r\n\t\r\n</div> That's nothing, in my current setup a frame takes 431 ms! <br>\r\n<br>\r\nWait that's bad<br>\r\n<br>\r\nDebugging across pcie is fun <img src=\"/fp/emoot/v.gif\" border=\"0\" alt=\"\" title=\"V\" class=\"inlineimg\">","sanitized_content":"That's nothing, in my current setup a frame takes 431 ms! \r\n\r\nWait that's bad\r\n\r\nDebugging across pcie is fun","ratings":{"funny":1}}