{"thread":1398111,"page":13,"author":{"name":"Tovip","info":{"browser":"Unknown"},"type":"gold"},"date":1402372800,"number":"493","id":"45056818","content":"<div class=\"quote\">\r\n\t\r\n\t\t<div class=\"information\">\r\n\t\t\t\r\n\t\t\t\t<a href=\"showthread.php?p=45056783#post45056783\" rel=\"nofollow\">Berkin posted:</a>\r\n\t\t\t\r\n\t\t</div>\r\n\t\r\n\t<div class=\"message\">Will arms also be an upcoming feature?</div>\r\n\t\r\n</div> It's going to be like:<br>\n<img src=\"http://i.imgur.com/sSslVNG.gif\" border=\"0\" alt=\"\"><br>\nexcept not shit cause I wont be programming it","sanitized_content":"It's going to be like:\n\nexcept not shit cause I wont be programming it","ratings":{"funny":25,"winner":1}}