{"thread":1398111,"page":13,"author":{"name":"slime73","info":{"os":"Mac","browser":"Safari","country":"Canada"},"type":"blue"},"date":1402372800,"number":"484","id":"45056005","content":"<div class=\"quote\">\r\n\t\r\n\t\t<div class=\"information\">\r\n\t\t\t\r\n\t\t\t\t<a href=\"showthread.php?p=45055552#post45055552\" rel=\"nofollow\">Icedshot posted:</a>\r\n\t\t\t\r\n\t\t</div>\r\n\t\r\n\t<div class=\"message\">The more I turn this space game into a serious project, the more I realise that writing a renderer in near pure C++/OpenCL was a horrible idea and I should have been shot. There's got to be a better way of handling memory than this, especially the unholy SFML/OpenGL/OpenCL combo I've got going here</div>\r\n\t\r\n</div> I understand wanting to experiment with OpenCL, but why would you make a 3D game which intentionally doesn't use large portions of a GPU's hardware that is specifically designed for 3D games? There are many aspects of the rendering pipeline used in [Direct3D/OpenGL/etc.] which have dedicated fixed-function hardware in GPUs (which means it'll be more power-efficient and more performant than what you can do) or are specifically optimized by the driver for the GPU being used or aren't &quot;natively&quot; possible without a real graphics API.","sanitized_content":"I understand wanting to experiment with OpenCL, but why would you make a 3D game which intentionally doesn't use large portions of a GPU's hardware that is specifically designed for 3D games? There are many aspects of the rendering pipeline used in [Direct3D/OpenGL/etc.] which have dedicated fixed-function hardware in GPUs (which means it'll be more power-efficient and more performant than what you can do) or are specifically optimized by the driver for the GPU being used or aren't \"natively\" possible without a real graphics API.","ratings":{"agree":1}}