{"thread":1398111,"page":13,"author":{"name":"ZenX2","info":{"os":"Mac","browser":"Chrome","country":"United States"},"type":"gold"},"date":1402372800,"number":"494","id":"45056956","content":"I managed to get an x64 lpeg.so on here so now I can preprocess files during runtime, and I don't have to do it beforehand and make temporary processed files<br>\r\nAnd I successfully integrated cupid and lovebird together so now I have super-debugging powers<br>\r\nI think maybe it's time to add some more preprocessed syntactic sugar magic","sanitized_content":"I managed to get an x64 lpeg.so on here so now I can preprocess files during runtime, and I don't have to do it beforehand and make temporary processed files\r\nAnd I successfully integrated cupid and lovebird together so now I have super-debugging powers\r\nI think maybe it's time to add some more preprocessed syntactic sugar magic","ratings":{}}