{"thread":1398111,"page":13,"author":{"name":"Lemmingz95","info":{"browser":"Unknown"},"type":"blue"},"date":1402372800,"number":"511","id":"45063037","content":"Bladezor, doesn't the c# compiler inline things when appropriate anyway? (Hence no c# 'inline' directive). The sort of micro-optimisation you're doing might not have a noticeable effect or indeed an, it's best to use what you have until it becomes a bottleneck.<br>\r\n<br>\r\nWhat did make a difference for me was doing something along the lines of:<br>\r\n<br>\r\n<div class=\"bbcode_container\">\r\n\t<div class=\"bbcode_description\">Code:</div>\r\n\t<pre class=\"bbcode_code\" style=\"height:119.997px;\">Vector Add(Vector A, Vector B)\r\n{\r\n    A.x += B.x;\r\n    A.y += B.y;\r\n\r\n    Return A;\r\n}</pre>\r\n</div>This saves creating a new object (I.e. Return new Vector(A.x + B.x, A.y + B.y)). I don't know whether this is dumb but testing showed a definite, if small, boost. I have a feeling this is why I've heard that using ref parameters is quicker in this situation - no object creation instead of ref being somehow quicker than normal parameters (copying a reference to stack is only <i>marginally</i> faster for <b>huge</b> structs).<br>\r\n<br>\r\nSomeone with authority please correct me if I'm wrong, I'm doing exactly the same thing (vector class) atm and still novice programmer!<br>\n<br>\n<font size=\"1\" color=\"#444444\"><b>Edited:</b></font><br>\n<br>\nI think also it's nice to have named alternatives to operators: <a href=\"http://msdn.microsoft.com/en-us/library/ms182355.aspx\" target=\"_blank\">http://msdn.microsoft.com/en-us/library/ms182355.aspx</a><br>\r\n<br>\r\nFor robustness' sake.","sanitized_content":"Bladezor, doesn't the c# compiler inline things when appropriate anyway? (Hence no c# 'inline' directive). The sort of micro-optimisation you're doing might not have a noticeable effect or indeed an, it's best to use what you have until it becomes a bottleneck.\r\n\r\nWhat did make a difference for me was doing something along the lines of:\r\n\r\n\r\n\tCode:\r\n\tVector Add(Vector A, Vector B)\r\n{\r\n    A.x += B.x;\r\n    A.y += B.y;\r\n\r\n    Return A;\r\n}\r\nThis saves creating a new object (I.e. Return new Vector(A.x + B.x, A.y + B.y)). I don't know whether this is dumb but testing showed a definite, if small, boost. I have a feeling this is why I've heard that using ref parameters is quicker in this situation - no object creation instead of ref being somehow quicker than normal parameters (copying a reference to stack is only marginally faster for huge structs).\r\n\r\nSomeone with authority please correct me if I'm wrong, I'm doing exactly the same thing (vector class) atm and still novice programmer!\n\nEdited:\n\nI think also it's nice to have named alternatives to operators: http://msdn.microsoft.com/en-us/library/ms182355.aspx\r\n\r\nFor robustness' sake.","ratings":{"useful":1,"agree":1}}