{"thread":1398111,"page":13,"author":{"name":"Deco Da Man","info":{"os":"Windows 8","browser":"Chrome","country":"Australia"},"type":"gold"},"date":1402372800,"number":"504","id":"45060468","content":"So much WAYWO to catch up on :O<br>\r\n<br>\r\nJust finished my first semester of Software Engineering Project.<br>\r\n<br>\r\nHere are some videos of the prototypes my five-member group produced:<br>\r\n<br>\r\n<div class=\"center\"><div class=\"video\"><iframe title=\"YouTube video player\" width=\"100%\" height=\"100%\" src=\"http://www.youtube.com/embed/xVBe_q1ouJk?hd=1\" frameborder=\"0\" allowfullscreen=\"\"></iframe></div></div><br>\r\n<div class=\"center\"><div class=\"video\"><iframe title=\"YouTube video player\" width=\"100%\" height=\"100%\" src=\"http://www.youtube.com/embed/Sbsg_KVwBCg?hd=1\" frameborder=\"0\" allowfullscreen=\"\"></iframe></div></div><br>\r\n<div class=\"center\"><div class=\"video\"><iframe title=\"YouTube video player\" width=\"100%\" height=\"100%\" src=\"http://www.youtube.com/embed/jNYGW74slbQ?hd=1\" frameborder=\"0\" allowfullscreen=\"\"></iframe></div></div><br>\r\n<div class=\"center\"><div class=\"video\"><iframe title=\"YouTube video player\" width=\"100%\" height=\"100%\" src=\"http://www.youtube.com/embed/xTFBjCmCg0E?hd=1\" frameborder=\"0\" allowfullscreen=\"\"></iframe></div></div><br>\r\nWe needed lots of flashy videos cause our report was so bad :P<br>\r\n(<a href=\"https://docs.google.com/file/d/0B1U_qbN7fbirVTBCZ0VFVjh5Wms\" target=\"_blank\">link</a>... dun hate on mah latex!)","sanitized_content":"So much WAYWO to catch up on :O\r\n\r\nJust finished my first semester of Software Engineering Project.\r\n\r\nHere are some videos of the prototypes my five-member group produced:\r\n\r\n\r\n\r\n\r\n\r\nWe needed lots of flashy videos cause our report was so bad :P\r\n(link... dun hate on mah latex!)","ratings":{"programming_king":12,"artistic":6,"winner":1,"funny":1}}