{"thread":1398111,"page":13,"author":{"name":"Darwin226","info":{"browser":"Unknown"},"type":"gold"},"date":1402372800,"number":"519","id":"45064553","content":"<div class=\"quote\">\r\n\t\r\n\t\t<div class=\"information\">\r\n\t\t\t\r\n\t\t\t\t<a href=\"showthread.php?p=45064115#post45064115\" rel=\"nofollow\">Bladezor posted:</a>\r\n\t\t\t\r\n\t\t</div>\r\n\t\r\n\t<div class=\"message\">Yes, however it's fairly limited apparently. I couldn't find too much on it except for <a href=\"http://stackoverflow.com/a/13135858\" target=\"_blank\">http://stackoverflow.com/a/13135858</a> and <a href=\"http://stackoverflow.com/a/8746128\" target=\"_blank\">http://stackoverflow.com/a/8746128</a>. I don't think I lose anything by explicitly inlining portions of the code.<br>\r\n<br>\r\nYou make a really good point regarding operators. I think your approach is fine as long as the user knows the implications of doing something like<br>\r\n<br>\r\n<div class=\"bbcode_container\">\r\n\t<div class=\"bbcode_description\">Code:</div>\r\n\t<pre class=\"bbcode_code\" style=\"height:53.332px;\">var vecA = new Vector(0.0f, 1.0f, 0.0f);\r\nvar vecB = Vector.Add(vecA, new Vector(1.0f, 0.0f, 0.0f));</pre>\r\n</div>then using vecA elsewhere expecting it to still be (0.0f, 1.0f, 0.0f)<br>\r\n<br>\r\nObviously this example is rather contrived but it's something that could easily be glossed over. I think it's safer to not make assumptions and offer explicit alternatives if needed.</div>\r\n\t\r\n</div> Consider T4 templates. You get the same explicit inlining with not code repetition.","sanitized_content":"Consider T4 templates. You get the same explicit inlining with not code repetition.","ratings":{"useful":1}}