{"thread":1398111,"page":13,"author":{"name":"Icedshot","info":{"os":"Windows 7","browser":"Chrome","country":"United Kingdom"},"type":"blue"},"date":1402372800,"number":"487","id":"45056120","content":"<div class=\"quote\">\r\n\t\r\n\t\t<div class=\"information\">\r\n\t\t\t\r\n\t\t\t\t<a href=\"showthread.php?p=45056005#post45056005\" rel=\"nofollow\">slime73 posted:</a>\r\n\t\t\t\r\n\t\t</div>\r\n\t\r\n\t<div class=\"message\">I understand wanting to experiment with OpenCL, but why would you make a 3D game which intentionally doesn't use large portions of a GPU's hardware that is specifically designed for 3D games? There are many aspects of the rendering pipeline used in [Direct3D/OpenGL/etc.] which have dedicated fixed-function hardware in GPUs (which means it'll be more power-efficient and more performant than what you can do) or are specifically optimized by the driver for the GPU being used or aren't &quot;natively&quot; possible without a real graphics API.</div>\r\n\t\r\n</div> Tell that to my sponza atrium running in glorious [pcmasterrace] 800x600 @ 222 fps with static shadows and a deferred light. Heh<br>\r\n<br>\r\n<img src=\"https://dl.dropboxusercontent.com/u/9317774/NPics/dbox.PNG\" border=\"0\" alt=\"\"><br>\r\n<br>\r\nOn a more serious note, I originally started this project as a software renderer to learn a bit about 3D graphics, because at the time I knew literally nothing about 3D rendering - I had tried giving OpenGL a bit of a poke, but it was/is <i>somewhat</i> obtuse for a complete beginner, and there are not a lot of good tutorials out there.<br>\r\n<br>\r\nEventually after a bit of software rendering, and successfully getting a crossbow to render with gouraud shading, I realised that it was always going to be too slow to do anything useful or practically learn anything about 3D rendering<br>\r\n<br>\r\n<img src=\"https://dl.dropboxusercontent.com/u/33076954/Crapagain.PNG\" border=\"0\" alt=\"\"><br>\r\n<br>\r\n(very most excellent shading of some description)<br>\r\n<br>\r\nAt the same time I was experimenting with OpenCL so it was pretty natural to mash them together and create a cra- very amazing OpenCL accelerated renderer<br>\r\n<br>\r\n<img src=\"https://dl.dropboxusercontent.com/u/33076954/erm.PNG\" border=\"0\" alt=\"\"><br>\r\n<br>\r\n(Completely worked very well)<br>\r\n<br>\r\nSince then its mostly just a hobby project that I work on when I have time. I don't <i>need</i> to do anything with it, and its interesting to try and create high performance software with this kind of constraint. I've learnt more about optimisation (especially with OpenCL) doing this, because fundamentally you very much absolutely have to deliver your frame on time. There's not a lot of areas like that<br>\r\n<br>\r\nAnd yes, I do very much appreciate and love the irony in this project of using the GPU to accelerate 3D rendering in OpenCL. As much as I might vocally dislike it, this is by far my favourite project that I've ever done, primarily because of how hilariously stupid it is","sanitized_content":"Tell that to my sponza atrium running in glorious [pcmasterrace] 800x600 @ 222 fps with static shadows and a deferred light. Heh\r\n\r\n\r\n\r\nOn a more serious note, I originally started this project as a software renderer to learn a bit about 3D graphics, because at the time I knew literally nothing about 3D rendering - I had tried giving OpenGL a bit of a poke, but it was/is somewhat obtuse for a complete beginner, and there are not a lot of good tutorials out there.\r\n\r\nEventually after a bit of software rendering, and successfully getting a crossbow to render with gouraud shading, I realised that it was always going to be too slow to do anything useful or practically learn anything about 3D rendering\r\n\r\n\r\n\r\n(very most excellent shading of some description)\r\n\r\nAt the same time I was experimenting with OpenCL so it was pretty natural to mash them together and create a cra- very amazing OpenCL accelerated renderer\r\n\r\n\r\n\r\n(Completely worked very well)\r\n\r\nSince then its mostly just a hobby project that I work on when I have time. I don't need to do anything with it, and its interesting to try and create high performance software with this kind of constraint. I've learnt more about optimisation (especially with OpenCL) doing this, because fundamentally you very much absolutely have to deliver your frame on time. There's not a lot of areas like that\r\n\r\nAnd yes, I do very much appreciate and love the irony in this project of using the GPU to accelerate 3D rendering in OpenCL. As much as I might vocally dislike it, this is by far my favourite project that I've ever done, primarily because of how hilariously stupid it is","ratings":{"winner":9}}