{"thread":1398111,"page":13,"author":{"name":"Tovip","info":{"browser":"Unknown"},"type":"gold"},"date":1402372800,"number":"491","id":"45056674","content":"<img src=\"http://i.imgur.com/5q9ovIT.gif\" border=\"0\" alt=\"\"><br>\nrandom head generation!<br>\nSome of them look kinda freaky but that's all part of the fun<br>\n<img src=\"http://i.imgur.com/I0tEmPt.gif\" border=\"0\" alt=\"\">","sanitized_content":"random head generation!\nSome of them look kinda freaky but that's all part of the fun","ratings":{"funny":18,"winner":6,"artistic":1,"programming_king":1}}