{"thread":1398111,"page":18,"author":{"name":"WTF Nuke","info":{"browser":"Unknown"},"type":"gold"},"date":1402632000,"number":"699","id":"45089286","content":"Has anyone had any luck designing intuitive item systems? I mean, thing's like RPGs have armor, weapons, quest items, special items, things that combine with each other, etc. I don't know how one would represent things like that intuitively.","sanitized_content":"Has anyone had any luck designing intuitive item systems? I mean, thing's like RPGs have armor, weapons, quest items, special items, things that combine with each other, etc. I don't know how one would represent things like that intuitively.","ratings":{}}