{"thread":1398111,"page":18,"author":{"name":"CarLuver69","info":{"os":"Windows 7","browser":"Firefox","country":"United States"},"type":"blue"},"date":1402632000,"number":"702","id":"45089650","content":"IMG Ripper, for extracting files from Stuntman, Driv3r, and Driver: Parallel Lines.<br>\r\n<br>\r\n<img src=\"https://dl.dropboxusercontent.com/u/69162797/misc/tools/imgripperwip.gif\" border=\"0\" alt=\"\"><br>\r\n<br>\r\nVerbose logging:<br>\r\n<img src=\"https://dl.dropboxusercontent.com/u/69162797/misc/tools/imgripperwip2.gif\" border=\"0\" alt=\"\"><br>\r\n<br>\r\nCurrently supports the USA/EU versions of Stuntman, and the PS2 version of Driv3r/DPL. I could implement Xbox loading, but that's for another day.","sanitized_content":"IMG Ripper, for extracting files from Stuntman, Driv3r, and Driver: Parallel Lines.\r\n\r\n\r\n\r\nVerbose logging:\r\n\r\n\r\nCurrently supports the USA/EU versions of Stuntman, and the PS2 version of Driv3r/DPL. I could implement Xbox loading, but that's for another day.","ratings":{"programming_king":3}}