{"thread":1398111,"page":18,"author":{"name":"Jookia","info":{"os":"Linux","browser":"Firefox","country":"Australia"},"type":"gold"},"date":1402545600,"number":"687","id":"45086366","content":"<div class=\"quote\">\r\n\t\r\n\t\t<div class=\"information\">\r\n\t\t\t\r\n\t\t\t\t<a href=\"showthread.php?p=45082440#post45082440\" rel=\"nofollow\">Sombrero posted:</a>\r\n\t\t\t\r\n\t\t</div>\r\n\t\r\n\t<div class=\"message\">What I'd do is make the render class an abstract interface, and then make both a DirectX and OpenGL renderer and give the user a choice of which one they want to use when they play/setup.</div>\r\n\t\r\n</div> Sounds like wasted development time, especially since the user doesn't care.","sanitized_content":"Sounds like wasted development time, especially since the user doesn't care.","ratings":{"agree":22,"disagree":1}}