{"thread":1398111,"page":18,"author":{"name":"Rob Markia","info":{"os":"Windows 7","browser":"Chrome","country":"United States"},"type":"gold"},"date":1402632000,"number":"703","id":"45089673","content":"Been working on a bot for CS:GO ... for educational purposes.<br>\r\n<br>\r\n<div class=\"center\"><div class=\"video\"><iframe title=\"YouTube video player\" width=\"100%\" height=\"100%\" src=\"http://www.youtube.com/embed/l5forrVgxTU?hd=1\" frameborder=\"0\" allowfullscreen=\"\"></iframe></div></div><br>\r\nVideo description:<br>\r\nAn external CS:GO bot that I've been working on.  Just recently added BSP parsing and am currently working on player prediction and collision tests (to determine if an entity is visible).  I may or may not release the source - chances are, I will when I'm done.<br>\r\n<br>\r\nOne of the things I'm attempting to accomplish with this is a bot that is comparable in performance to internal hacks but without modifying memory.","sanitized_content":"Been working on a bot for CS:GO ... for educational purposes.\r\n\r\n\r\nVideo description:\r\nAn external CS:GO bot that I've been working on.  Just recently added BSP parsing and am currently working on player prediction and collision tests (to determine if an entity is visible).  I may or may not release the source - chances are, I will when I'm done.\r\n\r\nOne of the things I'm attempting to accomplish with this is a bot that is comparable in performance to internal hacks but without modifying memory.","ratings":{"winner":17,"programming_king":3,"artistic":1}}