{"thread":1398111,"page":18,"author":{"name":"Greenen72","info":{"os":"Windows 7","browser":"Chrome","country":"United States"},"type":"gold"},"date":1402545600,"number":"691","id":"45086989","content":"Anyone happen to know of a database or dictionary that knows the syllable count of any given word? I'm wanting to add random haiku/limerick generation to a bot I'm running<br>\r\n<br>\r\nThose assholes at rhymes.net show the syllables for each word, but their API doesn't, and their staff blew me off when I asked for it :-(","sanitized_content":"Anyone happen to know of a database or dictionary that knows the syllable count of any given word? I'm wanting to add random haiku/limerick generation to a bot I'm running\r\n\r\nThose assholes at rhymes.net show the syllables for each word, but their API doesn't, and their staff blew me off when I asked for it :-(","ratings":{"late":1}}