{"thread":1398111,"page":18,"author":{"name":"Lemmingz95","info":{"os":"Windows 7","browser":"Chrome","country":"Russian Federation"},"type":"blue"},"date":1402545600,"number":"685","id":"45085810","content":"<div class=\"quote\">\r\n\t\r\n\t\t<div class=\"information\">\r\n\t\t\t\r\n\t\t\t\tBladezor posted:\r\n\t\t\t\r\n\t\t</div>\r\n\t\r\n\t<div class=\"message\">Eh, that's not an extension method... that's simply a static method.<br>\r\n<br>\r\nIf this is off of your Vector class I'd just override the ToString()<br>\r\n<br>\r\nThen you can just go</div>\r\n\t\r\n</div> Yeah, forgot to mention, this is the ToString() override. Just wanted to round the printed values of X and Y to keep the string representation short.<br>\r\n<br>\r\nIv'e just added the option to round as a ToString() overload now so its ok (the <i>string format</i> one).","sanitized_content":"Yeah, forgot to mention, this is the ToString() override. Just wanted to round the printed values of X and Y to keep the string representation short.\r\n\r\nIv'e just added the option to round as a ToString() overload now so its ok (the string format one).","ratings":{}}