{"thread":1398111,"page":18,"author":{"name":"Bladezor","info":{"browser":"Unknown"},"type":"gold"},"date":1402545600,"number":"681","id":"45084669","content":"<div class=\"quote\">\r\n\t\r\n\t\t<div class=\"information\">\r\n\t\t\t\r\n\t\t\t\t<a href=\"showthread.php?p=45084315#post45084315\" rel=\"nofollow\">Lemmingz95 posted:</a>\r\n\t\t\t\r\n\t\t</div>\r\n\t\r\n\t<div class=\"message\">How do I get the output to be &quot;{0.000215, 124}&quot; then? pre-format the numbers and append?</div>\r\n\t\r\n</div> Try<br>\r\n<br>\r\n<div class=\"bbcode_container\">\r\n\t<div class=\"bbcode_description\">Code:</div>\r\n\t<pre class=\"bbcode_code\" style=\"height:39.999px;\">Debug.WriteLine(String.Format(&quot;{2}{0:G3}, {1:G3}{3}&quot;, 0.00021515, 124.125, '{', '}'));</pre>\r\n</div><b>Edit:</b><br>\r\nWhy the funnys? It's simple and it works.","sanitized_content":"Try\r\n\r\n\r\n\tCode:\r\n\tDebug.WriteLine(String.Format(\"{2}{0:G3}, {1:G3}{3}\", 0.00021515, 124.125, '{', '}'));\r\nEdit:\r\nWhy the funnys? It's simple and it works.","ratings":{"funny":6,"agree":1,"optimistic":1}}