{"thread":1398111,"page":18,"author":{"name":"Map in a box","info":{"os":"Windows 7","browser":"Firefox","country":"United States"},"type":"blue"},"date":1402632000,"number":"701","id":"45089561","content":"<div class=\"quote\">\r\n\t\r\n\t\t<div class=\"information\">\r\n\t\t\t\r\n\t\t\t\t<a href=\"showthread.php?p=45089286#post45089286\" rel=\"nofollow\">WTF Nuke posted:</a>\r\n\t\t\t\r\n\t\t</div>\r\n\t\r\n\t<div class=\"message\">Has anyone had any luck designing intuitive item systems? I mean, thing's like RPGs have armor, weapons, quest items, special items, things that combine with each other, etc. I don't know how one would represent things like that intuitively.</div>\r\n\t\r\n</div> I personally like how minecraft handles items:<br>\r\n<br>\r\nEach item is a class. Inventory is an array of ItemStacks, which stores information the item would use(current stack amount, data, etc). Items are instantiated once and you create itemstacks to quantitate the items<br>\n<br>\n<font size=\"1\" color=\"#444444\"><b>Edited:</b></font><br>\n<br>\nFrom there you can expand upon what you need","sanitized_content":"I personally like how minecraft handles items:\r\n\r\nEach item is a class. Inventory is an array of ItemStacks, which stores information the item would use(current stack amount, data, etc). Items are instantiated once and you create itemstacks to quantitate the items\n\nEdited:\n\nFrom there you can expand upon what you need","ratings":{"agree":2}}