{"thread":1398111,"page":18,"author":{"name":"Bladezor","info":{"browser":"Unknown"},"type":"gold"},"date":1402545600,"number":"683","id":"45085187","content":"<div class=\"quote\">\r\n\t\r\n\t\t<div class=\"information\">\r\n\t\t\t\r\n\t\t\t\t<a href=\"showthread.php?p=45085059#post45085059\" rel=\"nofollow\">CarLuver69 posted:</a>\r\n\t\t\t\r\n\t\t</div>\r\n\t\r\n\t<div class=\"message\">Need to reuse it? Extension method:<br>\r\n<br>\r\n<div class=\"bbcode_container\">\r\n\t<div class=\"bbcode_description\">Code:</div>\r\n\t<pre class=\"bbcode_code\" style=\"height:133.33px;\">static string FormatCoords(string format, params object[] arg)\r\n{\r\n    return String.Format(&quot;{{{0}}}&quot;, String.Format(format, arg));\r\n}\r\n\r\n[...]\r\n\r\nDebug.WriteLine(FormatCoords(&quot;{0:G3}, {1:G3}&quot;, 0.00021515, 124.125));</pre>\r\n</div></div>\r\n\t\r\n</div> Eh, that's not an extension method... that's simply a static method.<br>\r\n<br>\r\nIf this is off of your Vector class I'd just override the ToString()<br>\r\n<br>\r\nThen you can just go <br>\r\n<div class=\"bbcode_container\">\r\n\t<div class=\"bbcode_description\">Code:</div>\r\n\t<pre class=\"bbcode_code\" style=\"height:53.332px;\">var vec = new Vector2(0.0f, 1.05f);\r\nDebug.WriteLine(vec.ToString());</pre>\r\n</div>","sanitized_content":"Eh, that's not an extension method... that's simply a static method.\r\n\r\nIf this is off of your Vector class I'd just override the ToString()\r\n\r\nThen you can just go \r\n\r\n\tCode:\r\n\tvar vec = new Vector2(0.0f, 1.05f);\r\nDebug.WriteLine(vec.ToString());","ratings":{"agree":3,"winner":1}}