{"thread":1398111,"page":18,"author":{"name":"Bladezor","info":{"browser":"Unknown"},"type":"gold"},"date":1402545600,"number":"689","id":"45086497","content":"<div class=\"quote\">\r\n\t\r\n\t\t<div class=\"information\">\r\n\t\t\t\r\n\t\t\t\t<a href=\"showthread.php?p=45086366#post45086366\" rel=\"nofollow\">Jookia posted:</a>\r\n\t\t\t\r\n\t\t</div>\r\n\t\r\n\t<div class=\"message\">Sounds like wasted development time, especially since the user doesn't care.</div>\r\n\t\r\n</div> Yeah we did this early on with Quadrion and simply stopped utilizing one of those paths. It really is a huge pain to maintain both render paths, especially since there's a ton of little things that need to be accounted for. It's not just wrapping both and calling similar methods, DX and GL are different beasts altogether.","sanitized_content":"Yeah we did this early on with Quadrion and simply stopped utilizing one of those paths. It really is a huge pain to maintain both render paths, especially since there's a ton of little things that need to be accounted for. It's not just wrapping both and calling similar methods, DX and GL are different beasts altogether.","ratings":{}}