{"thread":1398111,"page":18,"author":{"name":"Bladezor","info":{"browser":"Unknown"},"type":"gold"},"date":1402632000,"number":"704","id":"45089883","content":"<div class=\"quote\">\r\n\t\r\n\t\t<div class=\"information\">\r\n\t\t\t\r\n\t\t\t\t<a href=\"showthread.php?p=45089673#post45089673\" rel=\"nofollow\">Rob Markia posted:</a>\r\n\t\t\t\r\n\t\t</div>\r\n\t\r\n\t<div class=\"message\">Been working on a bot for CS:GO ... for educational purposes.<br>\r\n<br>\r\n<div class=\"center\"><div class=\"video\"><iframe title=\"YouTube video player\" width=\"100%\" height=\"100%\" src=\"http://www.youtube.com/embed/l5forrVgxTU?hd=1\" frameborder=\"0\" allowfullscreen=\"\"></iframe></div></div><br>\r\nVideo description:<br>\r\nAn external CS:GO bot that I've been working on.  Just recently added BSP parsing and am currently working on player prediction and collision tests (to determine if an entity is visible).  I may or may not release the source - chances are, I will when I'm done.<br>\r\n<br>\r\nOne of the things I'm attempting to accomplish with this is a bot that is comparable in performance to internal hacks but without modifying memory.</div>\r\n\t\r\n</div> Unrelated but I like this take on that tune <div class=\"center\"><div class=\"media media_soundcloud\">\n\n\t\t\t\t<div class=\"message\"><a href=\"#\" onclick=\"$(this).siblings(&apos;.mediablock&apos;).show( &apos;fast&apos; ); $(this).hide(); return false;\">Listen to Soundcloud recording</a>\n\t\t\t\t<div class=\"mediablock\" style=\"display: none;\"><object height=\"81\" width=\"720\"><param name=\"movie\" value=\"http://player.soundcloud.com/player.swf?url=http://soundcloud.com/moeshie/cls-wax-feeling-good&amp;auto_play=true&amp;show_comments=false&amp;color=81a8cb&amp;g=bb\"><param name=\"allowscriptaccess\" value=\"always\"><embed allowscriptaccess=\"always\" height=\"81\" src=\"http://player.soundcloud.com/player.swf?url=http://soundcloud.com/moeshie/cls-wax-feeling-good&amp;auto_play=true&amp;show_comments=false&amp;color=81a8cb&amp;g=bb\" type=\"application/x-shockwave-flash\" width=\"720\"></object></div>\n\t\t\t\t</div>\n\n\t\t\t\t<div class=\"infobar\"><a href=\"http://soundcloud.com/moeshie/cls-wax-feeling-good\">http://soundcloud.com/moeshie/cls-wax-feeling-good</a></div>\n\n\t\t</div></div><br>\n<font size=\"1\" color=\"#444444\"><b>Edited:</b></font><br>\n<br>\n<div class=\"quote\">\r\n\t\r\n\t\t<div class=\"information\">\r\n\t\t\t\r\n\t\t\t\t<a href=\"showthread.php?p=45088811#post45088811\" rel=\"nofollow\">supersnail11 posted:</a>\r\n\t\t\t\r\n\t\t</div>\r\n\t\r\n\t<div class=\"message\">It works just fine, but <a href=\"https://cudafy.codeplex.com/\" target=\"_blank\">Cudafy</a> looks like a better option. It translates C# into OpenCL or CUDA scripts, which is nice.</div>\r\n\t\r\n</div> Welp, it looks like my GeForce 275 is finally set to retire... Cudafy doesn't seem to like it too much.<br>\n<br>\n<font size=\"1\" color=\"#444444\"><b>Edited:</b></font><br>\n<br>\nThe source-code for my Raytracer is available <a href=\"https://github.com/inkadnb/.NET-GDI-Raytracer\" target=\"_blank\">here</a>.","sanitized_content":"Unrelated but I like this take on that tune \n\n\t\t\t\tListen to Soundcloud recording\n\t\t\t\t\n\t\t\t\t\n\n\t\t\t\thttp://soundcloud.com/moeshie/cls-wax-feeling-good\n\n\t\t\nEdited:\n\n Welp, it looks like my GeForce 275 is finally set to retire... Cudafy doesn't seem to like it too much.\n\nEdited:\n\nThe source-code for my Raytracer is available here.","ratings":{"agree":3,"winner":1}}