{"thread":1398111,"page":18,"author":{"name":"Hng","info":{"os":"Windows 7","browser":"Chrome","country":"Ireland"},"type":"blue"},"date":1402632000,"number":"697","id":"45088922","content":"<div class=\"quote\">\r\n\t\r\n\t\t<div class=\"information\">\r\n\t\t\t\r\n\t\t\t\t<a href=\"showthread.php?p=45088089#post45088089\" rel=\"nofollow\">Banandana posted:</a>\r\n\t\t\t\r\n\t\t</div>\r\n\t\r\n\t<div class=\"message\">because I love doing annoying shit with http and webscraping and ...<br>\r\n<br>\r\n<a href=\"http://i.imgur.com/7VE8l0z.png\"><img src=\"http://i.imgur.com/7VE8l0z.png\" border=\"0\" class=\"thumbnail\"></a><br>\r\n<br>\r\n<font size=\"1\" color=\"#444444\"><b>Edited:</b></font><br>\r\n<br>\r\nstill wip, working on getting past captcha<br>\r\n<br>\r\n<font size=\"1\" color=\"#444444\"><b>Edited:</b></font><br>\r\n<br>\r\nand now steamguard<br>\r\n<br>\r\n<font size=\"1\" color=\"#444444\"><b>Edited:</b></font><br>\r\n<br>\r\nshit. now they're fucking with me.<br>\r\n<img src=\"http://i.imgur.com/l2l5vzm.png\" border=\"0\" alt=\"\"><br>\r\n<br>\r\nsomeone solve this for me</div>\r\n\t\r\n</div> <br>\r\nWhat are you trying to do? Log into the website?","sanitized_content":"What are you trying to do? Log into the website?","ratings":{"agree":2}}