{"thread":1398111,"page":18,"author":{"name":"Ott","info":{"browser":"Unknown"},"type":"gold"},"date":1402632000,"number":"709","id":"45090446","content":"<div class=\"quote\">\r\n\t\r\n\t\t<div class=\"information\">\r\n\t\t\t\r\n\t\t\t\t<a href=\"showthread.php?p=45090414#post45090414\" rel=\"nofollow\">Bladezor posted:</a>\r\n\t\t\t\r\n\t\t</div>\r\n\t\r\n\t<div class=\"message\">Looking at the console output, it looks like it's doing dll injection</div>\r\n\t\r\n</div> Memory reading. Note that the bot isn't controlling anything yet.","sanitized_content":"Memory reading. Note that the bot isn't controlling anything yet.","ratings":{}}