{"thread":1398111,"page":18,"author":{"name":"geel9","info":{"browser":"Unknown"},"type":"gold"},"date":1402632000,"number":"715","id":"45090922","content":"<div class=\"quote\">\r\n\t\r\n\t\t<div class=\"information\">\r\n\t\t\t\r\n\t\t\t\t<a href=\"showthread.php?p=45090869#post45090869\" rel=\"nofollow\">Banandana posted:</a>\r\n\t\t\t\r\n\t\t</div>\r\n\t\r\n\t<div class=\"message\">Now what?<br>\r\n<br>\r\n<a href=\"http://i.imgur.com/68QaVNF.png\"><img src=\"http://i.imgur.com/68QaVNF.png\" border=\"0\" class=\"thumbnail\"></a></div>\r\n\t\r\n</div> Use SteamBot to generate a valid SteamPowered session cookie without needing a captcha.","sanitized_content":"Use SteamBot to generate a valid SteamPowered session cookie without needing a captcha.","ratings":{"dumb":9,"funny":1}}