{"thread":1398111,"page":18,"author":{"name":"Banandana","info":{"os":"Windows 7","browser":"Firefox","country":"United States"},"type":"gold"},"date":1402632000,"number":"717","id":"45091030","content":"<div class=\"quote\">\r\n\t\r\n\t\t<div class=\"information\">\r\n\t\t\t\r\n\t\t\t\t<a href=\"showthread.php?p=45090922#post45090922\" rel=\"nofollow\">geel9 posted:</a>\r\n\t\t\t\r\n\t\t</div>\r\n\t\r\n\t<div class=\"message\">Use SteamBot to generate a valid SteamPowered session cookie without needing a captcha.</div>\r\n\t\r\n</div> You don't need a captcha if you actually log in right after the first few times. Unless you're going for things like brute forcing passwords and shit, you probably wouldn't even care to implement a captcha system if you're making a scraper. You'd assume you would have the correct password set in the configs.","sanitized_content":"You don't need a captcha if you actually log in right after the first few times. Unless you're going for things like brute forcing passwords and shit, you probably wouldn't even care to implement a captcha system if you're making a scraper. You'd assume you would have the correct password set in the configs.","ratings":{}}