{"thread":1398111,"page":18,"author":{"name":"Mega1mpact","info":{"os":"Windows 7","browser":"Firefox","country":"Netherlands"},"type":"gold"},"date":1402632000,"number":"705","id":"45090369","content":"<div class=\"quote\">\r\n\t\r\n\t\t<div class=\"information\">\r\n\t\t\t\r\n\t\t\t\t<a href=\"showthread.php?p=45089673#post45089673\" rel=\"nofollow\">Rob Markia posted:</a>\r\n\t\t\t\r\n\t\t</div>\r\n\t\r\n\t<div class=\"message\">Been working on a bot for CS:GO ... for educational purposes.<br>\r\n<br>\r\n[video=youtube;l5forrVgxTU]http://www.youtube.com/watch?v=l5forrVgxTU[/video<br>\r\n<br>\r\nVideo description:<br>\r\nAn external CS:GO bot that I've been working on.  Just recently added BSP parsing and am currently working on player prediction and collision tests (to determine if an entity is visible).  I may or may not release the source - chances are, I will when I'm done.<br>\r\n<br>\r\nOne of the things I'm attempting to accomplish with this is a bot that is comparable in performance to internal hacks but without modifying memory.</div>\r\n\t\r\n</div> Would VAC even detect this? Since it's not modifying the CSGO memory regions etc.<br>\r\nAlso how do you guys always read out data like that. I've been wanting to make something like this for ages now.","sanitized_content":"Would VAC even detect this? Since it's not modifying the CSGO memory regions etc.\r\nAlso how do you guys always read out data like that. I've been wanting to make something like this for ages now.","ratings":{"agree":1}}