{"thread":1398111,"page":18,"author":{"name":"Bladezor","info":{"browser":"Unknown"},"type":"gold"},"date":1402632000,"number":"710","id":"45090455","content":"<div class=\"quote\">\r\n\t\r\n\t\t<div class=\"information\">\r\n\t\t\t\r\n\t\t\t\t<a href=\"showthread.php?p=45090444#post45090444\" rel=\"nofollow\">Rob Markia posted:</a>\r\n\t\t\t\r\n\t\t</div>\r\n\t\r\n\t<div class=\"message\">It reads memory via kernel32.dll's ReadProcessMemory and thus no dll injection is involved.  No memory is modified and the bot does indeed rely on the game being open (because it reads the memory).  It would be interesting to turn it into a client of it's own, I might actually do that after I finish the majority of what I've got left.<br>\r\n<br>\r\nI don't believe VAC will detect it as it's been working fine for several weeks (I know, VAC is delayed), but there's always a risk - I've always assumed VAC only picks stuff up when threads are attached to the process or memory is overwritten.<br>\r\n<br>\r\nIf anyone was wondering, it's written in C#.</div>\r\n\t\r\n</div> Ah okay. Thanks for the clarification.","sanitized_content":"Ah okay. Thanks for the clarification.","ratings":{"friendly":1}}