{"thread":1398111,"page":18,"author":{"name":"CarLuver69","info":{"os":"Windows 7","browser":"Firefox","country":"United States"},"type":"blue"},"date":1402545600,"number":"684","id":"45085486","content":"<div class=\"quote\">\r\n\t\r\n\t\t<div class=\"information\">\r\n\t\t\t\r\n\t\t\t\t<a href=\"showthread.php?p=45085187#post45085187\" rel=\"nofollow\">Bladezor posted:</a>\r\n\t\t\t\r\n\t\t</div>\r\n\t\r\n\t<div class=\"message\">Eh, that's not an extension method... that's simply a static method.</div>\r\n\t\r\n</div> Oh shit, I originally wrote that intending to actually use an extension method, but then I remembered about the whole &quot;no extension methods in static classes&quot; thing. I just forgot to change &quot;extension method&quot; to &quot;static method&quot;.","sanitized_content":"Oh shit, I originally wrote that intending to actually use an extension method, but then I remembered about the whole \"no extension methods in static classes\" thing. I just forgot to change \"extension method\" to \"static method\".","ratings":{}}