{"thread":1398111,"page":18,"author":{"name":"Rob Markia","info":{"os":"Windows 7","browser":"Chrome","country":"United States"},"type":"gold"},"date":1402632000,"number":"708","id":"45090444","content":"<div class=\"quote\">\r\n\t\r\n\t\t<div class=\"information\">\r\n\t\t\t\r\n\t\t\t\t<a href=\"showthread.php?p=45090369#post45090369\" rel=\"nofollow\">Mega1mpact posted:</a>\r\n\t\t\t\r\n\t\t</div>\r\n\t\r\n\t<div class=\"message\">Would VAC even detect this? Since it's not modifying the CSGO memory regions etc.<br>\r\nAlso how do you guys always read out data like that. I've been wanting to make something like this for ages now.</div>\r\n\t\r\n</div>  <div class=\"quote\">\r\n\t\r\n\t\t<div class=\"information\">\r\n\t\t\t\r\n\t\t\t\t<a href=\"showthread.php?p=45090401#post45090401\" rel=\"nofollow\">layla posted:</a>\r\n\t\t\t\r\n\t\t</div>\r\n\t\r\n\t<div class=\"message\">Does this work because you already have a legit client open or can it work independently? I guess what I'm asking is if it's a packet bot or not because that would be a first for source games.</div>\r\n\t\r\n</div> <div class=\"quote\">\r\n\t\r\n\t\t<div class=\"information\">\r\n\t\t\t\r\n\t\t\t\t<a href=\"showthread.php?p=45090414#post45090414\" rel=\"nofollow\">Bladezor posted:</a>\r\n\t\t\t\r\n\t\t</div>\r\n\t\r\n\t<div class=\"message\">Looking at the console output, it looks like it's doing dll injection</div>\r\n\t\r\n</div> It reads memory via kernel32.dll's ReadProcessMemory and thus no dll injection is involved.  No memory is modified and the bot does indeed rely on the game being open (because it reads the memory).  It would be interesting to turn it into a client of it's own, I might actually do that after I finish the majority of what I've got left.<br>\r\n<br>\r\nI don't believe VAC will detect it as it's been working fine for several weeks (I know, VAC is delayed), but there's always a risk - I've always assumed VAC only picks stuff up when threads are attached to the process or memory is overwritten.<br>\r\n<br>\r\nIf anyone was wondering, it's written in C#.","sanitized_content":"It reads memory via kernel32.dll's ReadProcessMemory and thus no dll injection is involved.  No memory is modified and the bot does indeed rely on the game being open (because it reads the memory).  It would be interesting to turn it into a client of it's own, I might actually do that after I finish the majority of what I've got left.\r\n\r\nI don't believe VAC will detect it as it's been working fine for several weeks (I know, VAC is delayed), but there's always a risk - I've always assumed VAC only picks stuff up when threads are attached to the process or memory is overwritten.\r\n\r\nIf anyone was wondering, it's written in C#.","ratings":{"friendly":4}}