{"thread":1398111,"page":18,"author":{"name":"geel9","info":{"browser":"Unknown"},"type":"gold"},"date":1402632000,"number":"719","id":"45091239","content":"<div class=\"quote\">\r\n\t\r\n\t\t<div class=\"information\">\r\n\t\t\t\r\n\t\t\t\t<a href=\"showthread.php?p=45091030#post45091030\" rel=\"nofollow\">Banandana posted:</a>\r\n\t\t\t\r\n\t\t</div>\r\n\t\r\n\t<div class=\"message\">You don't need a captcha if you actually log in right after the first few times. Unless you're going for things like brute forcing passwords and shit, you probably wouldn't even care to implement a captcha system if you're making a scraper. You'd assume you would have the correct password set in the configs.</div>\r\n\t\r\n</div> Well, there's a captcha if you login on a few accounts in rapid succession. Which was why I had to create a workaround.","sanitized_content":"Well, there's a captcha if you login on a few accounts in rapid succession. Which was why I had to create a workaround.","ratings":{"dumb":3,"informative":1}}