{"thread":1398111,"page":18,"author":{"name":"cra0kalo","info":{"os":"Windows 7","browser":"Chrome","country":"United Kingdom"},"type":"gold"},"date":1402632000,"number":"718","id":"45091210","content":"<div class=\"quote\">\r\n\t\r\n\t\t<div class=\"information\">\r\n\t\t\t\r\n\t\t\t\t<a href=\"showthread.php?p=45089673#post45089673\" rel=\"nofollow\">Rob Markia posted:</a>\r\n\t\t\t\r\n\t\t</div>\r\n\t\r\n\t<div class=\"message\">Been working on a bot for CS:GO ... for educational purposes.<br>\r\n<br>\r\n<div class=\"center\"><div class=\"video\"><iframe title=\"YouTube video player\" width=\"100%\" height=\"100%\" src=\"http://www.youtube.com/embed/l5forrVgxTU?hd=1\" frameborder=\"0\" allowfullscreen=\"\"></iframe></div></div><br>\r\nVideo description:<br>\r\nAn external CS:GO bot that I've been working on.  Just recently added BSP parsing and am currently working on player prediction and collision tests (to determine if an entity is visible).  I may or may not release the source - chances are, I will when I'm done.<br>\r\n<br>\r\nOne of the things I'm attempting to accomplish with this is a bot that is comparable in performance to internal hacks but without modifying memory.</div>\r\n\t\r\n</div> Looks good nice work and yeah VAC won't detect shit even with hooks(if you do it right) just make sure they doesn't get a hold your exe and your good. Though you said it's for educational purposes :P so that shouldn't really matter","sanitized_content":"Looks good nice work and yeah VAC won't detect shit even with hooks(if you do it right) just make sure they doesn't get a hold your exe and your good. Though you said it's for educational purposes :P so that shouldn't really matter","ratings":{}}