{"thread":1398111,"page":18,"author":{"name":"Quincy.","info":{"browser":"Unknown"},"type":"blue"},"date":1402545600,"number":"693","id":"45087123","content":"<div class=\"quote\">\r\n\t\r\n\t\t<div class=\"information\">\r\n\t\t\t\r\n\t\t\t\t<a href=\"showthread.php?p=45087080#post45087080\" rel=\"nofollow\">supersnail11 posted:</a>\r\n\t\t\t\r\n\t\t</div>\r\n\t\r\n\t<div class=\"message\">You can implement it programmatically. <a href=\"https://github.com/DaveChild/Text-Statistics/blob/master/TextStatistics.php#L627\" target=\"_blank\">Here's</a> one in PHP.<br>\r\n<br>\r\n<font size=\"1\" color=\"#444444\"><b>Edited:</b></font><br>\r\n<br>\r\nAnd <a href=\"http://stackoverflow.com/a/9096723/3697679\" target=\"_blank\">here's</a> a StackOverflow answer listing some other options.</div>\r\n\t\r\n</div> that blew my fucking mind. i've never appreciated words this much before.","sanitized_content":"that blew my fucking mind. i've never appreciated words this much before.","ratings":{}}