{"thread":1398111,"page":18,"author":{"name":"AnonTakesOver","info":{"os":"Windows 7","browser":"Chrome","country":"Australia"},"type":"blue"},"date":1402632000,"number":"720","id":"45091249","content":"<div class=\"quote\">\r\n\t\r\n\t\t<div class=\"information\">\r\n\t\t\t\r\n\t\t\t\t<a href=\"showthread.php?p=45090869#post45090869\" rel=\"nofollow\">Banandana posted:</a>\r\n\t\t\t\r\n\t\t</div>\r\n\t\r\n\t<div class=\"message\">-snip-</div>\r\n\t\r\n</div> Dumb question, but what exactly is this meant to do in the end?","sanitized_content":"Dumb question, but what exactly is this meant to do in the end?","ratings":{}}