{"thread":1398111,"page":18,"author":{"name":"ben1066","info":{"os":"Linux","browser":"Chrome","country":"United Kingdom"},"type":"blue"},"date":1402545600,"number":"688","id":"45086482","content":"<div class=\"quote\">\r\n\t\r\n\t\t<div class=\"information\">\r\n\t\t\t\r\n\t\t\t\t<a href=\"showthread.php?p=45086366#post45086366\" rel=\"nofollow\">Jookia posted:</a>\r\n\t\t\t\r\n\t\t</div>\r\n\t\r\n\t<div class=\"message\">Sounds like wasted development time, especially since the user doesn't care.</div>\r\n\t\r\n</div> Unless you're targeting OpenGL ES and then Angle is viable, you still need DX code if you want to target Windows RT/Windows Phone. In addition, I'm not sure how well Angle works, if at all, on those platforms, but it is a ES -&gt; DX layer.","sanitized_content":"Unless you're targeting OpenGL ES and then Angle is viable, you still need DX code if you want to target Windows RT/Windows Phone. In addition, I'm not sure how well Angle works, if at all, on those platforms, but it is a ES -> DX layer.","ratings":{}}