{"thread":1398111,"page":18,"author":{"name":"supersnail11","info":{"os":"Windows 8","browser":"Chrome","country":"United States"},"type":"gold"},"date":1402632000,"number":"696","id":"45088811","content":"<div class=\"quote\">\r\n\t\r\n\t\t<div class=\"information\">\r\n\t\t\t\r\n\t\t\t\t<a href=\"showthread.php?p=45088626#post45088626\" rel=\"nofollow\">Bladezor posted:</a>\r\n\t\t\t\r\n\t\t</div>\r\n\t\r\n\t<div class=\"message\">Looking into using <a href=\"https://www.nuget.org/packages/Sourceforge.Cloo\" target=\"_blank\">Cloo</a> in C# so I can use OpenCL<br>\r\n<br>\r\nHas anyone ever tried it?</div>\r\n\t\r\n</div> It works just fine, but <a href=\"https://cudafy.codeplex.com/\" target=\"_blank\">Cudafy</a> looks like a better option. It translates C# into OpenCL or CUDA scripts, which is nice.","sanitized_content":"It works just fine, but Cudafy looks like a better option. It translates C# into OpenCL or CUDA scripts, which is nice.","ratings":{"useful":1,"agree":1}}