{"thread":1398111,"page":18,"author":{"name":"Banandana","info":{"os":"Windows 7","browser":"Firefox","country":"United States"},"type":"gold"},"date":1402632000,"number":"694","id":"45088089","content":"because I love doing annoying shit with http and webscraping and ...<br>\r\n<br>\r\n<a href=\"http://i.imgur.com/7VE8l0z.png\"><img src=\"http://i.imgur.com/7VE8l0z.png\" border=\"0\" class=\"thumbnail\"></a><br>\n<br>\n<font size=\"1\" color=\"#444444\"><b>Edited:</b></font><br>\n<br>\nstill wip, working on getting past captcha<br>\n<br>\n<font size=\"1\" color=\"#444444\"><b>Edited:</b></font><br>\n<br>\nand now steamguard<br>\n<br>\n<font size=\"1\" color=\"#444444\"><b>Edited:</b></font><br>\n<br>\nshit. now they're fucking with me.<br>\r\n<img src=\"http://i.imgur.com/l2l5vzm.png\" border=\"0\" alt=\"\"><br>\r\n<br>\r\nsomeone solve this for me","sanitized_content":"because I love doing annoying shit with http and webscraping and ...\r\n\r\n\n\nEdited:\n\nstill wip, working on getting past captcha\n\nEdited:\n\nand now steamguard\n\nEdited:\n\nshit. now they're fucking with me.\r\n\r\n\r\nsomeone solve this for me","ratings":{"funny":14,"dumb":2,"winner":1}}