{"thread":1398111,"page":18,"author":{"name":"Rob Markia","info":{"os":"Windows 7","browser":"Chrome","country":"United States"},"type":"gold"},"date":1402632000,"number":"711","id":"45090460","content":"<div class=\"quote\">\r\n\t\r\n\t\t<div class=\"information\">\r\n\t\t\t\r\n\t\t\t\t<a href=\"showthread.php?p=45090446#post45090446\" rel=\"nofollow\">Ott posted:</a>\r\n\t\t\t\r\n\t\t</div>\r\n\t\r\n\t<div class=\"message\">Memory reading. Note that the bot isn't controlling anything yet.</div>\r\n\t\r\n</div> It can aim at targets via emulating mouse movement at the moment. <img src=\"/fp/emoot/dance.gif\" border=\"0\" alt=\"\" title=\"Dance\" class=\"inlineimg\"><br>\n<br>\nI can record that if you guys are curious.","sanitized_content":"It can aim at targets via emulating mouse movement at the moment. \n\nI can record that if you guys are curious.","ratings":{"agree":7,"winner":2}}