{"thread":1398111,"page":18,"author":{"name":"supersnail11","info":{"os":"Windows 8","browser":"Chrome","country":"United States"},"type":"gold"},"date":1402545600,"number":"692","id":"45087080","content":"<div class=\"quote\">\r\n\t\r\n\t\t<div class=\"information\">\r\n\t\t\t\r\n\t\t\t\t<a href=\"showthread.php?p=45086989#post45086989\" rel=\"nofollow\">Greenen72 posted:</a>\r\n\t\t\t\r\n\t\t</div>\r\n\t\r\n\t<div class=\"message\">Anyone happen to know of a database or dictionary that knows the syllable count of any given word? I'm wanting to add random haiku/limerick generation to a bot I'm running<br>\r\n<br>\r\nThose assholes at rhymes.net show the syllables for each word, but their API doesn't, and their staff blew me off when I asked for it :-(</div>\r\n\t\r\n</div> You can implement it programmatically. <a href=\"https://github.com/DaveChild/Text-Statistics/blob/master/TextStatistics.php#L627\" target=\"_blank\">Here's</a> one in PHP.<br>\n<br>\n<font size=\"1\" color=\"#444444\"><b>Edited:</b></font><br>\n<br>\nAnd <a href=\"http://stackoverflow.com/a/9096723/3697679\" target=\"_blank\">here's</a> a StackOverflow answer listing some other options.","sanitized_content":"You can implement it programmatically. Here's one in PHP.\n\nEdited:\n\nAnd here's a StackOverflow answer listing some other options.","ratings":{"friendly":2}}