{"thread":1398111,"page":18,"author":{"name":"layla","info":{"os":"Windows 7","browser":"Firefox","country":"United Kingdom"},"type":"gold"},"date":1402632000,"number":"706","id":"45090401","content":"<div class=\"quote\">\r\n\t\r\n\t\t<div class=\"information\">\r\n\t\t\t\r\n\t\t\t\t<a href=\"showthread.php?p=45089673#post45089673\" rel=\"nofollow\">Rob Markia posted:</a>\r\n\t\t\t\r\n\t\t</div>\r\n\t\r\n\t<div class=\"message\">Been working on a bot for CS:GO ... for educational purposes.<br>\r\n<br>\r\n<div class=\"center\"><div class=\"video\"><iframe title=\"YouTube video player\" width=\"100%\" height=\"100%\" src=\"http://www.youtube.com/embed/l5forrVgxTU?hd=1\" frameborder=\"0\" allowfullscreen=\"\"></iframe></div></div><br>\r\nVideo description:<br>\r\nAn external CS:GO bot that I've been working on.  Just recently added BSP parsing and am currently working on player prediction and collision tests (to determine if an entity is visible).  I may or may not release the source - chances are, I will when I'm done.<br>\r\n<br>\r\nOne of the things I'm attempting to accomplish with this is a bot that is comparable in performance to internal hacks but without modifying memory.</div>\r\n\t\r\n</div> Does this work because you already have a legit client open or can it work independently? I guess what I'm asking is if it's a packet bot or not because that would be a first for source games.<br>\r\n<br>\r\nOh wait, I just noticed the console says it's getting the engine pointers. If all you're doing is displaying the data of the other client, what exactly is the advantage of doing it this way? Because to do anything other than a wallhack you're going to need to modify memory of the legit process anyway?","sanitized_content":"Does this work because you already have a legit client open or can it work independently? I guess what I'm asking is if it's a packet bot or not because that would be a first for source games.\r\n\r\nOh wait, I just noticed the console says it's getting the engine pointers. If all you're doing is displaying the data of the other client, what exactly is the advantage of doing it this way? Because to do anything other than a wallhack you're going to need to modify memory of the legit process anyway?","ratings":{"useful":1}}