{"thread":1398111,"page":18,"author":{"name":"ECrownofFire","info":{"os":"Windows 7","browser":"Firefox","country":"United States"},"type":"blue"},"date":1402545600,"number":"690","id":"45086619","content":"<div class=\"quote\">\r\n\t\r\n\t\t<div class=\"information\">\r\n\t\t\t\r\n\t\t\t\t<a href=\"showthread.php?p=45086366#post45086366\" rel=\"nofollow\">Jookia posted:</a>\r\n\t\t\t\r\n\t\t</div>\r\n\t\r\n\t<div class=\"message\">Sounds like wasted development time, especially since the user doesn't care.</div>\r\n\t\r\n</div> <i>cough</i> Starbound <i>cough</i>","sanitized_content":"cough Starbound cough","ratings":{"agree":2}}