{"thread":1398111,"page":18,"author":{"name":"CarLuver69","info":{"os":"Windows 7","browser":"Firefox","country":"United States"},"type":"blue"},"date":1402632000,"number":"714","id":"45090911","content":"<div class=\"quote\">\r\n\t\r\n\t\t<div class=\"information\">\r\n\t\t\t\r\n\t\t\t\t<a href=\"showthread.php?p=45090869#post45090869\" rel=\"nofollow\">Banandana posted:</a>\r\n\t\t\t\r\n\t\t</div>\r\n\t\r\n\t<div class=\"message\">Now what?<br>\r\n<br>\r\n<a href=\"http://i.imgur.com/68QaVNF.png\"><img src=\"http://i.imgur.com/68QaVNF.png\" border=\"0\" class=\"thumbnail\"></a></div>\r\n\t\r\n</div> Refactor everything.","sanitized_content":"Refactor everything.","ratings":{"funny":3}}