{"thread":1398111,"page":18,"author":{"name":"Bladezor","info":{"browser":"Unknown"},"type":"gold"},"date":1402632000,"number":"707","id":"45090414","content":"<div class=\"quote\">\r\n\t\r\n\t\t<div class=\"information\">\r\n\t\t\t\r\n\t\t\t\t<a href=\"showthread.php?p=45090401#post45090401\" rel=\"nofollow\">layla posted:</a>\r\n\t\t\t\r\n\t\t</div>\r\n\t\r\n\t<div class=\"message\">Does this work because you already have a legit client open or can it work independently? I guess what I'm asking is if it's a packet bot or not because that would be a first for source games.</div>\r\n\t\r\n</div> Looking at the console output, it looks like it's doing dll injection","sanitized_content":"Looking at the console output, it looks like it's doing dll injection","ratings":{"disagree":3}}