{"thread":1398111,"page":18,"author":{"name":"Lumaio","info":{"browser":"Unknown"},"type":"blue"},"date":1402632000,"number":"712","id":"45090508","content":"<div class=\"quote\">\r\n\t\r\n\t\t<div class=\"information\">\r\n\t\t\t\r\n\t\t\t\t<a href=\"showthread.php?p=45090444#post45090444\" rel=\"nofollow\">Rob Markia posted:</a>\r\n\t\t\t\r\n\t\t</div>\r\n\t\r\n\t<div class=\"message\">I don't believe VAC will detect it as it's been working fine for several weeks (I know, VAC is delayed), but there's always a risk - I've always assumed VAC only picks stuff up when threads are attached to the process or memory is overwritten.</div>\r\n\t\r\n</div> I don't know, I made a mouse mover tool that just moves the mouse downwards and I was using it on csgo as a test, vac picked it up and I was banned a week later :/","sanitized_content":"I don't know, I made a mouse mover tool that just moves the mouse downwards and I was using it on csgo as a test, vac picked it up and I was banned a week later :/","ratings":{"funny":33}}