{"thread":1398111,"page":18,"author":{"name":"Icedshot","info":{"os":"Windows 7","browser":"Chrome","country":"United Kingdom"},"type":"blue"},"date":1402545600,"number":"686","id":"45085888","content":"Hooray! This thing is getting better all the time. No black borders now<br>\r\n<br>\r\n<img src=\"https://dl.dropboxusercontent.com/u/9317774/noborders.PNG\" border=\"0\" alt=\"\"><br>\r\n<br>\r\nOriginally I used a convoluted point-within-two-triangles method to work out if a pixel was within the screen quad, then I realised that any point which read outside the valid texture bounds simply returned a w of 0. So then I just changed the check to if w == 0, return. Which is nice AFTER I DID ALL THE WORK <img src=\"/fp/emoot/v.gif\" border=\"0\" alt=\"\" title=\"V\" class=\"inlineimg\">","sanitized_content":"Hooray! This thing is getting better all the time. No black borders now\r\n\r\n\r\n\r\nOriginally I used a convoluted point-within-two-triangles method to work out if a pixel was within the screen quad, then I realised that any point which read outside the valid texture bounds simply returned a w of 0. So then I just changed the check to if w == 0, return. Which is nice AFTER I DID ALL THE WORK","ratings":{"artistic":2}}