{"thread":1398111,"page":18,"author":{"name":"CarLuver69","info":{"os":"Windows 7","browser":"Firefox","country":"United States"},"type":"blue"},"date":1402545600,"number":"682","id":"45085059","content":"<div class=\"quote\">\r\n\t\r\n\t\t<div class=\"information\">\r\n\t\t\t\r\n\t\t\t\t<a href=\"showthread.php?p=45084315#post45084315\" rel=\"nofollow\">Lemmingz95 posted:</a>\r\n\t\t\t\r\n\t\t</div>\r\n\t\r\n\t<div class=\"message\">How do I get the output to be &quot;{0.000215, 124}&quot; then? pre-format the numbers and append?</div>\r\n\t\r\n</div> This is how you do it:<br>\r\n<br>\r\n<div class=\"bbcode_container\">\r\n\t<div class=\"bbcode_description\">Code:</div>\r\n\t<pre class=\"bbcode_code\" style=\"height:39.999px;\">Debug.WriteLine(String.Format(&quot;{{{0}}}&quot;, String.Format(&quot;{0:G3}, {1:G3}&quot;, 0.00021515, 124.125)));</pre>\r\n</div>Need to reuse it? Use a static method:<br>\r\n<br>\r\n<div class=\"bbcode_container\">\r\n\t<div class=\"bbcode_description\">Code:</div>\r\n\t<pre class=\"bbcode_code\" style=\"height:133.33px;\">static string FormatCoords(string format, params object[] arg)\r\n{\r\n    return String.Format(&quot;{{{0}}}&quot;, String.Format(format, arg));\r\n}\r\n\r\n[...]\r\n\r\nDebug.WriteLine(FormatCoords(&quot;{0:G3}, {1:G3}&quot;, 0.00021515, 124.125));</pre>\r\n</div>","sanitized_content":"This is how you do it:\r\n\r\n\r\n\tCode:\r\n\tDebug.WriteLine(String.Format(\"{{{0}}}\", String.Format(\"{0:G3}, {1:G3}\", 0.00021515, 124.125)));\r\nNeed to reuse it? Use a static method:\r\n\r\n\r\n\tCode:\r\n\tstatic string FormatCoords(string format, params object[] arg)\r\n{\r\n    return String.Format(\"{{{0}}}\", String.Format(format, arg));\r\n}\r\n\r\n[...]\r\n\r\nDebug.WriteLine(FormatCoords(\"{0:G3}, {1:G3}\", 0.00021515, 124.125));","ratings":{"winner":1}}