{"thread":1398111,"page":16,"author":{"name":"AnonTakesOver","info":{"os":"Windows 7","browser":"Chrome","country":"Australia"},"type":"blue"},"date":1402459200,"number":"622","id":"45076109","content":"<div class=\"quote\">\r\n\t\r\n\t\t<div class=\"information\">\r\n\t\t\t\r\n\t\t\t\t<a href=\"showthread.php?p=45072286#post45072286\" rel=\"nofollow\">geel9 posted:</a>\r\n\t\t\t\r\n\t\t</div>\r\n\t\r\n\t<div class=\"message\">Anyone want to beta test Lemma? Add me on Steam if you like for a Steam key<br>\r\n<br>\r\nWe have a super cool level editor~~</div>\r\n\t\r\n</div> Added you for a beta key :3<br>\r\nDetective BibBobBibiloBaggings is me :')<br>\r\n<br>\r\nWhat language is it being made in by the way? C#?","sanitized_content":"Added you for a beta key :3\r\nDetective BibBobBibiloBaggings is me :')\r\n\r\nWhat language is it being made in by the way? C#?","ratings":{"dumb":4}}