{"thread":1398111,"page":16,"author":{"name":"BL00DB4TH","info":{"os":"Windows 7","browser":"Firefox","country":"United States"},"type":"gold"},"date":1402459200,"number":"615","id":"45074011","content":"Woo, terrain generation in LOVE<br>\r\n<a href=\"http://i.imgur.com/s20Hqkm.jpg\"><img src=\"http://i.imgur.com/s20Hqkm.jpg\" border=\"0\" class=\"thumbnail\"></a><br>\r\n<br>\r\n(don't mind the weird lines, it's from scaling spritebatches pretty far back which wouldn't happen in the final product)","sanitized_content":"Woo, terrain generation in LOVE\r\n\r\n\r\n(don't mind the weird lines, it's from scaling spritebatches pretty far back which wouldn't happen in the final product)","ratings":{"winner":5,"artistic":1}}