{"thread":1398111,"page":16,"author":{"name":"Mega1mpact","info":{"os":"Windows 7","browser":"Firefox","country":"Netherlands"},"type":"gold"},"date":1402545600,"number":"639","id":"45080070","content":"<div class=\"quote\">\r\n\t\r\n\t\t<div class=\"information\">\r\n\t\t\t\r\n\t\t\t\t<a href=\"showthread.php?p=45075678#post45075678\" rel=\"nofollow\">Gran PC posted:</a>\r\n\t\t\t\r\n\t\t</div>\r\n\t\r\n\t<div class=\"message\">small update on the image shit... turns out ive fired over 443 thousand requests to their server -- and im still not banned! out of those 443k+ requests, 203564 returned 200 OK -- the rest are removed/nonexistent images.<br>\r\n<br>\r\n<img src=\"http://puu.sh/9plH1/a7f9fb5045.png\" border=\"0\" alt=\"\"><br>\r\n<br>\r\n<font size=\"1\" color=\"#444444\"><b>Edited:</b></font><br>\r\n<br>\r\nalso, wow.lua has received 5810 requests (and counting... getting lots of requests apparently.. i find this concerning)<br>\r\n<br>\r\n<font size=\"1\" color=\"#444444\"><b>Edited:</b></font><br>\r\n<br>\r\naverage image size is ~65KB according to perl, who has mirrored <b>3.1 GB</b> of images onto his computer. A+ usage of disk space!</div>\r\n\t\r\n</div> Can you send me the source for this? I'd love to set up a bot that just collects everything and puts it in a public folder.<br>\r\nIt'll be fun","sanitized_content":"Can you send me the source for this? I'd love to set up a bot that just collects everything and puts it in a public folder.\r\nIt'll be fun","ratings":{"agree":1}}