{"thread":1398111,"page":16,"author":{"name":"Drury","info":{"os":"Windows 7","browser":"Opera","country":"Slovakia"},"type":"blue"},"date":1402459200,"number":"618","id":"45074726","content":"<div class=\"quote\">\r\n\t\r\n\t\t<div class=\"information\">\r\n\t\t\t\r\n\t\t\t\t<a href=\"showthread.php?p=45073712#post45073712\" rel=\"nofollow\">reevezy67 posted:</a>\r\n\t\t\t\r\n\t\t</div>\r\n\t\r\n\t<div class=\"message\">I drew a grid for my GO app, it took me six hours. Don't ask me why.<br>\r\n<img src=\"http://i.imgur.com/yABlkXZ.png\" border=\"0\" alt=\"\"><br>\r\nIf only I had this much tenacity when studying for exams.</div>\r\n\t\r\n</div> You thought that was bad<br>\r\n<br>\r\n<img src=\"http://giant.gfycat.com/SpryAltruisticAdder.gif\" border=\"0\" alt=\"\"><br>\r\n<br>\r\nThis shit (missiles actually firing off straight) took days (spritework wasn't even done by me).","sanitized_content":"You thought that was bad\r\n\r\n\r\n\r\nThis shit (missiles actually firing off straight) took days (spritework wasn't even done by me).","ratings":{"friendly":1}}