{"thread":1398111,"page":16,"author":{"name":"Johnny Guitar","info":{"os":"Windows 7","browser":"Firefox","country":"Canada"},"type":"blue"},"date":1402459200,"number":"623","id":"45076348","content":"<div class=\"quote\">\r\n\t\r\n\t\t<div class=\"information\">\r\n\t\t\t\r\n\t\t\t\t<a href=\"showthread.php?p=45075741#post45075741\" rel=\"nofollow\">Perl posted:</a>\r\n\t\t\t\r\n\t\t</div>\r\n\t\r\n\t<div class=\"message\">can never have enough selfies of 12 year olds</div>\r\n\t\r\n</div> <img src=\"http://delbpnt2y7t41.cloudfront.net/uploads/picture/picture_file/5234/picture.jpg\" border=\"0\" alt=\"\">","sanitized_content":"","ratings":{"funny":38,"informative":2,"useful":1}}