{"thread":1398111,"page":16,"author":{"name":"Tamschi","info":{"os":"Windows 7","browser":"Firefox","country":"Germany"},"type":"blue"},"date":1402545600,"number":"638","id":"45079992","content":"<div class=\"quote\">\r\n\t\r\n\t\t<div class=\"information\">\r\n\t\t\t\r\n\t\t\t\t<a href=\"showthread.php?p=45075678#post45075678\" rel=\"nofollow\">Gran PC posted:</a>\r\n\t\t\t\r\n\t\t</div>\r\n\t\r\n\t<div class=\"message\">small update on the image shit... turns out ive fired over 443 thousand requests to their server -- and im still not banned! out of those 443k+ requests, 203564 returned 200 OK -- the rest are removed/nonexistent images.<br>\r\n<br>\r\n<img src=\"http://puu.sh/9plH1/a7f9fb5045.png\" border=\"0\" alt=\"\"><br>\r\n<br>\r\n<font size=\"1\" color=\"#444444\"><b>Edited:</b></font><br>\r\n<br>\r\nalso, wow.lua has received 5810 requests (and counting... getting lots of requests apparently.. i find this concerning)<br>\r\n<br>\r\n<font size=\"1\" color=\"#444444\"><b>Edited:</b></font><br>\r\n<br>\r\naverage image size is ~65KB according to perl, who has mirrored <b>3.1 GB</b> of images onto his computer. A+ usage of disk space!</div>\r\n\t\r\n</div> Are you storing the timestamps too or do you just download the images directly?","sanitized_content":"Are you storing the timestamps too or do you just download the images directly?","ratings":{}}