{"thread":1398111,"page":16,"author":{"name":"Liquid Helium","info":{"browser":"Unknown"},"type":"blue"},"date":1402459200,"number":"625","id":"45076864","content":"I like in haskell you can do things in the function arguments like (x:xs) and whatever so I took this to it's logical extreme in my language, you can have conditionals in your function arguments/overloads like this<br>\r\n<div class=\"bbcode_container\">\r\n\t<div class=\"bbcode_description\">Code:</div>\r\n\t<pre class=\"bbcode_code\" style=\"height:93.331px;\">[= max [fn ([&gt; x y]) [x]\r\n           (x y)     [y]]]\r\n\r\n[= abs [fn ([&gt;= x 0]) [x]\r\n           ([&lt; x 0])  [- 0 x]]]</pre>\r\n</div>this also means you have a psedo type annotation system in the language now without adding anything extra<br>\r\n<br>\r\n<div class=\"bbcode_container\">\r\n\t<div class=\"bbcode_description\">Code:</div>\r\n\t<pre class=\"bbcode_code\" style=\"height:39.999px;\">[= some-func [fn ([tuple? x] [float? y]) [&quot;This method only get called if passed a tuple and a float&quot;]]]</pre>\r\n</div>is there any other language that has this kinda thing? If there isn't I name this &quot;Mr. Len Lens Arguments&quot; after my dog. It barley works and is very slow but here's an obligatory link <a href=\"https://github.com/LiquidHelium/Xigua/tree/experimental\" target=\"_blank\">https://github.com/LiquidHelium/Xigua/tree/experimental</a>","sanitized_content":"I like in haskell you can do things in the function arguments like (x:xs) and whatever so I took this to it's logical extreme in my language, you can have conditionals in your function arguments/overloads like this\r\n\r\n\tCode:\r\n\t[= max [fn ([> x y]) [x]\r\n           (x y)     [y]]]\r\n\r\n[= abs [fn ([>= x 0]) [x]\r\n           ([< x 0])  [- 0 x]]]\r\nthis also means you have a psedo type annotation system in the language now without adding anything extra\r\n\r\n\r\n\tCode:\r\n\t[= some-func [fn ([tuple? x] [float? y]) [\"This method only get called if passed a tuple and a float\"]]]\r\nis there any other language that has this kinda thing? If there isn't I name this \"Mr. Len Lens Arguments\" after my dog. It barley works and is very slow but here's an obligatory link https://github.com/LiquidHelium/Xigua/tree/experimental","ratings":{}}