{"thread":1398111,"page":16,"author":{"name":"Berkin","info":{"browser":"Unknown"},"type":"gold"},"date":1402545600,"number":"637","id":"45079560","content":"<div class=\"quote\">\r\n\t\r\n\t\t<div class=\"information\">\r\n\t\t\t\r\n\t\t\t\t<a href=\"showthread.php?p=45079459#post45079459\" rel=\"nofollow\">CarLuver69 posted:</a>\r\n\t\t\t\r\n\t\t</div>\r\n\t\r\n\t<div class=\"message\">So I was battling with the dreaded &quot;OutOfMemory&quot; exception, and it all came down to this piece of code:<br>\n<br>\n<div class=\"bbcode_container\">\r\n\t<div class=\"bbcode_description\">Code:</div>\r\n\t<pre class=\"bbcode_code\" style=\"height:79.998px;\">using (var fs = File.Create(filename, Size, FileOptions.WriteThrough))\n{\n    // write large amounts of stuff\n}</pre>\r\n</div>After scratching at my head for an hour or so, I tried this:<br>\n<br>\n<div class=\"bbcode_container\">\r\n\t<div class=\"bbcode_description\">Code:</div>\r\n\t<pre class=\"bbcode_code\" style=\"height:93.331px;\">using (var fs = File.Create(filename))\n{\n    fs.SetLength(Size);\n    // write large amounts of stuff\n}</pre>\r\n</div>Problem solved. <img src=\"/fp/emoot/v.gif\" border=\"0\" alt=\"\" title=\"V\" class=\"inlineimg\"></div>\r\n\t\r\n</div> Occam's razor, here to save the day.<br>\n<br>\n<font size=\"1\" color=\"#444444\"><b>Edited:</b></font><br>\n<br>\nHere's some progress on my project.<br>\n<br>\n<img src=\"http://i.imgur.com/hh1vneB.png\" border=\"0\" alt=\"\"><br>\n<br>\nImagine sticking a dictionary in a blender, it would look something like this.<br>\n<br>\nAlso, the <a href=\"https://github.com/TheBerkin/ManDic\" target=\"_blank\">dictionary files</a> are on GitHub. If you want, feel free to add shit and submit a pull request. I appreciate it.","sanitized_content":"Occam's razor, here to save the day.\n\nEdited:\n\nHere's some progress on my project.\n\n\n\nImagine sticking a dictionary in a blender, it would look something like this.\n\nAlso, the dictionary files are on GitHub. If you want, feel free to add shit and submit a pull request. I appreciate it.","ratings":{"funny":10,"winner":2}}