{"thread":1398111,"page":16,"author":{"name":"Richy19","info":{"os":"Windows 7","browser":"Chrome","country":"United Kingdom"},"type":"blue"},"date":1402459200,"number":"607","id":"45072721","content":"<div class=\"quote\">\r\n\t\r\n\t\t<div class=\"information\">\r\n\t\t\t\r\n\t\t\t\t<a href=\"showthread.php?p=45072527#post45072527\" rel=\"nofollow\">geel9 posted:</a>\r\n\t\t\t\r\n\t\t</div>\r\n\t\r\n\t<div class=\"message\">Which is why we need beta testers god dammit<br>\r\n<br>\r\nadd me &lt;3</div>\r\n\t\r\n</div> I should already have you added <img src=\"/fp/emoot/v.gif\" border=\"0\" alt=\"\" title=\"V\" class=\"inlineimg\"> ill just check","sanitized_content":"I should already have you added  ill just check","ratings":{}}