{"thread":1398111,"page":16,"author":{"name":"Gran PC","info":{"os":"Mac","browser":"Chrome","country":"Spain"},"type":"blue"},"date":1402459200,"number":"620","id":"45075678","content":"small update on the image shit... turns out ive fired over 443 thousand requests to their server -- and im still not banned! out of those 443k+ requests, 203564 returned 200 OK -- the rest are removed/nonexistent images.<br>\r\n<br>\r\n<img src=\"http://puu.sh/9plH1/a7f9fb5045.png\" border=\"0\" alt=\"\"><br>\r\n<br>\r\n<font size=\"1\" color=\"#444444\"><b>Edited:</b></font><br>\r\n<br>\r\nalso, wow.lua has received 5810 requests (and counting... getting lots of requests apparently.. i find this concerning)<br>\r\n<br>\r\n<font size=\"1\" color=\"#444444\"><b>Edited:</b></font><br>\r\n<br>\r\naverage image size is ~65KB according to perl, who has mirrored <b>3.1 GB</b> of images onto his computer. A+ usage of disk space!","sanitized_content":"small update on the image shit... turns out ive fired over 443 thousand requests to their server -- and im still not banned! out of those 443k+ requests, 203564 returned 200 OK -- the rest are removed/nonexistent images.\r\n\r\n\r\n\r\nEdited:\r\n\r\nalso, wow.lua has received 5810 requests (and counting... getting lots of requests apparently.. i find this concerning)\r\n\r\nEdited:\r\n\r\naverage image size is ~65KB according to perl, who has mirrored 3.1 GB of images onto his computer. A+ usage of disk space!","ratings":{"funny":10}}