{"thread":1398111,"page":16,"author":{"name":"Berkin","info":{"browser":"Unknown"},"type":"gold"},"date":1402459200,"number":"619","id":"45075444","content":"After sifting through a lot of exceptions, dictionaries are finally loading properly and word calls now work:<br>\r\n<br>\r\n<img src=\"http://i.imgur.com/CyUpxAW.png\" border=\"0\" alt=\"\"><br>\r\n<br>\r\nI'll post some more examples later after I fix a few things.","sanitized_content":"After sifting through a lot of exceptions, dictionaries are finally loading properly and word calls now work:\r\n\r\n\r\n\r\nI'll post some more examples later after I fix a few things.","ratings":{"funny":6,"optimistic":1}}