{"thread":1398111,"page":16,"author":{"name":"Bumrang","info":{"os":"Windows 7","browser":"Chrome","country":"United States"},"type":"gold"},"date":1402459200,"number":"633","id":"45077305","content":"<div class=\"quote\">\r\n\t\r\n\t\t<div class=\"information\">\r\n\t\t\t\r\n\t\t\t\t<a href=\"showthread.php?p=45077164#post45077164\" rel=\"nofollow\">geel9 posted:</a>\r\n\t\t\t\r\n\t\t</div>\r\n\t\r\n\t<div class=\"message\">god dammit someone unban me from fpp :|:</div>\r\n\t\r\n</div> check again","sanitized_content":"check again","ratings":{"friendly":1}}