{"thread":1398111,"page":16,"author":{"name":"reevezy67","info":{"browser":"Unknown"},"type":"gold"},"date":1402459200,"number":"611","id":"45073712","content":"I drew a grid for my GO app, it took me six hours. Don't ask me why.<br>\n<img src=\"http://i.imgur.com/yABlkXZ.png\" border=\"0\" alt=\"\"><br>\nIf only I had this much tenacity when studying for exams.","sanitized_content":"I drew a grid for my GO app, it took me six hours. Don't ask me why.\n\nIf only I had this much tenacity when studying for exams.","ratings":{"artistic":2}}