{"thread":1398111,"page":16,"author":{"name":"geel9","info":{"browser":"Unknown"},"type":"gold"},"date":1402459200,"number":"631","id":"45077164","content":"god dammit someone unban me from fpp :|:<br>\n<br>\n<font size=\"1\" color=\"#444444\"><b>Edited:</b></font><br>\n<br>\n<b>YYYEEEEESSSSSSS</b><br>\r\n<br>\r\n<br>\r\n<video style=\"margin: 16px; min-width: 20px; min-height: 20px; border: 1px solid #fff; box-shadow: 0 0 4px rgba( 0, 0, 0, 0.4 );\" src=\"http://feen.us/i/76/5398e44edb242.webm\" controls=\"controls\">Your browser doesn't support HTML 5 videos!</video>","sanitized_content":"god dammit someone unban me from fpp :|:\n\nEdited:\n\nYYYEEEEESSSSSSS\r\n\r\n\r\nYour browser doesn't support HTML 5 videos!","ratings":{"optimistic":4,"programming_king":4,"winner":1,"dumb":1}}