{"thread":1398111,"page":16,"author":{"name":"geel9","info":{"browser":"Unknown"},"type":"gold"},"date":1402459200,"number":"602","id":"45072352","content":"<div class=\"quote\">\r\n\t\r\n\t\t<div class=\"information\">\r\n\t\t\t\r\n\t\t\t\t<a href=\"showthread.php?p=45072340#post45072340\" rel=\"nofollow\">MaPi_svk posted:</a>\r\n\t\t\t\r\n\t\t</div>\r\n\t\r\n\t<div class=\"message\">Does it run on Linux?</div>\r\n\t\r\n</div> Because of the fact that MonoGame doesn't have support for <b>any</b> XNA content pipeline features, we can't port it to linux yet.<br>\r\n<br>\r\nYou can try wine though","sanitized_content":"Because of the fact that MonoGame doesn't have support for any XNA content pipeline features, we can't port it to linux yet.\r\n\r\nYou can try wine though","ratings":{}}