{"thread":1398111,"page":16,"author":{"name":"Funley","info":{"os":"Windows 7","browser":"Chrome","country":"Finland"},"type":"gold"},"date":1402459200,"number":"634","id":"45077319","content":"The roofs look odd since I haven't yet figured out a way to &quot;bundle&quot; them together.<br>\n<br>\n<font size=\"1\" color=\"#444444\"><b>Edited:</b></font><br>\n<br>\ndammit, my automerge :(","sanitized_content":"The roofs look odd since I haven't yet figured out a way to \"bundle\" them together.\n\nEdited:\n\ndammit, my automerge :(","ratings":{}}