{"thread":1398111,"page":16,"author":{"name":"krix","info":{"os":"Windows 8","browser":"Chrome","country":"Germany"},"type":"gold"},"date":1402459200,"number":"612","id":"45073774","content":"<div class=\"quote\">\r\n\t\r\n\t\t<div class=\"information\">\r\n\t\t\t\r\n\t\t\t\t<a href=\"showthread.php?p=45073712#post45073712\" rel=\"nofollow\">reevezy67 posted:</a>\r\n\t\t\t\r\n\t\t</div>\r\n\t\r\n\t<div class=\"message\">I drew a grid for my GO app, it took me six hours. <b>Don't ask me why</b>.<br>\r\n-img-<br>\r\nIf only I had this much tenacity when studying for exams.</div>\r\n\t\r\n</div> Why did that take you 6 hours? The hell, man.","sanitized_content":"Why did that take you 6 hours? The hell, man.","ratings":{"agree":8,"disagree":1}}