{"thread":1398111,"page":16,"author":{"name":"Falcqn","info":{"os":"Windows 7","browser":"Chrome","country":"United Kingdom"},"type":"gold"},"date":1402545600,"number":"635","id":"45079025","content":"<div class=\"center\"><div class=\"video\"><iframe title=\"YouTube video player\" width=\"100%\" height=\"100%\" src=\"http://www.youtube.com/embed/Uo_AMMjR8-I?hd=1\" frameborder=\"0\" allowfullscreen=\"\"></iframe></div></div><br>\nwoo, 3d","sanitized_content":"woo, 3d","ratings":{"funny":5,"winner":2}}