{"thread":1398111,"page":16,"author":{"name":"CarLuver69","info":{"os":"Windows 7","browser":"Firefox","country":"United States"},"type":"blue"},"date":1402545600,"number":"636","id":"45079459","content":"So I was battling with the dreaded &quot;OutOfMemory&quot; exception, and it all came down to this piece of code:<br>\r\n<br>\r\n<div class=\"bbcode_container\">\r\n\t<div class=\"bbcode_description\">Code:</div>\r\n\t<pre class=\"bbcode_code\" style=\"height:79.998px;\">using (var fs = File.Create(filename, Size, FileOptions.WriteThrough))\r\n{\r\n    // write large amounts of stuff\r\n}</pre>\r\n</div>After scratching at my head for an hour or so, I tried this:<br>\r\n<br>\r\n<div class=\"bbcode_container\">\r\n\t<div class=\"bbcode_description\">Code:</div>\r\n\t<pre class=\"bbcode_code\" style=\"height:93.331px;\">using (var fs = File.Create(filename))\r\n{\r\n    fs.SetLength(Size);\r\n    // write large amounts of stuff\r\n}</pre>\r\n</div>Problem solved. <img src=\"/fp/emoot/v.gif\" border=\"0\" alt=\"\" title=\"V\" class=\"inlineimg\">","sanitized_content":"So I was battling with the dreaded \"OutOfMemory\" exception, and it all came down to this piece of code:\r\n\r\n\r\n\tCode:\r\n\tusing (var fs = File.Create(filename, Size, FileOptions.WriteThrough))\r\n{\r\n    // write large amounts of stuff\r\n}\r\nAfter scratching at my head for an hour or so, I tried this:\r\n\r\n\r\n\tCode:\r\n\tusing (var fs = File.Create(filename))\r\n{\r\n    fs.SetLength(Size);\r\n    // write large amounts of stuff\r\n}\r\nProblem solved.","ratings":{"funny":7}}