{"thread":1398111,"page":16,"author":{"name":"Richy19","info":{"os":"Windows 7","browser":"Chrome","country":"United Kingdom"},"type":"blue"},"date":1402459200,"number":"603","id":"45072472","content":"<div class=\"quote\">\r\n\t\r\n\t\t<div class=\"information\">\r\n\t\t\t\r\n\t\t\t\t<a href=\"showthread.php?p=45072352#post45072352\" rel=\"nofollow\">geel9 posted:</a>\r\n\t\t\t\r\n\t\t</div>\r\n\t\r\n\t<div class=\"message\">Because of the fact that MonoGame doesn't have support for <b>any</b> XNA content pipeline features, we can't port it to linux yet.<br>\r\n<br>\r\nYou can try wine though</div>\r\n\t\r\n</div> Any ideas what system specs you need for it?<br>\r\nIll give it a try but im not sure how well it will run <img src=\"/fp/emoot/v.gif\" border=\"0\" alt=\"\" title=\"V\" class=\"inlineimg\">","sanitized_content":"Any ideas what system specs you need for it?\r\nIll give it a try but im not sure how well it will run","ratings":{}}