{"thread":1398111,"page":16,"author":{"name":"reevezy67","info":{"browser":"Unknown"},"type":"gold"},"date":1402459200,"number":"614","id":"45073877","content":"Every time I tried something Unity played an ear-reddening move.<br>\n<br>\nScaling issues mostly, this iteration of the grid took me 15 minutes at most. I also spent a lot of time trying to come up with n splice scaling for grid-like textures.","sanitized_content":"Every time I tried something Unity played an ear-reddening move.\n\nScaling issues mostly, this iteration of the grid took me 15 minutes at most. I also spent a lot of time trying to come up with n splice scaling for grid-like textures.","ratings":{"friendly":1}}