{"thread":1398111,"page":16,"author":{"name":"Greenen72","info":{"os":"Windows 7","browser":"Chrome","country":"United States"},"type":"gold"},"date":1402459200,"number":"610","id":"45073426","content":"<div class=\"quote\">\r\n\t\r\n\t\t<div class=\"information\">\r\n\t\t\t\r\n\t\t\t\t<a href=\"showthread.php?p=45062799#post45062799\" rel=\"nofollow\">geel9 posted:</a>\r\n\t\t\t\r\n\t\t</div>\r\n\t\r\n\t<div class=\"message\"><img src=\"http://puu.sh/9nMWn/49500e9fce.png\" border=\"0\" alt=\"\"><br>\r\n<br>\r\nWooo, downloading my game on Steam~</div>\r\n\t\r\n</div> Holy crap I thought you were just making a really cool terminal","sanitized_content":"Holy crap I thought you were just making a really cool terminal","ratings":{"agree":2,"optimistic":1}}