{"thread":1398111,"page":16,"author":{"name":"ben1066","info":{"os":"Linux","browser":"Chrome","country":"United Kingdom"},"type":"blue"},"date":1402459200,"number":"627","id":"45077026","content":"<div class=\"quote\">\r\n\t\r\n\t\t<div class=\"information\">\r\n\t\t\t\r\n\t\t\t\t<a href=\"showthread.php?p=45072352#post45072352\" rel=\"nofollow\">geel9 posted:</a>\r\n\t\t\t\r\n\t\t</div>\r\n\t\r\n\t<div class=\"message\">Because of the fact that MonoGame doesn't have support for <b>any</b> XNA content pipeline features, we can't port it to linux yet.<br>\r\n<br>\r\nYou can try wine though</div>\r\n\t\r\n</div> If I am not mistaken you can load most assets that are packaged on windows, there is 2MGFX for shaders and I think that the MGCB tool may actually be usable now too, I haven't looked into it a great deal. There are certainly games that have shipped with it though.<br>\r\n<br>\r\nEDIT: It's open source too, I might have a look, I have used monogame on linux a couple times before.","sanitized_content":"If I am not mistaken you can load most assets that are packaged on windows, there is 2MGFX for shaders and I think that the MGCB tool may actually be usable now too, I haven't looked into it a great deal. There are certainly games that have shipped with it though.\r\n\r\nEDIT: It's open source too, I might have a look, I have used monogame on linux a couple times before.","ratings":{}}