{"thread":1398111,"page":16,"author":{"name":"geel9","info":{"browser":"Unknown"},"type":"gold"},"date":1402459200,"number":"613","id":"45073861","content":"<div class=\"quote\">\r\n\t\r\n\t\t<div class=\"information\">\r\n\t\t\t\r\n\t\t\t\t<a href=\"showthread.php?p=45073426#post45073426\" rel=\"nofollow\">Greenen72 posted:</a>\r\n\t\t\t\r\n\t\t</div>\r\n\t\r\n\t<div class=\"message\">Holy crap I thought you were just making a really cool terminal</div>\r\n\t\r\n</div> Nope, it's a first-person parkour game.<br>\r\n<br>\r\nI was just working on the really cool console and level editor and shit for a while.","sanitized_content":"Nope, it's a first-person parkour game.\r\n\r\nI was just working on the really cool console and level editor and shit for a while.","ratings":{}}