{"thread":1398111,"page":16,"author":{"name":"ECrownofFire","info":{"os":"Windows 7","browser":"Firefox","country":"United States"},"type":"blue"},"date":1402459200,"number":"628","id":"45077028","content":"<div class=\"quote\">\r\n\t\r\n\t\t<div class=\"information\">\r\n\t\t\t\r\n\t\t\t\t<a href=\"showthread.php?p=45076864#post45076864\" rel=\"nofollow\">Liquid Helium posted:</a>\r\n\t\t\t\r\n\t\t</div>\r\n\t\r\n\t<div class=\"message\">I like in haskell you can do things in the function arguments like (x:xs) and whatever so I took this to it's logical extreme in my language, you can have conditionals in your function arguments/overloads like this<br>\r\n<br>\r\n-codesnip-<br>\r\n<br>\r\nis there any other language that has this kinda thing? If there isn't I name this &quot;Mr. Len Lens Arguments&quot; after my dog. It barley works and is very slow but here's an obligatory link <a href=\"https://github.com/LiquidHelium/Xigua/tree/experimental\" target=\"_blank\">https://github.com/LiquidHelium/Xigua/tree/experimental</a></div>\r\n\t\r\n</div> Erlang has &quot;guards&quot;. In fact, so does Haskell <img src=\"/fp/emoot/v.gif\" border=\"0\" alt=\"\" title=\"V\" class=\"inlineimg\"><br>\r\n<br>\r\n<div class=\"bbcode_container\">\r\n\t<div class=\"bbcode_description\">Code:</div>\r\n\t<pre class=\"bbcode_code\" style=\"height:93.331px;\">abs(X) when X &gt;= 0, is_number(X) -&gt;\r\n    X;\r\n\r\nabs(X) when is_number(X) -&gt;\r\n    X * -1.</pre>\r\n</div>is_number(X) is necessary because Erlang is dynamically typed (it refers to integers and floats). Though it's not strictly necessary on the first one because numbers are always &quot;greater than&quot; every other type.<br>\r\n<br>\r\nHaskell has similar code (stolen from Wikipedia because I don't know Haskell):<br>\r\n<div class=\"bbcode_container\">\r\n\t<div class=\"bbcode_description\">Code:</div>\r\n\t<pre class=\"bbcode_code\" style=\"height:66.665px;\">f x\r\n | x &gt; 0 = 1\r\n | otherwise = 0</pre>\r\n</div>","sanitized_content":"Erlang has \"guards\". In fact, so does Haskell \r\n\r\n\r\n\tCode:\r\n\tabs(X) when X >= 0, is_number(X) ->\r\n    X;\r\n\r\nabs(X) when is_number(X) ->\r\n    X * -1.\r\nis_number(X) is necessary because Erlang is dynamically typed (it refers to integers and floats). Though it's not strictly necessary on the first one because numbers are always \"greater than\" every other type.\r\n\r\nHaskell has similar code (stolen from Wikipedia because I don't know Haskell):\r\n\r\n\tCode:\r\n\tf x\r\n | x > 0 = 1\r\n | otherwise = 0","ratings":{}}