{"thread":1398111,"page":16,"author":{"name":"benjojo","info":{"browser":"Unknown"},"type":"gold"},"date":1402459200,"number":"629","id":"45077036","content":"<div class=\"quote\">\r\n\t\r\n\t\t<div class=\"information\">\r\n\t\t\t\r\n\t\t\t\t<a href=\"showthread.php?p=45077021#post45077021\" rel=\"nofollow\">chimitos posted:</a>\r\n\t\t\t\r\n\t\t</div>\r\n\t\r\n\t<div class=\"message\">What's the current IRC channel?</div>\r\n\t\r\n</div> ##fpp on freenode, a very small select of people actually talk there though. It does burst into life at times though. Best to have your client alert you on any messages to give you notice when a conversation does pop up.","sanitized_content":"##fpp on freenode, a very small select of people actually talk there though. It does burst into life at times though. Best to have your client alert you on any messages to give you notice when a conversation does pop up.","ratings":{"funny":2,"informative":1}}