{"thread":1398111,"page":16,"author":{"name":"Perl","info":{"os":"Windows 7","browser":"Chrome","country":"Estonia"},"type":"gold"},"date":1402459200,"number":"621","id":"45075741","content":"<div class=\"quote\">\r\n\t\r\n\t\t<div class=\"information\">\r\n\t\t\t\r\n\t\t\t\t<a href=\"showthread.php?p=45075678#post45075678\" rel=\"nofollow\">Gran PC posted:</a>\r\n\t\t\t\r\n\t\t</div>\r\n\t\r\n\t<div class=\"message\">average image size is ~65KB according to perl, who has mirrored <b>3.1 GB</b> of images onto his computer. A+ usage of disk space!</div>\r\n\t\r\n</div> can never have enough selfies of 12 year olds","sanitized_content":"can never have enough selfies of 12 year olds","ratings":{"agree":12,"funny":2,"informative":1}}