{"thread":1398111,"page":16,"author":{"name":"cartman300","info":{"os":"Windows 8","browser":"Chrome","country":"Croatia"},"type":"blue"},"date":1402459200,"number":"616","id":"45074438","content":"<div class=\"quote\">\r\n\t\r\n\t\t<div class=\"information\">\r\n\t\t\t\r\n\t\t\t\t<a href=\"showthread.php?p=45070851#post45070851\" rel=\"nofollow\">Gran PC posted:</a>\r\n\t\t\t\r\n\t\t</div>\r\n\t\r\n\t<div class=\"message\">-snip-<br>\n<br>\n<font size=\"1\" color=\"#444444\"><b>Edited:</b></font><br>\n<br>\n-snip-<br>\n<br>\n<font size=\"1\" color=\"#444444\"><b>Edited:</b></font><br>\n<br>\n-snip-<br>\n<br>\n<font size=\"1\" color=\"#444444\"><b>Edited:</b></font><br>\n<br>\n-snip-</div>\r\n\t\r\n</div> <a href=\"http://delbpnt2y7t41.cloudfront.net/uploads/picture/picture_file/1343/picture.jpg\"><img src=\"http://delbpnt2y7t41.cloudfront.net/uploads/picture/picture_file/1343/picture.jpg\" border=\"0\" class=\"thumbnail\"></a><br>\n<br>\nHah, ironic.","sanitized_content":"Hah, ironic.","ratings":{"agree":2}}