{"thread":1398111,"page":16,"author":{"name":"geel9","info":{"browser":"Unknown"},"type":"gold"},"date":1402459200,"number":"604","id":"45072527","content":"<div class=\"quote\">\r\n\t\r\n\t\t<div class=\"information\">\r\n\t\t\t\r\n\t\t\t\t<a href=\"showthread.php?p=45072472#post45072472\" rel=\"nofollow\">Richy19 posted:</a>\r\n\t\t\t\r\n\t\t</div>\r\n\t\r\n\t<div class=\"message\">Any ideas what system specs you need for it?<br>\r\nIll give it a try but im not sure how well it will run <img src=\"/fp/emoot/v.gif\" border=\"0\" alt=\"\" title=\"V\" class=\"inlineimg\"></div>\r\n\t\r\n</div> Which is why we need beta testers god dammit<br>\r\n<br>\r\nadd me &lt;3","sanitized_content":"Which is why we need beta testers god dammit\r\n\r\nadd me <3","ratings":{"friendly":1}}