{"thread":1398111,"page":16,"author":{"name":"Funley","info":{"os":"Windows 7","browser":"Chrome","country":"Finland"},"type":"gold"},"date":1402459200,"number":"632","id":"45077286","content":"Messing around with perspective, making a top-down thing that looks 3D. Does this look right to you?<br>\r\n<br>\r\n<a href=\"https://dl.dropboxusercontent.com/u/43546107/photos/Screenshot%202014-06-12%2002.27.33.png\"><img src=\"https://dl.dropboxusercontent.com/u/43546107/photos/Screenshot%202014-06-12%2002.27.33.png\" border=\"0\" class=\"thumbnail\"></a>","sanitized_content":"Messing around with perspective, making a top-down thing that looks 3D. Does this look right to you?","ratings":{"agree":16}}