{"thread":1398111,"page":16,"author":{"name":"redx475","info":{"browser":"Unknown"},"type":"blue"},"date":1402459200,"number":"624","id":"45076367","content":"Best way to find bugs is to make stuff, so I've been implementing simple code samples in my language in order to test it. Here I implemented FizzBuzz:<br>\r\n<br>\r\n<div class=\"bbcode_container\">\r\n\t<div class=\"bbcode_description\">Code:</div>\r\n\t<pre class=\"bbcode_code\" style=\"height:239.994px;\">module $fizzbuzz\r\n\r\nfunc run($n) {\r\n\tfor(\r\n\t\t{var $i = 1},\r\n\t\t{lteq($i,$n)},\r\n\t\t{$i = add($i,1)},\r\n\t\t{\r\n\t\t\tvar $string = &quot;&quot;\r\n\t\t\tif(equal(mod($i,3),0),{$string = &quot;Fizz&quot;})\r\n\t\t\tif(equal(mod($i,5),0),{$string = concat($string,&quot;Buzz&quot;)})\r\n\t\t\tif(equal($string,&quot;&quot;),{$string = $i})\r\n\t\t\t$console.print($string)\r\n\t\t}\r\n\t)\r\n}</pre>\r\n</div><img src=\"http://i.imgur.com/A1JPI4N.png\" border=\"0\" alt=\"\">","sanitized_content":"Best way to find bugs is to make stuff, so I've been implementing simple code samples in my language in order to test it. Here I implemented FizzBuzz:\r\n\r\n\r\n\tCode:\r\n\tmodule $fizzbuzz\r\n\r\nfunc run($n) {\r\n\tfor(\r\n\t\t{var $i = 1},\r\n\t\t{lteq($i,$n)},\r\n\t\t{$i = add($i,1)},\r\n\t\t{\r\n\t\t\tvar $string = \"\"\r\n\t\t\tif(equal(mod($i,3),0),{$string = \"Fizz\"})\r\n\t\t\tif(equal(mod($i,5),0),{$string = concat($string,\"Buzz\")})\r\n\t\t\tif(equal($string,\"\"),{$string = $i})\r\n\t\t\t$console.print($string)\r\n\t\t}\r\n\t)\r\n}","ratings":{"winner":1,"artistic":1}}