{"thread":1398111,"page":1,"author":{"name":"Arxae","info":{"browser":"Unknown"},"type":"blue"},"date":1401595200,"number":"7","id":"44969473","content":"Anyone knows how to execute a method in a different program? In C#<br>\r\n<br>\r\nI have one application with some log displays. The other has to send the log method, along with a enum and some text. Was thinking about using ZeroMQ or something like that, but that might be a bit overkill no?","sanitized_content":"Anyone knows how to execute a method in a different program? In C#\r\n\r\nI have one application with some log displays. The other has to send the log method, along with a enum and some text. Was thinking about using ZeroMQ or something like that, but that might be a bit overkill no?","ratings":{}}