{"thread":1398111,"page":1,"author":{"name":"ECrownofFire","info":{"os":"Windows 7","browser":"Firefox","country":"United States"},"type":"blue"},"date":1401595200,"number":"35","id":"44971847","content":"<div class=\"quote\">\r\n\t\r\n\t\t<div class=\"information\">\r\n\t\t\t\r\n\t\t\t\t<a href=\"showthread.php?p=44969473#post44969473\" rel=\"nofollow\">Arxae posted:</a>\r\n\t\t\t\r\n\t\t</div>\r\n\t\r\n\t<div class=\"message\">Anyone knows how to execute a method in a different program? In C#<br>\r\n<br>\r\nI have one application with some log displays. The other has to send the log method, along with a enum and some text. Was thinking about using ZeroMQ or something like that, but that might be a bit overkill no?</div>\r\n\t\r\n</div> ZeroMQ or something similar is the &quot;best&quot; way to do this, but it's a bit overkill. There's also the option to just do TCP messages or something.<br>\r\n<br>\r\nYou could also write to a file, then have your other program open that file and do whatever.<br>\r\n<br>\r\nOr even do the Unix pipe thing and just use stdout and stdin to make them talk to each other (for Windows, there's <a href=\"http://msdn.microsoft.com/en-us/library/windows/desktop/ms682499%28v=vs.85%29.aspx\" target=\"_blank\">CreatePipe</a>).","sanitized_content":"ZeroMQ or something similar is the \"best\" way to do this, but it's a bit overkill. There's also the option to just do TCP messages or something.\r\n\r\nYou could also write to a file, then have your other program open that file and do whatever.\r\n\r\nOr even do the Unix pipe thing and just use stdout and stdin to make them talk to each other (for Windows, there's CreatePipe).","ratings":{"useful":1}}