{"thread":1398111,"page":1,"author":{"name":"cartman300","info":{"os":"Windows 8","browser":"Chrome","country":"Croatia"},"type":"blue"},"date":1401595200,"number":"14","id":"44969834","content":"<div class=\"quote\">\r\n\t\r\n\t\t<div class=\"information\">\r\n\t\t\t\r\n\t\t\t\t<a href=\"showthread.php?p=44969754#post44969754\" rel=\"nofollow\">Gran PC posted:</a>\r\n\t\t\t\r\n\t\t</div>\r\n\t\r\n\t<div class=\"message\">we know!</div>\r\n\t\r\n</div> Reminds me of <a href=\"http://facepunch.com/member.php?u=109406\" target=\"_blank\">_Kilburn</a>'s title. <img src=\"/fp/emoot/v.gif\" border=\"0\" alt=\"\" title=\"V\" class=\"inlineimg\">","sanitized_content":"Reminds me of _Kilburn's title.","ratings":{}}