{"thread":1398111,"page":1,"author":{"name":"Berkin","info":{"browser":"Unknown"},"type":"gold"},"date":1401595200,"number":"23","id":"44970812","content":"<div class=\"quote\">\r\n\t\r\n\t\t<div class=\"information\">\r\n\t\t\t\r\n\t\t\t\t<a href=\"showthread.php?p=44970098#post44970098\" rel=\"nofollow\">Torrunt posted:</a>\r\n\t\t\t\r\n\t\t</div>\r\n\t\r\n\t<div class=\"message\">Awesome, it's been a while since I've been in the highlights! :D.<br>\r\n<br>\r\nI just finished my last Uni assignment on Friday (it's the same one from the video in the highlights), I may record a video of it later to show you guys.<br>\r\n<br>\r\nThe last couple of days I did a little more work on my image viewer and decided to release the next version. It's been a few months since the last release but every so often I've been doing a little work on it and making commits to the github repo.<br>\r\nHere's a list of all the changes I've made:<br>\r\n<br>\r\n<br>\r\nand here's a link to the download if you're interested: <a href=\"https://github.com/Torrunt/vimage/releases/tag/v6\" target=\"_blank\">https://github.com/Torrunt/vimage/releases/tag/v6</a></div>\r\n\t\r\n</div> Magnificent. Works perfectly.<br>\r\n<br>\r\nNo more Windows Photo Viewer for me.","sanitized_content":"Magnificent. Works perfectly.\r\n\r\nNo more Windows Photo Viewer for me.","ratings":{"agree":2}}