{"thread":1398111,"page":1,"author":{"name":"Simspelaaja","info":{"os":"Windows 7","browser":"Firefox","country":"Finland"},"type":"blue"},"date":1401595200,"number":"15","id":"44969846","content":"<div class=\"quote\">\r\n\t\r\n\t\t<div class=\"information\">\r\n\t\t\t\r\n\t\t\t\t<a href=\"showthread.php?p=44969538#post44969538\" rel=\"nofollow\">Arxae posted:</a>\r\n\t\t\t\r\n\t\t</div>\r\n\t\r\n\t<div class=\"message\">Networking would be the zeromq idea and the same assembly is something i don't want (want to keep the logging part universal for later).<br>\r\n<br>\r\nReflection is something COULD be a possibility. Have to look into that :P</div>\r\n\t\r\n</div> There's no need for Reflection. Just add the program as a reference like you would add any other assembly and use the method like you normally would.","sanitized_content":"There's no need for Reflection. Just add the program as a reference like you would add any other assembly and use the method like you normally would.","ratings":{"disagree":1}}