{"thread":1398111,"page":1,"author":{"name":"LimEJET","info":{"browser":"Unknown"},"type":"gold"},"date":1401595200,"number":"25","id":"44971106","content":"<div class=\"quote\">\r\n\t\r\n\t\t<div class=\"information\">\r\n\t\t\t\r\n\t\t\t\t<a href=\"showthread.php?p=44970850#post44970850\" rel=\"nofollow\">Ziks posted:</a>\r\n\t\t\t\r\n\t\t</div>\r\n\t\r\n\t<div class=\"message\">Is the internet really that bad?</div>\r\n\t\r\n</div> I've been there, and I can tell you, it's worse.<br>\r\n<br>\r\n<font size=\"1\" color=\"#444444\"><b>Edited:</b></font><br>\r\n<br>\r\nwait shit this was for that thread asking about waywo","sanitized_content":"I've been there, and I can tell you, it's worse.\r\n\r\nEdited:\r\n\r\nwait shit this was for that thread asking about waywo","ratings":{"funny":2}}