{"thread":1398111,"page":1,"author":{"name":"Ziks","info":{"browser":"Unknown"},"type":"gold"},"date":1401595200,"number":"1","id":"44969379","content":"<img src=\"http://i.imgur.com/vNFeBoI.png\" border=\"0\" alt=\"\"><br>\r\n<br>\r\n<b>Highlights from <a href=\"http://facepunch.com/showthread.php?t=1390172\" target=\"_blank\">May</a>:</b> (Generated using Rohansi's <a href=\"https://github.com/Rohansi/BetterWAYWO\" target=\"_blank\">BetterWAYWO</a>)<br>\r\n<br>\r\n<div class=\"quote\">\r\n\t\r\n\t\t<div class=\"information\">\r\n\t\t\t\r\n\t\t\t\t<a href=\"showthread.php?p=44709636#post44709636\" rel=\"nofollow\">supersnail11 posted:</a>\r\n\t\t\t\r\n\t\t</div>\r\n\t\r\n\t<div class=\"message\"><img src=\"http://puu.sh/8wYnp/cc29e05525.png\" border=\"0\" alt=\"\"><br>\r\n<br>\r\nIt took a bit of time, but I've extracted every post from v00 - v43, and put it in a MariaDB database:<br>\r\n<img src=\"http://puu.sh/8wYqn/508ca0f238.png\" border=\"0\" alt=\"\"><br>\r\nNow I'm going to render it out as a bunch of static pages, add a search feature, and probably make some graphs with statistics.<br>\r\n<br>\r\n<i>And you guys thought I couldn't do it.</i></div>\r\n\t\r\n</div> <div class=\"quote\">\r\n\t\r\n\t\t<div class=\"information\">\r\n\t\t\t\r\n\t\t\t\t<a href=\"showthread.php?p=44913697#post44913697\" rel=\"nofollow\">Speedfalcon posted:</a>\r\n\t\t\t\r\n\t\t</div>\r\n\t\r\n\t<div class=\"message\">Working on a TicTacToe variant with a 9x9 grid and a recursive design. Players must win in one of 9 3x3 grids for the grid to be converted into a bigger 3x3 square:<br>\r\n<br>\r\n<img src=\"http://i.imgur.com/qjo0h9U.png\" border=\"0\" alt=\"\"><br>\r\n<br>\r\nSource code (so far): <a href=\"https://github.com/NickTikhonov/tictacsquared\" target=\"_blank\">https://github.com/NickTikhonov/tictacsquared</a><br>\r\n<br>\r\nEDIT:<br>\r\n<br>\r\nNow an Android App on the Play Store: <a href=\"https://play.google.com/store/apps/details?id=com.nicktikhonov.tictacsquared\" target=\"_blank\">https://play.google.com/store/apps/d....tictacsquared</a></div>\r\n\t\r\n</div> <div class=\"quote\">\r\n\t\r\n\t\t<div class=\"information\">\r\n\t\t\t\r\n\t\t\t\t<a href=\"showthread.php?p=44755381#post44755381\" rel=\"nofollow\">LuaStoned posted:</a>\r\n\t\t\t\r\n\t\t</div>\r\n\t\r\n\t<div class=\"message\">BlackAwps and I have been working on LuaCraft for the past month, today we released it.<br>\r\nIf you want more info <a href=\"http://facepunch.com/showthread.php?t=1392060\" target=\"_blank\">head over here.</a><br>\r\n<br>\r\n<img src=\"http://img.luastoned.com/luacraft_forge_v4.png\" border=\"0\" alt=\"\"></div>\r\n\t\r\n</div> <div class=\"quote\">\r\n\t\r\n\t\t<div class=\"information\">\r\n\t\t\t\r\n\t\t\t\t<a href=\"showthread.php?p=44840896#post44840896\" rel=\"nofollow\">Mr_Razzums posted:</a>\r\n\t\t\t\r\n\t\t</div>\r\n\t\r\n\t<div class=\"message\">This gif is 30mb sry waywo<br>\r\n<br>\r\n<img src=\"http://i.imgur.com/RzKOHVd.gif\" border=\"0\" alt=\"\"></div>\r\n\t\r\n</div> <div class=\"quote\">\r\n\t\r\n\t\t<div class=\"information\">\r\n\t\t\t\r\n\t\t\t\t<a href=\"showthread.php?p=44800277#post44800277\" rel=\"nofollow\">Ziks posted:</a>\r\n\t\t\t\r\n\t\t</div>\r\n\t\r\n\t<div class=\"message\"><img src=\"http://puu.sh/8L1zG.gif\" border=\"0\" alt=\"\"><br>\r\n<br>\r\nThe server can now receive player input.</div>\r\n\t\r\n</div> <div class=\"quote\">\r\n\t\r\n\t\t<div class=\"information\">\r\n\t\t\t\r\n\t\t\t\t<a href=\"showthread.php?p=44835934#post44835934\" rel=\"nofollow\">Deseteral posted:</a>\r\n\t\t\t\r\n\t\t</div>\r\n\t\r\n\t<div class=\"message\">I'm working on user interface for Ziks roguelike.<br>\r\nCurrently I've implemented 5 different widgets:<br>\r\nframe, label, button, text input and progress bar.<br>\r\n<br>\r\n<img src=\"http://i.imgur.com/HXAvV2D.gif\" border=\"0\" alt=\"\"><br>\r\n<br>\r\nNow I'm going to work on XML loader, fix some bugs, prepare docs, and then submit my first ever pull request to an Open Source project <img src=\"/fp/emoot/dance.gif\" border=\"0\" alt=\"\" title=\"Dance\" class=\"inlineimg\"></div>\r\n\t\r\n</div> <div class=\"quote\">\r\n\t\r\n\t\t<div class=\"information\">\r\n\t\t\t\r\n\t\t\t\t<a href=\"showthread.php?p=44804593#post44804593\" rel=\"nofollow\">Gmod4ever posted:</a>\r\n\t\t\t\r\n\t\t</div>\r\n\t\r\n\t<div class=\"message\">Got bored, decided to break into C# by making a simple little <a href=\"http://en.wikipedia.org/wiki/Portmanteau\" target=\"_blank\">portmanteau</a> generator. It's not perfect, because as we all know, the English language isn't perfectly regular. However, I think it works pretty well.<br>\r\n<br>\r\nThe implementation is recursive, where it will pair off input words and attempt to portmanteau them in one of two ways: through shared letters (the largest amount of shared letters), or through a rule where the first vowel-after-consonant is matched with first-vowel-and-after (Br(eakfast) + (L)unch =&gt; Brunch). Once all the input has been paired off, it uses recursion to pair off all of the portmanteaus, until it reaches a point where it can no longer generate new portmanteaus (the base case being to return the input).<br>\r\n<br>\r\n<img src=\"http://a.pomf.se/woouzh.png\" border=\"0\" alt=\"\"><br>\r\n<br>\r\nNothing very exciting, but <img src=\"/fp/emoot/v.gif\" border=\"0\" alt=\"\" title=\"V\" class=\"inlineimg\">.</div>\r\n\t\r\n</div> <div class=\"quote\">\r\n\t\r\n\t\t<div class=\"information\">\r\n\t\t\t\r\n\t\t\t\t<a href=\"showthread.php?p=44898402#post44898402\" rel=\"nofollow\">layla posted:</a>\r\n\t\t\t\r\n\t\t</div>\r\n\t\r\n\t<div class=\"message\">Today I wanted to experiment with steamworks voice chat. I had already coded my own voice chat but I think it's better to use steams. Steams voice chat is P2P so it takes some stress off the server because my voice chat is broadcasted from the game server. <br>\r\n<br>\r\nAlso because I'm using steamworks, I can take advantage of some of the features and do stuff like showing the steam persona name. This is so ghetto though, I don't auth steam ids yet so someone could spoof their packet and pretend to be someone else if they wanted.<br>\r\n<br>\r\nSo I just finished getting it to work and got the FPP dudes to test it.<br>\r\n<br>\r\n<img src=\"https://dl.dropboxusercontent.com/u/99765/screenshot_240514_214446.png\" border=\"0\" alt=\"\"><br>\r\n<br>\r\nTurns out it didn't work because I forgot to do something. So I fixed it and we tested it again.<br>\r\n<br>\r\n<img src=\"https://dl.dropboxusercontent.com/u/99765/screenshot_240514_220607.png\" border=\"0\" alt=\"\"><br>\r\n<br>\r\nWorks great.</div>\r\n\t\r\n</div> <div class=\"quote\">\r\n\t\r\n\t\t<div class=\"information\">\r\n\t\t\t\r\n\t\t\t\t<a href=\"showthread.php?p=44839553#post44839553\" rel=\"nofollow\">reevezy67 posted:</a>\r\n\t\t\t\r\n\t\t</div>\r\n\t\r\n\t<div class=\"message\">Progress via accidental racism.<br>\r\n<img src=\"http://puu.sh/8QZdO.png\" border=\"0\" alt=\"\"></div>\r\n\t\r\n</div> <div class=\"quote\">\r\n\t\r\n\t\t<div class=\"information\">\r\n\t\t\t\r\n\t\t\t\t<a href=\"showthread.php?p=44795163#post44795163\" rel=\"nofollow\">Torrunt posted:</a>\r\n\t\t\t\r\n\t\t</div>\r\n\t\r\n\t<div class=\"message\">I was working on some Laser Blasters in Unity and I accidently got a weird effect going on (they're just meant to fly straight). Looks pretty cool though.<br>\r\n<br>\r\n<div class=\"center\"><div class=\"video\"><iframe title=\"YouTube video player\" width=\"100%\" height=\"100%\" src=\"http://www.youtube.com/embed/PQB7HFtmFIM?hd=1\" frameborder=\"0\" allowfullscreen=\"\"></iframe></div></div></div>\r\n\t\r\n</div> <div class=\"quote\">\r\n\t\r\n\t\t<div class=\"information\">\r\n\t\t\t\r\n\t\t\t\t<a href=\"showthread.php?p=44948263#post44948263\" rel=\"nofollow\">Quark: posted:</a>\r\n\t\t\t\r\n\t\t</div>\r\n\t\r\n\t<div class=\"message\"><img src=\"http://i.imgur.com/I3zMqBd.png\" border=\"0\" alt=\"\"><br>\r\n<br>\r\nis this one of those sex games?</div>\r\n\t\r\n</div> <div class=\"quote\">\r\n\t\r\n\t\t<div class=\"information\">\r\n\t\t\t\r\n\t\t\t\t<a href=\"showthread.php?p=44911468#post44911468\" rel=\"nofollow\">Tovip posted:</a>\r\n\t\t\t\r\n\t\t</div>\r\n\t\r\n\t<div class=\"message\"><img src=\"http://i.imgur.com/PUozniV.gif\" border=\"0\" alt=\"\"><br>\r\n*this is not the same game that adnzzzZ has been posting</div>\r\n\t\r\n</div> <div class=\"quote\">\r\n\t\r\n\t\t<div class=\"information\">\r\n\t\t\t\r\n\t\t\t\t<a href=\"showthread.php?p=44793517#post44793517\" rel=\"nofollow\">chimitos posted:</a>\r\n\t\t\t\r\n\t\t</div>\r\n\t\r\n\t<div class=\"message\">This is never ever going to not be relevant.<br>\r\n<img src=\"http://i.imgur.com/uogbdeg.jpg\" border=\"0\" alt=\"\"></div>\r\n\t\r\n</div> <div class=\"quote\">\r\n\t\r\n\t\t<div class=\"information\">\r\n\t\t\t\r\n\t\t\t\t<a href=\"showthread.php?p=44694399#post44694399\" rel=\"nofollow\">Mega1mpact posted:</a>\r\n\t\t\t\r\n\t\t</div>\r\n\t\r\n\t<div class=\"message\"><div class=\"center\"><div class=\"video\"><iframe title=\"YouTube video player\" width=\"100%\" height=\"100%\" src=\"http://www.youtube.com/embed/00Qu1kgsGpM?hd=1\" frameborder=\"0\" allowfullscreen=\"\"></iframe></div></div><br>\r\n<font size=\"1\" color=\"#444444\"><b>Edited:</b></font><br>\r\n<br>\r\nIt's getting bigger and bigger by the day.</div>\r\n\t\r\n</div> <div class=\"quote\">\r\n\t\r\n\t\t<div class=\"information\">\r\n\t\t\t\r\n\t\t\t\t<a href=\"showthread.php?p=44937367#post44937367\" rel=\"nofollow\">Downsider posted:</a>\r\n\t\t\t\r\n\t\t</div>\r\n\t\r\n\t<div class=\"message\">I made a dropdown console ala Quake, it works with any shell. I use Bash because that's what I know how to use.<br>\r\n<br>\r\nI had the idea when I had to combine a bunch of SQL files for a project on Windows and my groupmate started doing it manually. So now it's really easy and fast to get to a shell interface where you can automate that stuff.<br>\r\n<br>\r\nIt automatically sets the working directory to whatever Explorer window you have highlighted when you first open it, unless you're in another process like SSH'ing into a server or something. I'm gonna add tabs and customization and release it.<br>\r\n<br>\r\n<video style=\"margin: 16px; min-width: 20px; min-height: 20px; border: 1px solid #fff; box-shadow: 0 0 4px rgba( 0, 0, 0, 0.4 );\" src=\"http://rly.sexy:8090/uploads/05-28-2014-19-25-42.mp4\" controls=\"controls\">Your browser doesn't support HTML 5 videos!</video></div>\r\n\t\r\n</div> <div class=\"quote\">\r\n\t\r\n\t\t<div class=\"information\">\r\n\t\t\t\r\n\t\t\t\t<a href=\"showthread.php?p=44855091#post44855091\" rel=\"nofollow\">cartman300 posted:</a>\r\n\t\t\t\r\n\t\t</div>\r\n\t\r\n\t<div class=\"message\"><img src=\"http://puu.sh/8TjOw.gif\" border=\"0\" alt=\"\"><br>\r\n<br>\r\nReal time tileset reloaing.</div>\r\n\t\r\n</div> <div class=\"quote\">\r\n\t\r\n\t\t<div class=\"information\">\r\n\t\t\t\r\n\t\t\t\t<a href=\"showthread.php?p=44693559#post44693559\" rel=\"nofollow\">adnzzzzZ posted:</a>\r\n\t\t\t\r\n\t\t</div>\r\n\t\r\n\t<div class=\"message\"><img src=\"http://puu.sh/8uH1G.gif\" border=\"0\" alt=\"\"></div>\r\n\t\r\n</div> <div class=\"quote\">\r\n\t\r\n\t\t<div class=\"information\">\r\n\t\t\t\r\n\t\t\t\t<a href=\"showthread.php?p=44772362#post44772362\" rel=\"nofollow\">Swebonny posted:</a>\r\n\t\t\t\r\n\t\t</div>\r\n\t\r\n\t<div class=\"message\">Yea!<br>\r\n<video style=\"margin: 16px; min-width: 20px; min-height: 20px; border: 1px solid #fff; box-shadow: 0 0 4px rgba( 0, 0, 0, 0.4 );\" src=\"http://dl.dropboxusercontent.com/u/3843429/gif_gifsicle_2_f7ff881a6d3.webm\" controls=\"controls\">Your browser doesn't support HTML 5 videos!</video></div>\r\n\t\r\n</div> <div class=\"quote\">\r\n\t\r\n\t\t<div class=\"information\">\r\n\t\t\t\r\n\t\t\t\t<a href=\"showthread.php?p=44782501#post44782501\" rel=\"nofollow\">MatheusMCardoso posted:</a>\r\n\t\t\t\r\n\t\t</div>\r\n\t\r\n\t<div class=\"message\"><img src=\"http://i.imgur.com/XKvHxW2.png\" border=\"0\" alt=\"\"><br>\r\n<br>\r\nMy first ever browser extension and it works!</div>\r\n\t\r\n</div> <div class=\"quote\">\r\n\t\r\n\t\t<div class=\"information\">\r\n\t\t\t\r\n\t\t\t\t<a href=\"showthread.php?p=44731202#post44731202\" rel=\"nofollow\">Zwolf11 posted:</a>\r\n\t\t\t\r\n\t\t</div>\r\n\t\r\n\t<div class=\"message\">I made this when this was posted on Reddit a while back :<br>\r\n<img src=\"http://i.imgur.com/MpNCmXE.jpg\" border=\"0\" alt=\"\"></div>\r\n\t\r\n</div> <div class=\"quote\">\r\n\t\r\n\t\t<div class=\"information\">\r\n\t\t\t\r\n\t\t\t\t<a href=\"showthread.php?p=44965306#post44965306\" rel=\"nofollow\">PotcFdk posted:</a>\r\n\t\t\t\r\n\t\t</div>\r\n\t\r\n\t<div class=\"message\">So I had this idea for quite a long time now:<br>\r\nTake TCP and replace the entire network model below it with something else.<br>\r\n<br>\r\nI spent quite a long time thinking about what I could replace it with:<br>\r\nDropbox? The RTT would be way too high.<br>\r\nSkype Video/VOIP? Nice, but way too complex to start with that.<br>\r\nSo I went with text chat and chose a free and open chat protocol: XMPP.<br>\r\nThen I ran Minecraft.<br>\r\n<br>\r\nThis is the layout:<br>\r\n<br>\r\n<img src=\"https://i.imgur.com/RLkGQgW.png\" border=\"0\" alt=\"\"><br>\r\n<br>\r\nHere it is, running a Minecraft server in a VM and the client on the host OS:<br>\r\n(Running really, really slow, but that was expected.)<br>\r\n<br>\r\n<img src=\"https://dl.dropboxusercontent.com/u/34110473/web_share/facepunch/tcp-xmpp.png\" border=\"0\" alt=\"\"><br>\r\n<br>\r\nTL;DR:<br>\r\n<br>\r\n<img src=\"https://i.imgur.com/U63E2Yb.png\" border=\"0\" alt=\"\"></div>\r\n\t\r\n</div> <div class=\"quote\">\r\n\t\r\n\t\t<div class=\"information\">\r\n\t\t\t\r\n\t\t\t\t<a href=\"showthread.php?p=44843634#post44843634\" rel=\"nofollow\">sarge997 posted:</a>\r\n\t\t\t\r\n\t\t</div>\r\n\t\r\n\t<div class=\"message\"><b>Oh jesus what have I done..</b><br>\r\n<br>\r\n<video style=\"margin: 16px; min-width: 20px; min-height: 20px; border: 1px solid #fff; box-shadow: 0 0 4px rgba( 0, 0, 0, 0.4 );\" src=\"http://myhostingstuff.webege.com/1%20(04).mp4\" controls=\"controls\">Your browser doesn't support HTML 5 videos!</video></div>\r\n\t\r\n</div> <div class=\"quote\">\r\n\t\r\n\t\t<div class=\"information\">\r\n\t\t\t\r\n\t\t\t\t<a href=\"showthread.php?p=44886345#post44886345\" rel=\"nofollow\">SiPlus posted:</a>\r\n\t\t\t\r\n\t\t</div>\r\n\t\r\n\t<div class=\"message\"><div class=\"center\"><div class=\"video\"><iframe title=\"YouTube video player\" width=\"100%\" height=\"100%\" src=\"http://www.youtube.com/embed/ifHy-ViUPys?hd=1\" frameborder=\"0\" allowfullscreen=\"\"></iframe></div></div></div>\r\n\t\r\n</div> <div class=\"quote\">\r\n\t\r\n\t\t<div class=\"information\">\r\n\t\t\t\r\n\t\t\t\t<a href=\"showthread.php?p=44956165#post44956165\" rel=\"nofollow\">slime73 posted:</a>\r\n\t\t\t\r\n\t\t</div>\r\n\t\r\n\t<div class=\"message\">I got the Utah Teapot and Stanford Bunny rendering in L�VE:<br>\r\n<img src=\"http://i.imgur.com/Uh17c9N.png\" border=\"0\" alt=\"\"><br>\r\n<img src=\"http://i.imgur.com/WD4X7vK.png\" border=\"0\" alt=\"\"></div>\r\n\t\r\n</div> <div class=\"quote\">\r\n\t\r\n\t\t<div class=\"information\">\r\n\t\t\t\r\n\t\t\t\t<a href=\"showthread.php?p=44900126#post44900126\" rel=\"nofollow\">Icedshot posted:</a>\r\n\t\t\t\r\n\t\t</div>\r\n\t\r\n\t<div class=\"message\">Yes, but I'm essentially using this to generate a procedural star backdrop for my spacegame, because unfortunately I don't really have the resources to create a proper one (and also fuck manually implementing cubemapping in OpenCL with a rusty spike). I'm purely confining it to one galaxy as well<br>\r\n<br>\r\nThe generator I'm using is actually for bar typed galaxies, but the equation tends to infinity for the bar (you have to manually connect) and I haven't gotten around to it actually generating the bar yet. I can fix this without much adieu, but I've been writing the point renderer first <img src=\"/fp/emoot/v.gif\" border=\"0\" alt=\"\" title=\"V\" class=\"inlineimg\"> you can see in the image that the spirals stop, and would connect to a bar, but I've hodge podged in a circle for now. Just on its own, the equation generates:<br>\r\n<br>\r\n<img src=\"https://dl.dropboxusercontent.com/u/9317774/surprisinglynotahassle.PNG\" border=\"0\" alt=\"\"><br>\r\n<br>\r\nWhich has a space for a realistic bar at the centre<br>\r\n<br>\r\nIn very related news, I finished writing the point renderer<br>\r\n<br>\r\n<img src=\"https://dl.dropboxusercontent.com/u/9317774/betterthanexpected.PNG\" border=\"0\" alt=\"\"><br>\r\n<br>\r\n<img src=\"https://dl.dropboxusercontent.com/u/9317774/yay2.PNG\" border=\"0\" alt=\"\"><br>\r\n<br>\r\nSide shot:<br>\r\n<br>\r\n<img src=\"https://dl.dropboxusercontent.com/u/9317774/disk.PNG\" border=\"0\" alt=\"\"><br>\r\n<br>\r\nIt looks uneven because that's a spiral arm on the left, and perspective projection is making it uneven because the distance varies wildly<br>\r\n<br>\r\nThere's still a few issues, I need to get stars to scatter properly all over the place, and currently its based on a 2D map so I need to fix it to not do that instead <img src=\"/fp/emoot/v.gif\" border=\"0\" alt=\"\" title=\"V\" class=\"inlineimg\"></div>\r\n\t\r\n</div> <img src=\"http://i.cubeupload.com/KK0MIG.png\" border=\"0\" alt=\"\"><br>\r\n<b>v44</b>: <a href=\"http://facepunch.com/showthread.php?t=1390172\" target=\"_blank\">http://facepunch.com/showthread.php?t=1390172</a><br>\r\n<b>v43</b>: <a href=\"http://facepunch.com/showthread.php?t=1381509\" target=\"_blank\">http://facepunch.com/showthread.php?t=1381509</a><br>\r\n<b>v42</b>: <a href=\"http://facepunch.com/showthread.php?t=1370992\" target=\"_blank\">http://facepunch.com/showthread.php?t=1370992</a><br>\r\n<b>v41</b>: <a href=\"http://facepunch.com/showthread.php?t=1357303\" target=\"_blank\">http://facepunch.com/showthread.php?t=1357303</a><br>\r\n<b>v40</b>: <a href=\"http://facepunch.com/showthread.php?t=1341293\" target=\"_blank\">http://facepunch.com/showthread.php?t=1341293</a><br>\r\n<b>v39</b>: <a href=\"http://facepunch.com/showthread.php?t=1330406\" target=\"_blank\">http://facepunch.com/showthread.php?t=1330406</a><br>\r\n<b>v38</b>: <a href=\"http://facepunch.com/showthread.php?t=1260790\" target=\"_blank\">http://facepunch.com/showthread.php?t=1260790</a><br>\r\n<b>v37</b>: <a href=\"http://facepunch.com/showthread.php?t=1255512\" target=\"_blank\">http://facepunch.com/showthread.php?t=1255512</a><br>\r\n<b>v36</b>: <a href=\"http://facepunch.com/showthread.php?t=1250048\" target=\"_blank\">http://facepunch.com/showthread.php?t=1250048</a><br>\r\n<b>v35</b>: <a href=\"http://facepunch.com/showthread.php?t=1244189\" target=\"_blank\">http://facepunch.com/showthread.php?t=1244189</a><br>\r\n<b>v34</b>: <a href=\"http://facepunch.com/showthread.php?t=1236566\" target=\"_blank\">http://facepunch.com/showthread.php?t=1236566</a><br>\r\n<b>v33</b>: <a href=\"http://facepunch.com/showthread.php?t=1229762\" target=\"_blank\">http://facepunch.com/showthread.php?t=1229762</a><br>\r\n<b>v32</b>: <a href=\"http://facepunch.com/showthread.php?t=1222442\" target=\"_blank\">http://facepunch.com/showthread.php?t=1222442</a><br>\r\n<b>v31</b>: <a href=\"http://facepunch.com/showthread.php?t=1215128\" target=\"_blank\">http://facepunch.com/showthread.php?t=1215128</a><br>\r\n<b>v30</b>: <a href=\"http://facepunch.com/showthread.php?t=1209342\" target=\"_blank\">http://facepunch.com/showthread.php?t=1209342</a><br>\r\n<b>v29</b>: <a href=\"http://facepunch.com/showthread.php?t=1202224\" target=\"_blank\">http://facepunch.com/showthread.php?t=1202224</a><br>\r\n<b>v28</b>: <a href=\"http://facepunch.com/showthread.php?t=1194900\" target=\"_blank\">http://facepunch.com/showthread.php?t=1194900</a><br>\r\n<b>v27</b>: <a href=\"http://facepunch.com/showthread.php?t=1187755\" target=\"_blank\">http://facepunch.com/showthread.php?t=1187755</a><br>\r\n<b>v26</b>: <a href=\"http://facepunch.com/showthread.php?t=1181032\" target=\"_blank\">http://facepunch.com/showthread.php?t=1181032</a><br>\r\n<b>v25</b>: <a href=\"http://facepunch.com/showthread.php?t=1174646\" target=\"_blank\">http://facepunch.com/showthread.php?t=1174646</a><br>\r\n<b>v24</b>: <a href=\"http://facepunch.com/showthread.php?t=1167397\" target=\"_blank\">http://facepunch.com/showthread.php?t=1167397</a><br>\r\n<b>v23</b>: <a href=\"http://facepunch.com/showthread.php?t=1160420\" target=\"_blank\">http://facepunch.com/showthread.php?t=1160420</a><br>\r\n<b>v22</b>: <a href=\"http://facepunch.com/showthread.php?t=1151723\" target=\"_blank\">http://facepunch.com/showthread.php?t=1151723</a><br>\r\n<b>v21</b>: <a href=\"http://facepunch.com/showthread.php?t=1144771\" target=\"_blank\">http://facepunch.com/showthread.php?t=1144771</a><br>\r\n<b>v20</b>: <a href=\"http://facepunch.com/showthread.php?t=1137375\" target=\"_blank\">http://facepunch.com/showthread.php?t=1137375</a><br>\r\n<b>v19</b>: <a href=\"http://facepunch.com/showthread.php?t=1123599\" target=\"_blank\">http://facepunch.com/showthread.php?t=1123599</a><br>\r\n<b>v18</b>: <a href=\"http://facepunch.com/showthread.php?t=1099026\" target=\"_blank\">http://facepunch.com/showthread.php?t=1099026</a><br>\r\n<b>v17</b>: <a href=\"http://facepunch.com/showthread.php?t=1090922\" target=\"_blank\">http://facepunch.com/showthread.php?t=1090922</a><br>\r\n<b>v16</b>: <a href=\"http://facepunch.com/showthread.php?t=1082035\" target=\"_blank\">http://facepunch.com/showthread.php?t=1082035</a><br>\r\n<b>v15</b>: <a href=\"http://facepunch.com/showthread.php?t=1062318\" target=\"_blank\">http://facepunch.com/showthread.php?t=1062318</a><br>\r\n<b>v14</b>: <a href=\"http://facepunch.com/showthread.php?t=1044832\" target=\"_blank\">http://facepunch.com/showthread.php?t=1044832</a><br>\r\n<b>v13</b>: <a href=\"http://facepunch.com/showthread.php?t=1028402\" target=\"_blank\">http://facepunch.com/showthread.php?t=1028402</a><br>\r\n<b>v12</b>: <a href=\"http://facepunch.com/showthread.php?t=1000894\" target=\"_blank\">http://facepunch.com/showthread.php?t=1000894</a><br>\r\n<b>v11</b>: <a href=\"http://facepunch.com/showthread.php?t=969139\" target=\"_blank\">http://facepunch.com/showthread.php?t=969139</a><br>\r\n<b>v10</b>: <a href=\"http://facepunch.com/showthread.php?t=949277\" target=\"_blank\">http://facepunch.com/showthread.php?t=949277</a><br>\r\n<b>v09</b>: <a href=\"http://facepunch.com/showthread.php?t=935572\" target=\"_blank\">http://facepunch.com/showthread.php?t=935572</a><br>\r\n<b>v08</b>: <a href=\"http://facepunch.com/showthread.php?t=919721\" target=\"_blank\">http://facepunch.com/showthread.php?t=919721</a><br>\r\n<b>v07</b>: <a href=\"http://facepunch.com/showthread.php?t=899530\" target=\"_blank\">http://facepunch.com/showthread.php?t=899530</a><br>\r\n<b>v06</b>: <a href=\"http://facepunch.com/showthread.php?t=878114\" target=\"_blank\">http://facepunch.com/showthread.php?t=878114</a><br>\r\n<b>v05</b>: <a href=\"http://facepunch.com/showthread.php?t=862848\" target=\"_blank\">http://facepunch.com/showthread.php?t=862848</a><br>\r\n<b>v04</b>: <a href=\"http://facepunch.com/showthread.php?t=842121\" target=\"_blank\">http://facepunch.com/showthread.php?t=842121</a><br>\r\n<b>v03</b>: <a href=\"http://facepunch.com/showthread.php?t=829486\" target=\"_blank\">http://facepunch.com/showthread.php?t=829486</a><br>\r\n<b>v02</b>: <a href=\"http://facepunch.com/showthread.php?t=808758\" target=\"_blank\">http://facepunch.com/showthread.php?t=808758</a><br>\r\n<b>v01</b>: <a href=\"http://facepunch.com/showthread.php?t=774427\" target=\"_blank\">http://facepunch.com/showthread.php?t=774427</a><br>\r\n<b>v00</b>: <a href=\"http://facepunch.com/showthread.php?t=764346\" target=\"_blank\">http://facepunch.com/showthread.php?t=764346</a>","sanitized_content":"Highlights from May: (Generated using Rohansi's BetterWAYWO)\r\n\r\n                         \r\nv44: http://facepunch.com/showthread.php?t=1390172\r\nv43: http://facepunch.com/showthread.php?t=1381509\r\nv42: http://facepunch.com/showthread.php?t=1370992\r\nv41: http://facepunch.com/showthread.php?t=1357303\r\nv40: http://facepunch.com/showthread.php?t=1341293\r\nv39: http://facepunch.com/showthread.php?t=1330406\r\nv38: http://facepunch.com/showthread.php?t=1260790\r\nv37: http://facepunch.com/showthread.php?t=1255512\r\nv36: http://facepunch.com/showthread.php?t=1250048\r\nv35: http://facepunch.com/showthread.php?t=1244189\r\nv34: http://facepunch.com/showthread.php?t=1236566\r\nv33: http://facepunch.com/showthread.php?t=1229762\r\nv32: http://facepunch.com/showthread.php?t=1222442\r\nv31: http://facepunch.com/showthread.php?t=1215128\r\nv30: http://facepunch.com/showthread.php?t=1209342\r\nv29: http://facepunch.com/showthread.php?t=1202224\r\nv28: http://facepunch.com/showthread.php?t=1194900\r\nv27: http://facepunch.com/showthread.php?t=1187755\r\nv26: http://facepunch.com/showthread.php?t=1181032\r\nv25: http://facepunch.com/showthread.php?t=1174646\r\nv24: http://facepunch.com/showthread.php?t=1167397\r\nv23: http://facepunch.com/showthread.php?t=1160420\r\nv22: http://facepunch.com/showthread.php?t=1151723\r\nv21: http://facepunch.com/showthread.php?t=1144771\r\nv20: http://facepunch.com/showthread.php?t=1137375\r\nv19: http://facepunch.com/showthread.php?t=1123599\r\nv18: http://facepunch.com/showthread.php?t=1099026\r\nv17: http://facepunch.com/showthread.php?t=1090922\r\nv16: http://facepunch.com/showthread.php?t=1082035\r\nv15: http://facepunch.com/showthread.php?t=1062318\r\nv14: http://facepunch.com/showthread.php?t=1044832\r\nv13: http://facepunch.com/showthread.php?t=1028402\r\nv12: http://facepunch.com/showthread.php?t=1000894\r\nv11: http://facepunch.com/showthread.php?t=969139\r\nv10: http://facepunch.com/showthread.php?t=949277\r\nv09: http://facepunch.com/showthread.php?t=935572\r\nv08: http://facepunch.com/showthread.php?t=919721\r\nv07: http://facepunch.com/showthread.php?t=899530\r\nv06: http://facepunch.com/showthread.php?t=878114\r\nv05: http://facepunch.com/showthread.php?t=862848\r\nv04: http://facepunch.com/showthread.php?t=842121\r\nv03: http://facepunch.com/showthread.php?t=829486\r\nv02: http://facepunch.com/showthread.php?t=808758\r\nv01: http://facepunch.com/showthread.php?t=774427\r\nv00: http://facepunch.com/showthread.php?t=764346","ratings":{"winner":4,"funny":1,"useful":1,"artistic":1}}