{"thread":1398111,"page":1,"author":{"name":"cartman300","info":{"os":"Windows 8","browser":"Chrome","country":"Croatia"},"type":"blue"},"date":1401595200,"number":"34","id":"44971706","content":"<div class=\"quote\">\r\n\t\r\n\t\t<div class=\"information\">\r\n\t\t\t\r\n\t\t\t\t<a href=\"showthread.php?p=44971610#post44971610\" rel=\"nofollow\">Ac!dL3ak posted:</a>\r\n\t\t\t\r\n\t\t</div>\r\n\t\r\n\t<div class=\"message\"><div class=\"bbcode_container\">\r\n\t<div class=\"bbcode_description\">Code:</div>\r\n\t<pre class=\"bbcode_code\" style=\"height:53.332px;\">class() : extends() {\r\n}</pre>\r\n</div></div>\r\n\t\r\n</div> What?","sanitized_content":"What?","ratings":{"agree":6,"disagree":1,"funny":1,"dumb":1}}