{"thread":1398111,"page":1,"author":{"name":"Arxae","info":{"browser":"Unknown"},"type":"blue"},"date":1401595200,"number":"11","id":"44969538","content":"Networking would be the zeromq idea and the same assembly is something i don't want (want to keep the logging part universal for later).<br>\r\n<br>\r\nReflection is something COULD be a possibility. Have to look into that :P","sanitized_content":"Networking would be the zeromq idea and the same assembly is something i don't want (want to keep the logging part universal for later).\r\n\r\nReflection is something COULD be a possibility. Have to look into that :P","ratings":{}}