{"thread":1398111,"page":1,"author":{"name":"Torrunt","info":{"browser":"Unknown"},"type":"gold"},"date":1401595200,"number":"17","id":"44970098","content":"Awesome, it's been a while since I've been in the highlights! :D.<br>\r\n<br>\r\nI just finished my last Uni assignment on Friday (it's the same one from the video in the highlights), I may record a video of it later to show you guys.<br>\r\n<br>\r\nThe last couple of days I did a little more work on my image viewer and decided to release the next version. It's been a few months since the last release but every so often I've been doing a little work on it and making commits to the github repo.<br>\r\nHere's a list of all the changes I've made:<br>\r\n<div class=\"quote\">\r\n\t\r\n\t<div class=\"message\">- Added sort by option which changes what image will be loaded when you go to the next/prev image. You can sort by name, date modified, date created and size (ascending/descending).<br>\r\n- Added Customizable Context Menu options to the config. Can remove items, re-order and re-name them.<br>\r\n- Added Min Image Size option to config (default: 64). If an image is smaller than this size in either width or height it will be automatically scaled up to it.<br>\r\n- Added Smoothing Min Image Size to config (default: 65). If an image is smaller than this size it will have smoothing turned off by default.<br>\r\n- Added Open Duplicate Image option (default: C), which opens another instance of vimage with the current image.<br>\r\n- Fixed crash when loading images with non-ascii file names.<br>\r\n- Fixed crash that occurred when opening a file with a .gif extension that is not a gif.<br>\r\n- Fixed crash when navigating between images in a folder that had files whose names contained numbers with more than 20 digits.<br>\r\n- Fixed crash when trying to load certain .icos (if loading fails it is loaded in as an animated image).<br>\r\n- Fixed problem where vimage couldn't delete an image if it was the last one in the folder.</div>\r\n\t\r\n</div> and here's a link to the download if you're interested: <a href=\"https://github.com/Torrunt/vimage/releases/tag/v6\" target=\"_blank\">https://github.com/Torrunt/vimage/releases/tag/v6</a>","sanitized_content":"Awesome, it's been a while since I've been in the highlights! :D.\r\n\r\nI just finished my last Uni assignment on Friday (it's the same one from the video in the highlights), I may record a video of it later to show you guys.\r\n\r\nThe last couple of days I did a little more work on my image viewer and decided to release the next version. It's been a few months since the last release but every so often I've been doing a little work on it and making commits to the github repo.\r\nHere's a list of all the changes I've made:\r\n and here's a link to the download if you're interested: https://github.com/Torrunt/vimage/releases/tag/v6","ratings":{"programming_king":1}}