{"thread":1398111,"page":1,"author":{"name":"Gran PC","info":{"os":"Mac","browser":"Chrome","country":"Spain"},"type":"blue"},"date":1401595200,"number":"16","id":"44970035","content":"<div class=\"quote\">\r\n\t\r\n\t\t<div class=\"information\">\r\n\t\t\t\r\n\t\t\t\t<a href=\"showthread.php?p=44969834#post44969834\" rel=\"nofollow\">cartman300 posted:</a>\r\n\t\t\t\r\n\t\t</div>\r\n\t\r\n\t<div class=\"message\">Reminds me of <a href=\"http://facepunch.com/member.php?u=109406\" target=\"_blank\">_Kilburn</a>'s title. <img src=\"/fp/emoot/v.gif\" border=\"0\" alt=\"\" title=\"V\" class=\"inlineimg\"></div>\r\n\t\r\n</div> well who do you think wrote that?","sanitized_content":"well who do you think wrote that?","ratings":{"zing":5,"funny":1,"informative":1}}