{"thread":1398111,"page":1,"author":{"name":"Darkwater124","info":{"os":"Linux","browser":"Chrome","country":"Netherlands"},"type":"gold"},"date":1401595200,"number":"38","id":"44972283","content":"<div class=\"quote\">\r\n\t\r\n\t\t<div class=\"information\">\r\n\t\t\t\r\n\t\t\t\t<a href=\"showthread.php?p=44971343#post44971343\" rel=\"nofollow\">gra posted:</a>\r\n\t\t\t\r\n\t\t</div>\r\n\t\r\n\t<div class=\"message\">hhello world!!! <img src=\"/fp/emoot/rock.gif\" border=\"0\" alt=\"\" title=\"Rock\" class=\"inlineimg\"></div>\r\n\t\r\n</div> stop testing your environment and make something already","sanitized_content":"stop testing your environment and make something already","ratings":{"funny":5}}