{"thread":1398111,"page":1,"author":{"name":"Trumple","info":{"browser":"Unknown"},"type":"gold"},"date":1401595200,"number":"10","id":"44969536","content":"<div class=\"quote\">\r\n\t\r\n\t\t<div class=\"information\">\r\n\t\t\t\r\n\t\t\t\t<a href=\"showthread.php?p=44969473#post44969473\" rel=\"nofollow\">Arxae posted:</a>\r\n\t\t\t\r\n\t\t</div>\r\n\t\r\n\t<div class=\"message\">Anyone knows how to execute a method in a different program? In C#<br>\r\n<br>\r\nI have one application with some log displays. The other has to send the log method, along with a enum and some text. Was thinking about using ZeroMQ or something like that, but that might be a bit overkill no?</div>\r\n\t\r\n</div> It does sound like they belong in the same assembly but if you must, then ZMQ isn't a bad idea. One of the key features of ZMQ is that it is never overkill, and will scale much more effectively in the long run if your apps ever need to do more","sanitized_content":"It does sound like they belong in the same assembly but if you must, then ZMQ isn't a bad idea. One of the key features of ZMQ is that it is never overkill, and will scale much more effectively in the long run if your apps ever need to do more","ratings":{}}