{"thread":1398111,"page":1,"author":{"name":"Fantym420","info":{"os":"Windows 7","browser":"Chrome","country":"United States"},"type":"blue"},"date":1401595200,"number":"6","id":"44969424","content":"nice.... new thread. Anyway, <br>\r\n<div class=\"quote\">\r\n\t\r\n\t<div class=\"message\">Tamschi wrote:<br>\r\nI think gesture control would be a good idea, like tapping to detect, swipe on the player to move and something else directional to dig.<br>\r\nRight now the controls seems very inconvenient.<br>\r\n<br>\r\nAlternatively: A mode control that stays open and chooses move or dig for the next action.</div>\r\n\t\r\n</div> Thanks for the feedback, I'm not sure if i wanna tackle gestures yet, but I agree my move menu system needs to change.  I think I'll try an always visible mode selector, i.e. if you are on move when you tap a game square you move, if you are in detect mode it'll detect. I'll post a new video when I get it implemented.","sanitized_content":"nice.... new thread. Anyway, \r\n Thanks for the feedback, I'm not sure if i wanna tackle gestures yet, but I agree my move menu system needs to change.  I think I'll try an always visible mode selector, i.e. if you are on move when you tap a game square you move, if you are in detect mode it'll detect. I'll post a new video when I get it implemented.","ratings":{}}