{"thread":1398111,"page":1,"author":{"name":"supersnail11","info":{"os":"Windows 8","browser":"Chrome","country":"United States"},"type":"gold"},"date":1401595200,"number":"30","id":"44971461","content":"<div class=\"quote\">\r\n\t\r\n\t\t<div class=\"information\">\r\n\t\t\t\r\n\t\t\t\t<a href=\"showthread.php?p=44971451#post44971451\" rel=\"nofollow\">chimitos posted:</a>\r\n\t\t\t\r\n\t\t</div>\r\n\t\r\n\t<div class=\"message\">If it's so bad here, where else do you folks frequent?</div>\r\n\t\r\n</div> It's an abusive relationship.","sanitized_content":"It's an abusive relationship.","ratings":{"funny":4,"agree":3}}