{"thread":1398111,"page":1,"author":{"name":"jamie1130","info":{"browser":"Unknown"},"type":"gold"},"date":1401595200,"number":"9","id":"44969510","content":"<div class=\"quote\">\r\n\t\r\n\t\t<div class=\"information\">\r\n\t\t\t\r\n\t\t\t\t<a href=\"showthread.php?p=44969473#post44969473\" rel=\"nofollow\">Arxae posted:</a>\r\n\t\t\t\r\n\t\t</div>\r\n\t\r\n\t<div class=\"message\">Anyone knows how to execute a method in a different program? In C#<br>\r\n<br>\r\nI have one application with some log displays. The other has to send the log method, along with a enum and some text. Was thinking about using ZeroMQ or something like that, but that might be a bit overkill no?</div>\r\n\t\r\n</div> You could possibly use reflection to do it.","sanitized_content":"You could possibly use reflection to do it.","ratings":{}}