{"thread":1398111,"page":1,"author":{"name":"Gran PC","info":{"os":"Mac","browser":"Chrome","country":"Spain"},"type":"blue"},"date":1401595200,"number":"13","id":"44969754","content":"<div class=\"quote\">\r\n\t\r\n\t\t<div class=\"information\">\r\n\t\t\t\r\n\t\t\t\t<a href=\"showthread.php?p=44969410#post44969410\" rel=\"nofollow\">Cold posted:</a>\r\n\t\t\t\r\n\t\t</div>\r\n\t\r\n\t<div class=\"message\">I am gay.</div>\r\n\t\r\n</div> we know!","sanitized_content":"we know!","ratings":{"funny":6,"optimistic":2,"programming_king":1,"winner":1}}