{"thread":1398111,"page":1,"author":{"name":"Ziks","info":{"browser":"Unknown"},"type":"gold"},"date":1401595200,"number":"24","id":"44970850","content":"<div class=\"quote\">\r\n\t\r\n\t\t<div class=\"information\">\r\n\t\t\t\r\n\t\t\t\t<a href=\"showthread.php?p=44970591#post44970591\" rel=\"nofollow\">chimitos posted:</a>\r\n\t\t\t\r\n\t\t</div>\r\n\t\r\n\t<div class=\"message\">?f=240/WAYWO is one of the best communities on the internet. Keep on being awesome, everybody.</div>\r\n\t\r\n</div> Is the internet really that bad?","sanitized_content":"Is the internet really that bad?","ratings":{"agree":5,"funny":2}}