{"thread":1398111,"page":1,"author":{"name":"Skipcast","info":{"os":"Windows 7","browser":"Chrome","country":"Sweden"},"type":"gold"},"date":1401595200,"number":"39","id":"44972345","content":"<div class=\"quote\">\r\n\t\r\n\t\t<div class=\"information\">\r\n\t\t\t\r\n\t\t\t\t<a href=\"showthread.php?p=44971935#post44971935\" rel=\"nofollow\">Ac!dL3ak posted:</a>\r\n\t\t\t\r\n\t\t</div>\r\n\t\r\n\t<div class=\"message\">class() is a function that returns an object; extends() is a property of that object, which returns the same object that it was called on.  That object is also callable, so it's then called with the body definition: <a href=\"https://gist.github.com/medcat/7dc27f14c09e4666d107#file-class-lua-L47-L93\" target=\"_blank\">https://gist.github.com/medcat/7dc27...ss-lua-L47-L93</a></div>\r\n\t\r\n</div> Clever syntax.","sanitized_content":"Clever syntax.","ratings":{"agree":8,"informative":1}}