{"thread":1398111,"page":1,"author":{"name":"supersnail11","info":{"os":"Windows 8","browser":"Chrome","country":"United States"},"type":"gold"},"date":1401595200,"number":"26","id":"44971261","content":"Remember when I said I was going to make a WAYWO archive? Once I get around to finally finishing <a href=\"https://github.com/cpancake/fp-archive-tool\" target=\"_blank\">the tool</a> I wrote to do so I'll do that <img src=\"/fp/emoot/v.gif\" border=\"0\" alt=\"\" title=\"V\" class=\"inlineimg\">","sanitized_content":"Remember when I said I was going to make a WAYWO archive? Once I get around to finally finishing the tool I wrote to do so I'll do that","ratings":{}}