{"thread":1398111,"page":1,"author":{"name":"Swebonny","info":{"os":"Windows 7","browser":"Chrome","country":"Sweden"},"type":"mod"},"date":1401595200,"number":"4","id":"44969406","content":"<div class=\"quote\">\r\n\t\r\n\t\t<div class=\"information\">\r\n\t\t\t\r\n\t\t\t\t<a href=\"showthread.php?p=44969392#post44969392\" rel=\"nofollow\">toaster468 posted:</a>\r\n\t\t\t\r\n\t\t</div>\r\n\t\r\n\t<div class=\"message\">I am programming AI to play in the fruitbots competition.<br>\r\n<a href=\"http://fruitbots.org/\" target=\"_blank\">http://fruitbots.org/</a><br>\r\n<br>\r\nI just beat Swebonny<br>\r\n<img src=\"http://puu.sh/9avA2/31757c96ae.png\" border=\"0\" alt=\"\"></div>\r\n\t\r\n</div> Fite fuckjs.V.0.1 if you dare bitch.","sanitized_content":"Fite fuckjs.V.0.1 if you dare bitch.","ratings":{"funny":15}}