{"thread":1398111,"page":1,"author":{"name":"Asgard","info":{"os":"Windows 7","browser":"Chrome","country":"Netherlands"},"type":"gold"},"date":1401595200,"number":"32","id":"44971513","content":"<div class=\"quote\">\r\n\t\r\n\t\t<div class=\"information\">\r\n\t\t\t\r\n\t\t\t\t<a href=\"showthread.php?p=44971509#post44971509\" rel=\"nofollow\">Ac!dL3ak posted:</a>\r\n\t\t\t\r\n\t\t</div>\r\n\t\r\n\t<div class=\"message\">I kind of like lua.  Is that bad?</div>\r\n\t\r\n</div> Yes kill youreself","sanitized_content":"Yes kill youreself","ratings":{"funny":17,"agree":1}}