{"thread":1398111,"page":1,"author":{"name":"Ac!dL3ak","info":{"os":"Windows 7","browser":"Chrome","country":"United Kingdom"},"type":"gold"},"date":1401595200,"number":"37","id":"44971935","content":"<div class=\"quote\">\r\n\t\r\n\t\t<div class=\"information\">\r\n\t\t\t\r\n\t\t\t\t<a href=\"showthread.php?p=44971706#post44971706\" rel=\"nofollow\">cartman300 posted:</a>\r\n\t\t\t\r\n\t\t</div>\r\n\t\r\n\t<div class=\"message\">What?</div>\r\n\t\r\n</div> class() is a function that returns an object; extends() is a property of that object, which returns the same object that it was called on.  That object is also callable, so it's then called with the body definition: <a href=\"https://gist.github.com/medcat/7dc27f14c09e4666d107#file-class-lua-L47-L93\" target=\"_blank\">https://gist.github.com/medcat/7dc27...ss-lua-L47-L93</a>","sanitized_content":"class() is a function that returns an object; extends() is a property of that object, which returns the same object that it was called on.  That object is also callable, so it's then called with the body definition: https://gist.github.com/medcat/7dc27...ss-lua-L47-L93","ratings":{"winner":2}}