{"thread":1398111,"page":1,"author":{"name":"toaster468","info":{"os":"Windows 8","browser":"Chrome","country":"United States"},"type":"gold"},"date":1401595200,"number":"2","id":"44969392","content":"I am programming AI to play in the fruitbots competition.<br>\n<a href=\"http://fruitbots.org/\" target=\"_blank\">http://fruitbots.org/</a><br>\n<br>\nI just beat Swebonny<br>\n<img src=\"http://puu.sh/9avA2/31757c96ae.png\" border=\"0\" alt=\"\"><br>\n<br>\nEDIT:<br>\n<br>\nHere is the replay. <a href=\"http://fruitbots.org/results/15296298\" target=\"_blank\">http://fruitbots.org/results/15296298</a>","sanitized_content":"I am programming AI to play in the fruitbots competition.\nhttp://fruitbots.org/\n\nI just beat Swebonny\n\n\nEDIT:\n\nHere is the replay. http://fruitbots.org/results/15296298","ratings":{"winner":3}}