{"thread":1398111,"page":1,"author":{"name":"Drury","info":{"os":"Windows 7","browser":"Opera","country":"Slovakia"},"type":"blue"},"date":1401595200,"number":"19","id":"44970277","content":"<div class=\"quote\">\r\n\t\r\n\t\t<div class=\"information\">\r\n\t\t\t\r\n\t\t\t\t<a href=\"showthread.php?p=44970226#post44970226\" rel=\"nofollow\">sarge997 posted:</a>\r\n\t\t\t\r\n\t\t</div>\r\n\t\r\n\t<div class=\"message\">Haha, my first ever highlight was the bloody balloon of a man. <img src=\"/fp/emoot/v.gif\" border=\"0\" alt=\"\" title=\"V\" class=\"inlineimg\"></div>\r\n\t\r\n</div> Hopefully I'll get my first one this month.","sanitized_content":"Hopefully I'll get my first one this month.","ratings":{"friendly":2}}