{"thread":1398111,"page":10,"author":{"name":"Icedshot","info":{"os":"Windows 7","browser":"Chrome","country":"United Kingdom"},"type":"blue"},"date":1402200000,"number":"386","id":"45030580","content":"<a href=\"http://www.phoronix.com/scan.php?page=news_item&amp;px=MTY2OTg\" target=\"_blank\">http://www.phoronix.com/scan.php?pag...tem&amp;px=MTY2OTg</a><br>\r\n<br>\r\nOh my god nvidia might be supporting OpenCL 1.2. This would be huge for two reasons: 1. It means nvidia haven't completely abandoned OpenCL, and 2. FUCKING IMAGE ARRAYS YES I NEED THESE INSIDE ME<br>\r\n<br>\r\nMost of the problems with my memory management are because there are no image arrays. I need these so bad in my life RIGHT NOW<br>\n<br>\n<font size=\"1\" color=\"#444444\"><b>Edited:</b></font><br>\n<br>\n<div class=\"quote\">\r\n\t\r\n\t\t<div class=\"information\">\r\n\t\t\t\r\n\t\t\t\t<a href=\"showthread.php?p=45030158#post45030158\" rel=\"nofollow\">seandewar5 posted:</a>\r\n\t\t\t\r\n\t\t</div>\r\n\t\r\n\t<div class=\"message\">I don't usually post often, but I made a Mandelbrot thing in SFML &amp; C++ out of boredom in around 5-10 minutes, and was quite impressed by how pretty it was:<br>\r\n<br>\r\n<img src=\"http://i.imgur.com/agBbtgh.png\" border=\"0\" alt=\"\"><br>\r\n<br>\r\nFractals are cool.</div>\r\n\t\r\n</div> Nice! The mandelbrot set is a particularly cool example because it can be done as pure data oriented parallelism. Try writing some SIMD code, or some OpenCL! Its good fun, and you get nearly optimal performance gains","sanitized_content":"http://www.phoronix.com/scan.php?pag...tem&px=MTY2OTg\r\n\r\nOh my god nvidia might be supporting OpenCL 1.2. This would be huge for two reasons: 1. It means nvidia haven't completely abandoned OpenCL, and 2. FUCKING IMAGE ARRAYS YES I NEED THESE INSIDE ME\r\n\r\nMost of the problems with my memory management are because there are no image arrays. I need these so bad in my life RIGHT NOW\n\nEdited:\n\n Nice! The mandelbrot set is a particularly cool example because it can be done as pure data oriented parallelism. Try writing some SIMD code, or some OpenCL! Its good fun, and you get nearly optimal performance gains","ratings":{"optimistic":2,"useful":1}}