{"thread":1398111,"page":10,"author":{"name":"TravisG","info":{"os":"Windows 7","browser":"Chrome","country":"United States"},"type":"gold"},"date":1402113600,"number":"366","id":"45026241","content":"Although not nearly as exciting as many of the other projects on here (My personal interests are very boring compared to most other people on this forum) I've added a simple counter to my twitter miner just so I could get an idea of how fast it was mining.<br>\r\n<br>\r\n<br>\r\n<img src=\"http://i.imgur.com/E81FEm6.jpg\" border=\"0\" alt=\"\"><br>\r\n<br>\r\n<br>\r\nI figure if I can mine an average of 40 profiles per second than I could mine about 1,000,000 profiles every 7 hours, which is decent. I know it will most likely plateau at some point and the amount of tweets mined will surpass the amount of profiles mined, but I'm not sure at what rate that might occur.","sanitized_content":"Although not nearly as exciting as many of the other projects on here (My personal interests are very boring compared to most other people on this forum) I've added a simple counter to my twitter miner just so I could get an idea of how fast it was mining.\r\n\r\n\r\n\r\n\r\n\r\nI figure if I can mine an average of 40 profiles per second than I could mine about 1,000,000 profiles every 7 hours, which is decent. I know it will most likely plateau at some point and the amount of tweets mined will surpass the amount of profiles mined, but I'm not sure at what rate that might occur.","ratings":{"programming_king":1}}