{"thread":1398111,"page":10,"author":{"name":"RocketSnail","info":{"browser":"Unknown"},"type":"blue"},"date":1402200000,"number":"383","id":"45030000","content":"<div class=\"quote\">\r\n\t\r\n\t\t<div class=\"information\">\r\n\t\t\t\r\n\t\t\t\t<a href=\"showthread.php?p=45014054#post45014054\" rel=\"nofollow\">Lumaio posted:</a>\r\n\t\t\t\r\n\t\t</div>\r\n\t\r\n\t<div class=\"message\">I got doors working! <img src=\"/fp/emoot/v.gif\" border=\"0\" alt=\"\" title=\"V\" class=\"inlineimg\"><br>\r\n<video style=\"margin: 16px; min-width: 20px; min-height: 20px; border: 1px solid #fff; box-shadow: 0 0 4px rgba( 0, 0, 0, 0.4 );\" src=\"http://patrick.kecklers.com/Storage/TileRPG3.webm\" controls=\"controls\">Your browser doesn't support HTML 5 videos!</video><br>\r\nYou walk over to one, press the direction it's in, and it opens and you can walk right through.<br>\r\n<br>\r\n<font size=\"1\" color=\"#444444\"><b>Edited:</b></font><br>\r\n<br>\r\nI keep forgetting to fix the name <img src=\"/fp/emoot/suicide.gif\" border=\"0\" alt=\"\" title=\"Suicide\" class=\"inlineimg\"></div>\r\n\t\r\n</div> Are you using libGDX?","sanitized_content":"Are you using libGDX?","ratings":{}}