{"thread":1398111,"page":10,"author":{"name":"Bladezor","info":{"browser":"Unknown"},"type":"gold"},"date":1402113600,"number":"371","id":"45026659","content":"<div class=\"quote\">\r\n\t\r\n\t\t<div class=\"information\">\r\n\t\t\t\r\n\t\t\t\t<a href=\"showthread.php?p=45024147#post45024147\" rel=\"nofollow\">high posted:</a>\r\n\t\t\t\r\n\t\t</div>\r\n\t\r\n\t<div class=\"message\">Msdn's sample code is misleading. You have to account for the stride. &quot;The stride is the width of a single row of pixels (a scan line), rounded up to a four-byte boundary.&quot; <a href=\"http://msdn.microsoft.com/en-us/library/system.drawing.imaging.bitmapdata.stride(v=vs.110).aspx\" target=\"_blank\">http://msdn.microsoft.com/en-us/libr...v=vs.110).aspx</a><br>\r\n<br>\r\nYou have to do something like the following to set all of the pixels individually to blue.<br>\r\n<br>\r\n<div class=\"bbcode_container\">\r\n\t<div class=\"bbcode_description\">Code:</div>\r\n\t<pre class=\"bbcode_code\" style=\"height:133.33px;\">IntPtr ptr = BitmapData.Scan0;\r\nvar stride = Math.Abs(BitmapData.Stride);\r\nbyte[] rgbValues = new byte[stride * Backbuffer.Height];\r\nfor (int row = 0; row &lt; Backbuffer.Height; row++)\r\n{\r\n\tfor (int i = 0; i &lt; stride; i += 3)\r\n\t\trgbValues[i + (stride * row)] = 255;\r\n}</pre>\r\n</div></div>\r\n\t\r\n</div> Ahhh this makes sense. Would having an RGBA pixel format remove the stride? I'm assuming they're padding because they want to align their byte boundaries.<br>\r\n<br>\r\n<div class=\"quote\">\r\n\t\r\n\t\t<div class=\"information\">\r\n\t\t\t\r\n\t\t\t\t<a href=\"showthread.php?p=45024014#post45024014\" rel=\"nofollow\">chaz13 posted:</a>\r\n\t\t\t\r\n\t\t</div>\r\n\t\r\n\t<div class=\"message\">Apologies for the plug, but I've been writing a ray-casting tutorial you may or may not find useful:<br>\r\n<br>\r\n<a href=\"http://thingsiamdoing.com/\" target=\"_blank\">http://thingsiamdoing.com/</a></div>\r\n\t\r\n</div> Nice man, I'm really digging those illustrations. I think good illustrations can portray concepts much more effectively than a wall of text.<br>\r\n<br>\r\nOne thing that I don't see talked about very often is the different kinds of projection using ray-tracing. It seems the projection plane is often glossed over, but I think it's important to cover in ray-tracing because simply setting it nearer or farther will alter the image. Also, you can have some weird projections if you really want to. For example, take an old bellows camera<br>\r\n<img src=\"http://www.clipartpal.com/_thumbs/pd/old_camera_2.png\" border=\"0\" alt=\"\"><br>\r\nwhat would happen if you could twist the lense left or right? Or just imagine if the lense wasn't held in place by those posts, you could move it all about and produce some pretty interesting images.<br>\r\n<br>\r\nBelow is how I'm generating rays using typical pin-hole perspective projection. This is a pretty naive approach since the Backbuffer dimensions is what's essentially setting the FOV. <br>\r\n     <br>\r\n<div class=\"bbcode_container\">\r\n\t<div class=\"bbcode_description\">Code:</div>\r\n\t<pre class=\"bbcode_code\" style=\"height:253.327px;\">        void GenerateRays()\r\n        {\r\n            Scene.Rays.Clear();\r\n\r\n            for (int y = -Backbuffer.Height / 2; y &lt; Backbuffer.Height / 2; ++y)\r\n            {\r\n                for (int x = -Backbuffer.Width / 2; x &lt; Backbuffer.Width / 2; ++x)\r\n                {\r\n                    var direction = new Vector3(x * 0.5f, y * 0.5f, 10.0f) - Vector3.Zero;\r\n                    direction.Normalize();\r\n                    \r\n                    var ray = new Ray(new Point(x + Backbuffer.Width / 2, y + Backbuffer.Height / 2), Vector3.Zero, direction);\r\n\r\n                    Scene.Rays.Add(ray);\r\n                }\r\n            }\r\n        }</pre>\r\n</div>Oh also I'm not even taking rounding into account for odd resolutions so there's a bit of distortion in those scenarios.<br>\r\n<br>\r\nThis might be a better implementation<br>\r\n<div class=\"bbcode_container\">\r\n\t<div class=\"bbcode_description\">Code:</div>\r\n\t<pre class=\"bbcode_code\" style=\"height:359.991px;\">        void GenerateRays()\r\n        {\r\n            Scene.Rays.Clear();\r\n\r\n            int heightLowerBound = -Convert.ToInt32(Math.Floor(Backbuffer.Height / 2.0f));\r\n            int heightUpperBound = Convert.ToInt32(Math.Ceiling(Backbuffer.Height / 2.0f));\r\n            int widthLowerBound = -Convert.ToInt32(Math.Floor(Backbuffer.Width / 2.0f));\r\n            int widthUpperBound = Convert.ToInt32(Math.Ceiling(Backbuffer.Width / 2.0f));\r\n\r\n            for (int y = heightLowerBound; y &lt; heightUpperBound; ++y)\r\n            {\r\n                for (int x = widthLowerBound; x &lt; widthUpperBound; ++x)\r\n                {\r\n                    var direction = new Vector3(x * 0.5f, y * 0.5f, 10.0f) - Vector3.Zero;\r\n                    direction.Normalize();\r\n\r\n                    var pixelX = x + -widthLowerBound;\r\n                    var pixelY = y + -heightLowerBound;\r\n\r\n                    var ray = new Ray(new Point(pixelX, pixelY), Vector3.Zero, direction);\r\n\r\n                    Scene.Rays.Add(ray);\r\n                }\r\n            }\r\n        }</pre>\r\n</div>","sanitized_content":"Ahhh this makes sense. Would having an RGBA pixel format remove the stride? I'm assuming they're padding because they want to align their byte boundaries.\r\n\r\n Nice man, I'm really digging those illustrations. I think good illustrations can portray concepts much more effectively than a wall of text.\r\n\r\nOne thing that I don't see talked about very often is the different kinds of projection using ray-tracing. It seems the projection plane is often glossed over, but I think it's important to cover in ray-tracing because simply setting it nearer or farther will alter the image. Also, you can have some weird projections if you really want to. For example, take an old bellows camera\r\n\r\nwhat would happen if you could twist the lense left or right? Or just imagine if the lense wasn't held in place by those posts, you could move it all about and produce some pretty interesting images.\r\n\r\nBelow is how I'm generating rays using typical pin-hole perspective projection. This is a pretty naive approach since the Backbuffer dimensions is what's essentially setting the FOV. \r\n     \r\n\r\n\tCode:\r\n\t        void GenerateRays()\r\n        {\r\n            Scene.Rays.Clear();\r\n\r\n            for (int y = -Backbuffer.Height / 2; y < Backbuffer.Height / 2; ++y)\r\n            {\r\n                for (int x = -Backbuffer.Width / 2; x < Backbuffer.Width / 2; ++x)\r\n                {\r\n                    var direction = new Vector3(x * 0.5f, y * 0.5f, 10.0f) - Vector3.Zero;\r\n                    direction.Normalize();\r\n                    \r\n                    var ray = new Ray(new Point(x + Backbuffer.Width / 2, y + Backbuffer.Height / 2), Vector3.Zero, direction);\r\n\r\n                    Scene.Rays.Add(ray);\r\n                }\r\n            }\r\n        }\r\nOh also I'm not even taking rounding into account for odd resolutions so there's a bit of distortion in those scenarios.\r\n\r\nThis might be a better implementation\r\n\r\n\tCode:\r\n\t        void GenerateRays()\r\n        {\r\n            Scene.Rays.Clear();\r\n\r\n            int heightLowerBound = -Convert.ToInt32(Math.Floor(Backbuffer.Height / 2.0f));\r\n            int heightUpperBound = Convert.ToInt32(Math.Ceiling(Backbuffer.Height / 2.0f));\r\n            int widthLowerBound = -Convert.ToInt32(Math.Floor(Backbuffer.Width / 2.0f));\r\n            int widthUpperBound = Convert.ToInt32(Math.Ceiling(Backbuffer.Width / 2.0f));\r\n\r\n            for (int y = heightLowerBound; y < heightUpperBound; ++y)\r\n            {\r\n                for (int x = widthLowerBound; x < widthUpperBound; ++x)\r\n                {\r\n                    var direction = new Vector3(x * 0.5f, y * 0.5f, 10.0f) - Vector3.Zero;\r\n                    direction.Normalize();\r\n\r\n                    var pixelX = x + -widthLowerBound;\r\n                    var pixelY = y + -heightLowerBound;\r\n\r\n                    var ray = new Ray(new Point(pixelX, pixelY), Vector3.Zero, direction);\r\n\r\n                    Scene.Rays.Add(ray);\r\n                }\r\n            }\r\n        }","ratings":{}}