{"thread":1398111,"page":10,"author":{"name":"benjojo","info":{"browser":"Unknown"},"type":"gold"},"date":1402113600,"number":"370","id":"45026500","content":"<div class=\"quote\">\r\n\t\r\n\t\t<div class=\"information\">\r\n\t\t\t\r\n\t\t\t\t<a href=\"showthread.php?p=45026463#post45026463\" rel=\"nofollow\">TravisG posted:</a>\r\n\t\t\t\r\n\t\t</div>\r\n\t\r\n\t<div class=\"message\">The API's limits are so strict that I almost gave up on the project since I figured I wouldn't be able to get any useful data,</div>\r\n\t\r\n</div> What data are you looking for? I've been saving the firehose since late last year, Want a chunk?","sanitized_content":"What data are you looking for? I've been saving the firehose since late last year, Want a chunk?","ratings":{"agree":1}}