{"thread":1398111,"page":10,"author":{"name":"Bladezor","info":{"browser":"Unknown"},"type":"gold"},"date":1402113600,"number":"377","id":"45028615","content":"I got some lighting in, added another sphere<br>\r\n<br>\r\n<img src=\"http://i.imgur.com/qH1AHcf.png\" border=\"0\" alt=\"\"><br>\r\n<br>\r\nThe other sphere looks distorted because, assuming my calculations are correct. The FOV is<br>\r\n<img src=\"http://i.imgur.com/Uw3ZaYU.png\" border=\"0\" alt=\"\"> <br>\r\nacross the diagonal.<br>\r\n<br>\r\n<b>EDIT:</b><br>\r\n<br>\r\nWhoops I had forgotten to normalize some ... normals.<br>\r\n<br>\r\nMuch better<br>\r\n<br>\r\n<img src=\"http://i.imgur.com/qiNKlUE.png\" border=\"0\" alt=\"\"><br>\r\n<br>\r\n<b>EDIT:</b><br>\r\n<br>\r\nFixed the AA a bit, the sub-pixel ray directions weren't being calculated correctly.<br>\r\n<br>\r\nI think this looks better<br>\r\n<br>\r\n<img src=\"http://i.imgur.com/Ja7xgEL.png\" border=\"0\" alt=\"\"><br>\r\n<br>\r\nThe white sphere represents the light-source. I still think there are some issues with jaggies but I haven't quite spotted the problem.<br>\r\n<br>\r\nHere's how those sub-pixel rays are calculated<br>\r\n<br>\r\n<div class=\"bbcode_container\">\r\n\t<div class=\"bbcode_description\">Code:</div>\r\n\t<pre class=\"bbcode_code\" style=\"height:279.993px;\">            _Rays = new List&lt;Ray&gt;();\r\n            _PixelCoords = pixelCoordinates;\r\n\r\n            var d1 = nonNormalizedDirection + new Vector3(-0.25f, -0.25f, 0);\r\n            d1.Normalize();\r\n            var d2 = nonNormalizedDirection + new Vector3(0.25f, 0.25f, 0);\r\n            d2.Normalize();\r\n            var d3 = nonNormalizedDirection + new Vector3(-0.25f, 0.25f, 0);\r\n            d3.Normalize();\r\n            var d4 = nonNormalizedDirection + new Vector3(0.25f, -0.25f, 0);\r\n            d4.Normalize();\r\n            var d5 = nonNormalizedDirection;\r\n            d5.Normalize();\r\n\r\n            _Rays.Add(new Ray(position, d1));\r\n            _Rays.Add(new Ray(position, d2));\r\n            _Rays.Add(new Ray(position, d3));\r\n            _Rays.Add(new Ray(position, d4));\r\n            _Rays.Add(new Ray(position, d5));</pre>\r\n</div>","sanitized_content":"I got some lighting in, added another sphere\r\n\r\n\r\n\r\nThe other sphere looks distorted because, assuming my calculations are correct. The FOV is\r\n \r\nacross the diagonal.\r\n\r\nEDIT:\r\n\r\nWhoops I had forgotten to normalize some ... normals.\r\n\r\nMuch better\r\n\r\n\r\n\r\nEDIT:\r\n\r\nFixed the AA a bit, the sub-pixel ray directions weren't being calculated correctly.\r\n\r\nI think this looks better\r\n\r\n\r\n\r\nThe white sphere represents the light-source. I still think there are some issues with jaggies but I haven't quite spotted the problem.\r\n\r\nHere's how those sub-pixel rays are calculated\r\n\r\n\r\n\tCode:\r\n\t            _Rays = new List<Ray>();\r\n            _PixelCoords = pixelCoordinates;\r\n\r\n            var d1 = nonNormalizedDirection + new Vector3(-0.25f, -0.25f, 0);\r\n            d1.Normalize();\r\n            var d2 = nonNormalizedDirection + new Vector3(0.25f, 0.25f, 0);\r\n            d2.Normalize();\r\n            var d3 = nonNormalizedDirection + new Vector3(-0.25f, 0.25f, 0);\r\n            d3.Normalize();\r\n            var d4 = nonNormalizedDirection + new Vector3(0.25f, -0.25f, 0);\r\n            d4.Normalize();\r\n            var d5 = nonNormalizedDirection;\r\n            d5.Normalize();\r\n\r\n            _Rays.Add(new Ray(position, d1));\r\n            _Rays.Add(new Ray(position, d2));\r\n            _Rays.Add(new Ray(position, d3));\r\n            _Rays.Add(new Ray(position, d4));\r\n            _Rays.Add(new Ray(position, d5));","ratings":{"funny":6,"winner":1}}