{"thread":1398111,"page":10,"author":{"name":"JohnnyOnFlame","info":{"browser":"Unknown"},"type":"blue"},"date":1402113600,"number":"364","id":"45025620","content":"<div class=\"quote\">\r\n\t\r\n\t\t<div class=\"information\">\r\n\t\t\t\r\n\t\t\t\t<a href=\"showthread.php?p=45022795#post45022795\" rel=\"nofollow\">Hng posted:</a>\r\n\t\t\t\r\n\t\t</div>\r\n\t\r\n\t<div class=\"message\">I'd love to read more about this kind of thing, do you have a blog or something you can put more on?</div>\r\n\t\r\n</div> I'm flattered, but no, I don't have any.<br>\r\nI usually don't have much to talk about, and neither do I have tools/knowledge to do half of what I wanted to do. This is my first time hacking something like this. I have installed Linux and stuff on devices that were already supported, but that's no fun.<br>\r\nAnyways, this is a first on many things, like, finding exploits, specifying and compiling toolchains, etc.","sanitized_content":"I'm flattered, but no, I don't have any.\r\nI usually don't have much to talk about, and neither do I have tools/knowledge to do half of what I wanted to do. This is my first time hacking something like this. I have installed Linux and stuff on devices that were already supported, but that's no fun.\r\nAnyways, this is a first on many things, like, finding exploits, specifying and compiling toolchains, etc.","ratings":{"friendly":1}}