{"thread":1398111,"page":10,"author":{"name":"Jookia","info":{"os":"Linux","browser":"Firefox","country":"Australia"},"type":"gold"},"date":1402200000,"number":"396","id":"45032961","content":"Yo geel does the game run at that bitrate?<br>\n<br>\n<font size=\"1\" color=\"#444444\"><b>Edited:</b></font><br>\n<br>\n<div class=\"quote\">\r\n\t\r\n\t\t<div class=\"information\">\r\n\t\t\t\r\n\t\t\t\t<a href=\"showthread.php?p=45031781#post45031781\" rel=\"nofollow\">adnzzzzZ posted:</a>\r\n\t\t\t\r\n\t\t</div>\r\n\t\r\n\t<div class=\"message\">Color wise, left (agree) or right (disagree)?<br>\r\n<br>\r\n<img src=\"http://puu.sh/9jTvi/ae0862186b.png\" border=\"0\" alt=\"\"></div>\r\n\t\r\n</div> Desaturating your colours isn't going to fix aesthetics, while the right looks less vibrant, it also has waay too much contrast and is hard to look at, and you're gaining a blue tint.","sanitized_content":"Yo geel does the game run at that bitrate?\n\nEdited:\n\n Desaturating your colours isn't going to fix aesthetics, while the right looks less vibrant, it also has waay too much contrast and is hard to look at, and you're gaining a blue tint.","ratings":{"agree":6,"funny":4}}