{"thread":1398111,"page":10,"author":{"name":"Richy19","info":{"os":"Windows 7","browser":"Chrome","country":"United Kingdom"},"type":"blue"},"date":1402113600,"number":"367","id":"45026287","content":"<div class=\"quote\">\r\n\t\r\n\t\t<div class=\"information\">\r\n\t\t\t\r\n\t\t\t\t<a href=\"showthread.php?p=45026241#post45026241\" rel=\"nofollow\">TravisG posted:</a>\r\n\t\t\t\r\n\t\t</div>\r\n\t\r\n\t<div class=\"message\">Although not nearly as exciting as many of the other projects on here (My personal interests are very boring compared to most other people on this forum) I've added a simple counter to my twitter miner just so I could get an idea of how fast it was mining.<br>\r\n<br>\r\n<br>\r\n<img src=\"http://i.imgur.com/E81FEm6.jpg\" border=\"0\" alt=\"\"><br>\r\n<br>\r\n<br>\r\nI figure if I can mine an average of 40 profiles per second than I could mine about 1,000,000 profiles every 7 hours, which is decent. I know it will most likely plateau at some point and the amount of tweets mined will surpass the amount of profiles mined, but I'm not sure at what rate that might occur.</div>\r\n\t\r\n</div> Open source it, its really interesting how youve managed to get it to rocess that kind of volume.<br>\r\nIs there no limit on how much you can request from the twitter API? or are you just doing it via plain web scraping","sanitized_content":"Open source it, its really interesting how youve managed to get it to rocess that kind of volume.\r\nIs there no limit on how much you can request from the twitter API? or are you just doing it via plain web scraping","ratings":{"agree":1}}