{"thread":1398111,"page":10,"author":{"name":"ZenX2","info":{"os":"Windows 7","browser":"Chrome","country":"United States"},"type":"gold"},"date":1402200000,"number":"382","id":"45029793","content":"I got the nested lambda syntactic sugar working so now I can do this:<br>\r\n<br>\r\n<div class=\"bbcode_container\"><pre class=\"bbcode_code\">addThree = (x) =&gt; ((y) =&gt; ((z) =&gt; (x + y + z)))\r\nadd3ToTwo = addThree(3)\r\nprint(add3ToTwo(4)(6))</pre></div><br>\r\nwhich looks much nicer than<br>\r\n<br>\r\n<div class=\"bbcode_container\"><pre class=\"bbcode_code\">addThree = function(x) return function(y) return function(z) return (x + y + z) end end end</pre></div>","sanitized_content":"I got the nested lambda syntactic sugar working so now I can do this:\r\n\r\naddThree = (x) => ((y) => ((z) => (x + y + z)))\r\nadd3ToTwo = addThree(3)\r\nprint(add3ToTwo(4)(6))\r\nwhich looks much nicer than\r\n\r\naddThree = function(x) return function(y) return function(z) return (x + y + z) end end end","ratings":{}}