{"thread":1398111,"page":10,"author":{"name":"Bladezor","info":{"browser":"Unknown"},"type":"gold"},"date":1402200000,"number":"390","id":"45031014","content":"<div class=\"quote\">\r\n\t\r\n\t\t<div class=\"information\">\r\n\t\t\t\r\n\t\t\t\t<a href=\"showthread.php?p=45030917#post45030917\" rel=\"nofollow\">sambooo posted:</a>\r\n\t\t\t\r\n\t\t</div>\r\n\t\r\n\t<div class=\"message\">Split the pixel instead n equal-sized parts and sample the centroids of those instead. Right now your 4-sample version is essentially just taking an image and shifting it half a pixel in each direction if that makes any sense.</div>\r\n\t\r\n</div> Ah you're right. I don't know why I didn't think of that. I read about doing stochastic sampling where you split it into equal parts and take random samples of those sub-parts, instead of always using the centroids.<br>\r\n<br>\r\nImplemented planes.<br>\r\n<br>\r\n<img src=\"http://i.imgur.com/yMyktft.png\" border=\"0\" alt=\"\">","sanitized_content":"Ah you're right. I don't know why I didn't think of that. I read about doing stochastic sampling where you split it into equal parts and take random samples of those sub-parts, instead of always using the centroids.\r\n\r\nImplemented planes.","ratings":{"friendly":1}}