{"thread":1398111,"page":10,"author":{"name":"AntonioR","info":{"os":"Windows XP","browser":"Firefox","country":"Croatia"},"type":"blue"},"date":1402113600,"number":"374","id":"45027915","content":"<div class=\"quote\">\r\n\t\r\n\t\t<div class=\"information\">\r\n\t\t\t\r\n\t\t\t\t<a href=\"showthread.php?p=45024993#post45024993\" rel=\"nofollow\">Map in a box posted:</a>\r\n\t\t\t\r\n\t\t</div>\r\n\t\r\n\t<div class=\"message\">Does it use &quot;wide tiles&quot; so to speak? Like rectangles that have a texture applied to them for say the ground</div>\r\n\t\r\n</div> If I understand your question correctly, this is not tile based. It's not even rectangle based. You have vertices with world and texture coordinates and color values that define sprite shapes. You can edit individual vertices in the editor, but more about that in some other video.","sanitized_content":"If I understand your question correctly, this is not tile based. It's not even rectangle based. You have vertices with world and texture coordinates and color values that define sprite shapes. You can edit individual vertices in the editor, but more about that in some other video.","ratings":{"winner":1}}