{"thread":1398111,"page":10,"author":{"name":"mastersrp","info":{"os":"Linux","browser":"Firefox","country":"Denmark"},"type":"gold"},"date":1402200000,"number":"399","id":"45033786","content":"<div class=\"quote\">\r\n\t\r\n\t\t<div class=\"information\">\r\n\t\t\t\r\n\t\t\t\t<a href=\"showthread.php?p=45033324#post45033324\" rel=\"nofollow\">Winded posted:</a>\r\n\t\t\t\r\n\t\t</div>\r\n\t\r\n\t<div class=\"message\">Making this thingy for a coursework. Still very wip.<br>\n<br>\n<br>\n<a href=\"http://winded.hopto.org/cubic2048/cubic2048.rar\" target=\"_blank\">Standalone build for linux people.</a></div>\r\n\t\r\n</div> Any chance you could zip that up instead?","sanitized_content":"Any chance you could zip that up instead?","ratings":{"funny":2}}