{"thread":1398111,"page":10,"author":{"name":"Map in a box","info":{"os":"Windows 7","browser":"Firefox","country":"United States"},"type":"blue"},"date":1402113600,"number":"380","id":"45028783","content":"<div class=\"quote\">\r\n\t\r\n\t\t<div class=\"information\">\r\n\t\t\t\r\n\t\t\t\t<a href=\"showthread.php?p=45027915#post45027915\" rel=\"nofollow\">AntonioR posted:</a>\r\n\t\t\t\r\n\t\t</div>\r\n\t\r\n\t<div class=\"message\">If I understand your question correctly, this is not tile based. It's not even rectangle based. You have vertices with world and texture coordinates and color values that define sprite shapes. You can edit individual vertices in the editor, but more about that in some other video.</div>\r\n\t\r\n</div> Yeah that's what I meant. Coolio!<br>\n<br>\n<font size=\"1\" color=\"#444444\"><b>Edited:</b></font><br>\n<br>\nIn other news, my engine has buttons now:<br>\r\n<img src=\"http://i.imgur.com/HcccMzY.png\" border=\"0\" alt=\"\"><br>\r\nIt also has proper text rendering, but that only took me about 4 days to do.<br>\n<br>\n<font size=\"1\" color=\"#444444\"><b>Edited:</b></font><br>\n<br>\nNo more freetype, too!<br>\n<br>\n<font size=\"1\" color=\"#444444\"><b>Edited:</b></font><br>\n<br>\nReskin!<br>\r\n<img src=\"http://i.imgur.com/WZZuMS7.png\" border=\"0\" alt=\"\">","sanitized_content":"Yeah that's what I meant. Coolio!\n\nEdited:\n\nIn other news, my engine has buttons now:\r\n\r\nIt also has proper text rendering, but that only took me about 4 days to do.\n\nEdited:\n\nNo more freetype, too!\n\nEdited:\n\nReskin!","ratings":{"programming_king":1}}