{"thread":1398111,"page":10,"author":{"name":"high","info":{"os":"Windows 7","browser":"Chrome","country":"United States"},"type":"gold"},"date":1402113600,"number":"361","id":"45024147","content":"<div class=\"quote\">\r\n\t\r\n\t\t<div class=\"information\">\r\n\t\t\t\r\n\t\t\t\t<a href=\"showthread.php?p=45022714#post45022714\" rel=\"nofollow\">Bladezor posted:</a>\r\n\t\t\t\r\n\t\t</div>\r\n\t\r\n\t<div class=\"message\">I've been getting my Raytracer project setup in C#.<br>\r\n<br>\r\nOne of the first things I needed to figure out was how to draw to the screen pretty quickly. <br>\r\nSimplying utilizing SetPixel on a bitmap yields terrible performance. Fortunately, GDI+ allows for speedy rendering but it's not working quite as I expected.<br>\r\n<br>\r\nThe following code sets all the Backbuffer pixel values to blue<br>\r\n<div class=\"bbcode_container\"><pre class=\"bbcode_code\">\r\n        private void PaintBlue()\r\n        {\r\n            var BitmapData = Backbuffer.LockBits(new Rectangle(0, 0, Backbuffer.Width, Backbuffer.Height),\r\n                System.Drawing.Imaging.ImageLockMode.WriteOnly,\r\n                Backbuffer.PixelFormat);\r\n\r\n            IntPtr ptr = BitmapData.Scan0;\r\n            byte&#91;&#93; rgbValues = new byte&#91;Backbuffer.Width * Backbuffer.Height * 3&#93;;\r\n\r\n            for (int i = 0; i &lt; rgbValues.Length; i += 3)\r\n                rgbValues&#91;i&#93; = 255;\r\n\r\n            System.Runtime.InteropServices.Marshal.Copy(rgbValues, 0, ptr, rgbValues.Length);\r\n\r\n            Backbuffer.UnlockBits(BitmapData);\r\n        }\r\n</pre></div><br>\r\nI wanted to be able to resize the window, to re-render the scene at different resolutions. This works for the most part, however, it seems to mess-up sporadically like this:<br>\r\n<a href=\"http://i.imgur.com/svvtba9.gif\"><img src=\"http://i.imgur.com/svvtba9.gif\" border=\"0\" class=\"thumbnail\"></a><br>\r\n<br>\r\nInterestingly enough, it seems to be the same resolutions that cause the issue so at least it's easy to reproduce consistently.</div>\r\n\t\r\n</div> Msdn's sample code is misleading. You have to account for the stride. &quot;The stride is the width of a single row of pixels (a scan line), rounded up to a four-byte boundary.&quot; <a href=\"http://msdn.microsoft.com/en-us/library/system.drawing.imaging.bitmapdata.stride(v=vs.110).aspx\" target=\"_blank\">http://msdn.microsoft.com/en-us/libr...v=vs.110).aspx</a><br>\r\n<br>\r\nYou have to do something like the following to set all of the pixels individually to blue.<br>\r\n<br>\r\n<div class=\"bbcode_container\">\r\n\t<div class=\"bbcode_description\">Code:</div>\r\n\t<pre class=\"bbcode_code\" style=\"height:133.33px;\">IntPtr ptr = BitmapData.Scan0;\r\nvar stride = Math.Abs(BitmapData.Stride);\r\nbyte[] rgbValues = new byte[stride * Backbuffer.Height];\r\nfor (int row = 0; row &lt; Backbuffer.Height; row++)\r\n{\r\n\tfor (int i = 0; i &lt; stride; i += 3)\r\n\t\trgbValues[i + (stride * row)] = 255;\r\n}</pre>\r\n</div>","sanitized_content":"Msdn's sample code is misleading. You have to account for the stride. \"The stride is the width of a single row of pixels (a scan line), rounded up to a four-byte boundary.\" http://msdn.microsoft.com/en-us/libr...v=vs.110).aspx\r\n\r\nYou have to do something like the following to set all of the pixels individually to blue.\r\n\r\n\r\n\tCode:\r\n\tIntPtr ptr = BitmapData.Scan0;\r\nvar stride = Math.Abs(BitmapData.Stride);\r\nbyte[] rgbValues = new byte[stride * Backbuffer.Height];\r\nfor (int row = 0; row < Backbuffer.Height; row++)\r\n{\r\n\tfor (int i = 0; i < stride; i += 3)\r\n\t\trgbValues[i + (stride * row)] = 255;\r\n}","ratings":{"friendly":1}}