{"thread":1398111,"page":10,"author":{"name":"sambooo","info":{"os":"Mac","browser":"Chrome","country":"United Kingdom"},"type":"gold"},"date":1402200000,"number":"388","id":"45030917","content":"Split the pixel instead n equal-sized parts and sample the centroids of those instead. Right now your 4-sample version is essentially just taking an image and shifting it half a pixel in each direction if that makes any sense.","sanitized_content":"Split the pixel instead n equal-sized parts and sample the centroids of those instead. Right now your 4-sample version is essentially just taking an image and shifting it half a pixel in each direction if that makes any sense.","ratings":{"agree":3}}