{"thread":1398111,"page":10,"author":{"name":"AntonioR","info":{"os":"Windows XP","browser":"Firefox","country":"Croatia"},"type":"blue"},"date":1402113600,"number":"362","id":"45024148","content":"First video of my Broken Mug Engine shows some GUI features and font rendering. It is written in C++ and is based on OpenGL and SDL. Most of the GUI layout is defined in external XML files. Two GUI themes are also defined in XML. Font rendering is based on files created using AngelCode's Bitmap Font Generator. But I posted about that already...<br>\r\n<br>\r\nTo make the video more interesting I made a little preview of my map editor, Box2D physics and 2D model editor.<br>\r\n<br>\r\n<br>\r\n<div class=\"center\"><div class=\"video\"><iframe title=\"YouTube video player\" width=\"100%\" height=\"100%\" src=\"http://www.youtube.com/embed/FxEjS5NhZsY?hd=1\" frameborder=\"0\" allowfullscreen=\"\"></iframe></div></div><br>\r\n<br>\r\nI also made a blog and written a bit more info about the GUI and font rendering there. You can check it out:<br>\r\n<a href=\"http://antonior-software.blogspot.com\" target=\"_blank\">http://antonior-software.blogspot.com</a>","sanitized_content":"First video of my Broken Mug Engine shows some GUI features and font rendering. It is written in C++ and is based on OpenGL and SDL. Most of the GUI layout is defined in external XML files. Two GUI themes are also defined in XML. Font rendering is based on files created using AngelCode's Bitmap Font Generator. But I posted about that already...\r\n\r\nTo make the video more interesting I made a little preview of my map editor, Box2D physics and 2D model editor.\r\n\r\n\r\n\r\n\r\nI also made a blog and written a bit more info about the GUI and font rendering there. You can check it out:\r\nhttp://antonior-software.blogspot.com","ratings":{"winner":19,"programming_king":7}}