{"thread":1398111,"page":10,"author":{"name":"TravisG","info":{"os":"Windows 7","browser":"Chrome","country":"United States"},"type":"gold"},"date":1402200000,"number":"384","id":"45030148","content":"Made a few small changes, I was tired of querying the database manually to find out how much data it had so I just went ahead and added it to the GUI (if you can even call it that at this point)<br>\r\n<br>\r\n<br>\r\n<img src=\"http://i.imgur.com/yEurAcL.gif\" border=\"0\" alt=\"\"><br>\r\n<br>\r\n<br>\r\nAlso its open source now in case anyone wants to check it out at this current stage in development <a href=\"https://github.com/Laughingman8/TwitMin\" target=\"_blank\">https://github.com/Laughingman8/TwitMin</a>","sanitized_content":"Made a few small changes, I was tired of querying the database manually to find out how much data it had so I just went ahead and added it to the GUI (if you can even call it that at this point)\r\n\r\n\r\n\r\n\r\n\r\nAlso its open source now in case anyone wants to check it out at this current stage in development https://github.com/Laughingman8/TwitMin","ratings":{}}