{"thread":1398111,"page":10,"author":{"name":"Lumaio","info":{"browser":"Unknown"},"type":"blue"},"date":1402200000,"number":"389","id":"45030949","content":"<div class=\"quote\">\r\n\t\r\n\t\t<div class=\"information\">\r\n\t\t\t\r\n\t\t\t\t<a href=\"showthread.php?p=45030000#post45030000\" rel=\"nofollow\">RocketSnail posted:</a>\r\n\t\t\t\r\n\t\t</div>\r\n\t\r\n\t<div class=\"message\">Are you using libGDX?</div>\r\n\t\r\n</div> <div class=\"quote\">\r\n\t\r\n\t\t<div class=\"information\">\r\n\t\t\t\r\n\t\t\t\t<a href=\"showthread.php?p=45018640#post45018640\" rel=\"nofollow\">Lumaio posted:</a>\r\n\t\t\t\r\n\t\t</div>\r\n\t\r\n\t<div class=\"message\">Java with the slick2D library.</div>\r\n\t\r\n</div>","sanitized_content":"","ratings":{"useful":1}}