{"thread":1398111,"page":10,"author":{"name":"benjgvps","info":{"browser":"Unknown"},"type":"gold"},"date":1402200000,"number":"391","id":"45031220","content":"Boring, unoriginal and unfinished, though I'm starting to figure out TKinter. Slowly. It's just pulling from an SQLite database at the moment, later I'm going to continue messing around with Flask and make a REST API that my TKinter application will use.<br>\r\n<br>\r\n<img src=\"http://i.imgur.com/BgaA3je.png\" border=\"0\" alt=\"\"><br>\r\n<br>\r\nI'm in the planning stages of building an asset tracking system, I'm aiming for something somewhat easy to use with custom fields.","sanitized_content":"Boring, unoriginal and unfinished, though I'm starting to figure out TKinter. Slowly. It's just pulling from an SQLite database at the moment, later I'm going to continue messing around with Flask and make a REST API that my TKinter application will use.\r\n\r\n\r\n\r\nI'm in the planning stages of building an asset tracking system, I'm aiming for something somewhat easy to use with custom fields.","ratings":{"artistic":1}}