{"thread":1398111,"page":10,"author":{"name":"Bladezor","info":{"browser":"Unknown"},"type":"gold"},"date":1402113600,"number":"381","id":"45029459","content":"<div class=\"quote\">\r\n\t\r\n\t\t<div class=\"information\">\r\n\t\t\t\r\n\t\t\t\t<a href=\"showthread.php?p=45028760#post45028760\" rel=\"nofollow\">JohnnyOnFlame posted:</a>\r\n\t\t\t\r\n\t\t</div>\r\n\t\r\n\t<div class=\"message\">With all the rendering fellas here, let me ask you guys this:<br>\r\n<br>\r\nHow do I achieve fast texture blitting on a raycaster?<br>\r\n<br>\r\nI'm trying to render floor and wall textures without causing a HUGE performance drop, should I be drawing rects instead of screen columns?</div>\r\n\t\r\n</div> What do you mean by screen columns? I haven't implemented textures yet but I'm probably going to implement something like this:<br>\r\n<br>\r\nWhen a ray hits the surface, get the surface coordinates, convert them to texture coordinates to get the texel. Obviously there's different texture filtering options if you hit non-integer texels, I'm probably just going to floor them for now. I'm doing all my calculations on the CPU so I'll be keeping the textures in memory.","sanitized_content":"What do you mean by screen columns? I haven't implemented textures yet but I'm probably going to implement something like this:\r\n\r\nWhen a ray hits the surface, get the surface coordinates, convert them to texture coordinates to get the texel. Obviously there's different texture filtering options if you hit non-integer texels, I'm probably just going to floor them for now. I'm doing all my calculations on the CPU so I'll be keeping the textures in memory.","ratings":{}}