{"thread":1398111,"page":10,"author":{"name":"Bladezor","info":{"browser":"Unknown"},"type":"gold"},"date":1402200000,"number":"387","id":"45030732","content":"Fixed the FOV (I can just set the FOV by solving for the focal length, herp-derp) made some tweaks to how the sampling points are selected within the pixel for AA.<br>\r\n<br>\r\nMade a GIF to show the comparison between the number of rays/samples for each pixel.<br>\r\n<img src=\"http://i.imgur.com/oNsRS76.gif\" border=\"0\" alt=\"\"><br>\r\n<br>\r\nIgnore the banding artifacts, it's due to it being a GIF.<br>\r\n<br>\r\nInterestingly enough, 5 samples seems worse than 4. The only difference between 4 and 5 is that 5 includes the centroid, whereas 4 is just the corners of the pixel.<br>\r\n<br>\r\nHere's a poor illustration showing how I'm sampling for those values<br>\r\n<img src=\"http://i.imgur.com/CwkVsmt.png\" border=\"0\" alt=\"\"><br>\r\n<br>\r\nNext up is reflection. I think I'll deal with shadows later.","sanitized_content":"Fixed the FOV (I can just set the FOV by solving for the focal length, herp-derp) made some tweaks to how the sampling points are selected within the pixel for AA.\r\n\r\nMade a GIF to show the comparison between the number of rays/samples for each pixel.\r\n\r\n\r\nIgnore the banding artifacts, it's due to it being a GIF.\r\n\r\nInterestingly enough, 5 samples seems worse than 4. The only difference between 4 and 5 is that 5 includes the centroid, whereas 4 is just the corners of the pixel.\r\n\r\nHere's a poor illustration showing how I'm sampling for those values\r\n\r\n\r\nNext up is reflection. I think I'll deal with shadows later.","ratings":{}}