{"thread":1398111,"page":10,"author":{"name":"Winded","info":{"os":"Windows 7","browser":"Chrome","country":"Finland"},"type":"blue"},"date":1402200000,"number":"397","id":"45033324","content":"Making this thingy for a coursework. Still very wip.<br>\r\n<br>\r\n<unitydog src=\"http://winded.hopto.org/cubic2048/cubic2048.unity3d\" width=\"1280\" height=\"720\"></unitydog><br>\r\n<br>\r\n<a href=\"http://winded.hopto.org/cubic2048/cubic2048-linux.zip\" target=\"_blank\">Standalone build for linux people.</a>","sanitized_content":"Making this thingy for a coursework. Still very wip.\r\n\r\n\r\n\r\nStandalone build for linux people.","ratings":{"winner":1}}