{"thread":1398111,"page":10,"author":{"name":"geel9","info":{"browser":"Unknown"},"type":"gold"},"date":1402200000,"number":"394","id":"45032226","content":"Working on a new editor UI for Lemma.<br>\r\n<br>\r\nIn order to have Steam Workshop support we need a user-friendly(ish) editor to create and share levels.<br>\r\n<br>\r\nUsing GeeUI for this. Currently I have it hooked up to display the properties of entities one can edit. The only thing you can do is Execute commands that entities make public; you can't actually edit anything yet <img src=\"/fp/emoot/v.gif\" border=\"0\" alt=\"\" title=\"V\" class=\"inlineimg\"><br>\r\n<br>\r\nAlso showing the ending of the monolith level and the ~super cool rifts~ that Evan made.<br>\r\n<br>\r\n<video style=\"margin: 16px; min-width: 20px; min-height: 20px; border: 1px solid #fff; box-shadow: 0 0 4px rgba( 0, 0, 0, 0.4 );\" src=\"http://feen.us/i/76/5394111eabe68.webm\" controls=\"controls\">Your browser doesn't support HTML 5 videos!</video>","sanitized_content":"Working on a new editor UI for Lemma.\r\n\r\nIn order to have Steam Workshop support we need a user-friendly(ish) editor to create and share levels.\r\n\r\nUsing GeeUI for this. Currently I have it hooked up to display the properties of entities one can edit. The only thing you can do is Execute commands that entities make public; you can't actually edit anything yet \r\n\r\nAlso showing the ending of the monolith level and the ~super cool rifts~ that Evan made.\r\n\r\nYour browser doesn't support HTML 5 videos!","ratings":{"winner":13,"programming_king":1,"artistic":1}}