{"thread":1398111,"page":10,"author":{"name":"TravisG","info":{"os":"Windows 7","browser":"Chrome","country":"United States"},"type":"gold"},"date":1402113600,"number":"369","id":"45026463","content":"<div class=\"quote\">\r\n\t\r\n\t\t<div class=\"information\">\r\n\t\t\t\r\n\t\t\t\t<a href=\"showthread.php?p=45026287#post45026287\" rel=\"nofollow\">Richy19 posted:</a>\r\n\t\t\t\r\n\t\t</div>\r\n\t\r\n\t<div class=\"message\">Open source it, its really interesting how youve managed to get it to rocess that kind of volume.<br>\r\nIs there no limit on how much you can request from the twitter API? or are you just doing it via plain web scraping</div>\r\n\t\r\n</div> I know I talked about it earlier, but it needs just a bit more work before its open source material. I've been a bit busy with summer classes that I haven't had much time to work on it.<br>\r\n<br>\r\n<br>\r\n<img src=\"http://i.imgur.com/GABGXK8.gif\" border=\"0\" alt=\"\"><br>\r\n<br>\r\n<br>\r\n<br>\r\nThe miner is slightly resource heavy so trying to record some progress has affected its speed, I plan on getting a dedicated machine to run the miner on instead of my laptop, maybe it will help the performance. There are very strict limits on the twitter API <a href=\"https://dev.twitter.com/docs/rate-limiting/1.1\" target=\"_blank\">https://dev.twitter.com/docs/rate-limiting/1.1</a> it would probably be much harder work to just scrap the content from the web, if its even possible. The API's limits are so strict that I almost gave up on the project since I figured I wouldn't be able to get any useful data, but I'm trying to work out a combination of streaming and querying that will work and hopefully fall in the rate limits. Otherwise the miner just gets bogged down with exceptions","sanitized_content":"I know I talked about it earlier, but it needs just a bit more work before its open source material. I've been a bit busy with summer classes that I haven't had much time to work on it.\r\n\r\n\r\n\r\n\r\n\r\n\r\nThe miner is slightly resource heavy so trying to record some progress has affected its speed, I plan on getting a dedicated machine to run the miner on instead of my laptop, maybe it will help the performance. There are very strict limits on the twitter API https://dev.twitter.com/docs/rate-limiting/1.1 it would probably be much harder work to just scrap the content from the web, if its even possible. The API's limits are so strict that I almost gave up on the project since I figured I wouldn't be able to get any useful data, but I'm trying to work out a combination of streaming and querying that will work and hopefully fall in the rate limits. Otherwise the miner just gets bogged down with exceptions","ratings":{}}