{"thread":1398111,"page":10,"author":{"name":"seandewar5","info":{"browser":"Unknown"},"type":"blue"},"date":1402200000,"number":"385","id":"45030158","content":"I don't usually post often, but I made a Mandelbrot thing in SFML &amp; C++ out of boredom in around 5-10 minutes, and was quite impressed by how pretty it was:<br>\r\n<br>\r\n<img src=\"http://i.imgur.com/agBbtgh.png\" border=\"0\" alt=\"\"><br>\r\n<br>\r\nFractals are cool.","sanitized_content":"I don't usually post often, but I made a Mandelbrot thing in SFML & C++ out of boredom in around 5-10 minutes, and was quite impressed by how pretty it was:\r\n\r\n\r\n\r\nFractals are cool.","ratings":{"agree":4,"winner":2}}