{"thread":1398111,"page":10,"author":{"name":"Naelstrom","info":{"os":"Linux","browser":"Chrome","country":"United States"},"type":"gold"},"date":1402113600,"number":"378","id":"45028696","content":"<div class=\"quote\">\r\n\t\r\n\t\t<div class=\"information\">\r\n\t\t\t\r\n\t\t\t\t<a href=\"showthread.php?p=44994485#post44994485\" rel=\"nofollow\">Naelstrom posted:</a>\r\n\t\t\t\r\n\t\t</div>\r\n\t\r\n\t<div class=\"message\">It's the last Chromium update that broke it, my <a href=\"http://farmpolice.com/content/videos/\" target=\"_blank\">entire library of webm's</a> suddenly can't be played on anything but firefox. :/</div>\r\n\t\r\n</div> I figured it out! Chromium can no longer play webm's that have odd widths or heights. Rounding up the dimensions means I can post the progress on my game:<br>\r\n<br>\r\n<video style=\"margin: 16px; min-width: 20px; min-height: 20px; border: 1px solid #fff; box-shadow: 0 0 4px rgba( 0, 0, 0, 0.4 );\" src=\"http://farmpolice.com/content/videos/b3b74b6f.webm\" controls=\"controls\">Your browser doesn't support HTML 5 videos!</video><br>\r\n<br>\r\nLove2d is wonderful to work with.","sanitized_content":"I figured it out! Chromium can no longer play webm's that have odd widths or heights. Rounding up the dimensions means I can post the progress on my game:\r\n\r\nYour browser doesn't support HTML 5 videos!\r\n\r\nLove2d is wonderful to work with.","ratings":{"winner":4,"agree":3,"programming_king":3,"funny":1}}