{"thread":1398111,"page":10,"author":{"name":"Map in a box","info":{"os":"Windows 7","browser":"Firefox","country":"United States"},"type":"blue"},"date":1402113600,"number":"365","id":"45025804","content":"FailOverflow has a blog on REing things thats usually a good read if you'd like<br>\n<br>\n<font size=\"1\" color=\"#444444\"><b>Edited:</b></font><br>\n<br>\n<img src=\"http://i.imgur.com/UkHywki.png\" border=\"0\" alt=\"\"><br>\r\nbest programmer 2014","sanitized_content":"FailOverflow has a blog on REing things thats usually a good read if you'd like\n\nEdited:\n\n\r\nbest programmer 2014","ratings":{"funny":11,"informative":3}}