{"thread":1398111,"page":10,"author":{"name":"Bladezor","info":{"browser":"Unknown"},"type":"gold"},"date":1402113600,"number":"373","id":"45027878","content":"<div class=\"quote\">\r\n\t\r\n\t\t<div class=\"information\">\r\n\t\t\t\r\n\t\t\t\t<a href=\"showthread.php?p=45027810#post45027810\" rel=\"nofollow\">Drury posted:</a>\r\n\t\t\t\r\n\t\t</div>\r\n\t\r\n\t<div class=\"message\"><img src=\"http://giant.gfycat.com/BewitchedFelineKestrel.gif\" border=\"0\" alt=\"\"><br>\r\n<br>\r\nI don't even know man</div>\r\n\t\r\n</div> Haha, looks like some funky matrix operations.","sanitized_content":"Haha, looks like some funky matrix operations.","ratings":{}}