{"thread":1398111,"page":10,"author":{"name":"jamie1130","info":{"browser":"Unknown"},"type":"gold"},"date":1402113600,"number":"376","id":"45028497","content":"<div class=\"quote\">\r\n\t\r\n\t\t<div class=\"information\">\r\n\t\t\t\r\n\t\t\t\t<a href=\"showthread.php?p=45028470#post45028470\" rel=\"nofollow\">geel9 posted:</a>\r\n\t\t\t\r\n\t\t</div>\r\n\t\r\n\t<div class=\"message\">For the API limits, why not just set up a bunch of cheap VPSes and use them as proxies?</div>\r\n\t\r\n</div> Because that's how to piss people off... There are other solutions.","sanitized_content":"Because that's how to piss people off... There are other solutions.","ratings":{"agree":8}}