{"thread":1398111,"page":10,"author":{"name":"Bladezor","info":{"browser":"Unknown"},"type":"gold"},"date":1402200000,"number":"395","id":"45032627","content":"I got reflections to <i>sorta</i> work.<br>\r\n<br>\r\n<img src=\"http://i.imgur.com/btxhTfP.png\" border=\"0\" alt=\"\"><br>\r\n<br>\r\n<br>\r\nEvery sphere shows up in the reflections, however they're not lit for some reason even though the plane is.","sanitized_content":"I got reflections to sorta work.\r\n\r\n\r\n\r\n\r\nEvery sphere shows up in the reflections, however they're not lit for some reason even though the plane is.","ratings":{"winner":2}}