{"thread":1398111,"page":10,"author":{"name":"JohnnyOnFlame","info":{"browser":"Unknown"},"type":"blue"},"date":1402113600,"number":"379","id":"45028760","content":"With all the rendering fellas here, let me ask you guys this:<br>\r\n<br>\r\nHow do I achieve fast texture blitting on a raycaster?<br>\r\n<br>\r\nI'm trying to render floor and wall textures without causing a HUGE performance drop, should I be drawing rects instead of screen columns?","sanitized_content":"With all the rendering fellas here, let me ask you guys this:\r\n\r\nHow do I achieve fast texture blitting on a raycaster?\r\n\r\nI'm trying to render floor and wall textures without causing a HUGE performance drop, should I be drawing rects instead of screen columns?","ratings":{}}