{"thread":1398111,"page":10,"author":{"name":"DrDevil","info":{"os":"Windows 8","browser":"Chrome","country":"Germany"},"type":"gold"},"date":1402200000,"number":"400","id":"45034000","content":"<div class=\"quote\">\r\n\t\r\n\t\t<div class=\"information\">\r\n\t\t\t\r\n\t\t\t\t<a href=\"showthread.php?p=45033786#post45033786\" rel=\"nofollow\">mastersrp posted:</a>\r\n\t\t\t\r\n\t\t</div>\r\n\t\r\n\t<div class=\"message\">Any chance you could zip that up instead?</div>\r\n\t\r\n</div> Don't quote it, it makes my browser weep","sanitized_content":"Don't quote it, it makes my browser weep","ratings":{"agree":2,"funny":1}}