{"thread":1398111,"page":10,"author":{"name":"Torrunt","info":{"browser":"Unknown"},"type":"gold"},"date":1402113600,"number":"368","id":"45026401","content":"I made a settings exe using winforms for vimage. It's a bit nicer and more user friendly than just editing the config file directly.<br>\r\n<br>\r\n<img src=\"http://i.imgur.com/nSvnOMM.png\" border=\"0\" alt=\"\"> <img src=\"http://i.imgur.com/JxffC9z.png\" border=\"0\" alt=\"\"><br>\r\n<br>\r\nIt's got the basic settings and key/mouse bindings. For the Context Menu customisation I just made a simple multi-line textbox for now. I would like to make some sort of drag and drop type editor for it though.","sanitized_content":"I made a settings exe using winforms for vimage. It's a bit nicer and more user friendly than just editing the config file directly.\r\n\r\n \r\n\r\nIt's got the basic settings and key/mouse bindings. For the Context Menu customisation I just made a simple multi-line textbox for now. I would like to make some sort of drag and drop type editor for it though.","ratings":{"winner":5}}