{"thread":1398111,"page":10,"author":{"name":"Bladezor","info":{"browser":"Unknown"},"type":"gold"},"date":1402200000,"number":"393","id":"45032116","content":"<div class=\"quote\">\r\n\t\r\n\t\t<div class=\"information\">\r\n\t\t\t\r\n\t\t\t\t<a href=\"showthread.php?p=45030917#post45030917\" rel=\"nofollow\">sambooo posted:</a>\r\n\t\t\t\r\n\t\t</div>\r\n\t\r\n\t<div class=\"message\">Split the pixel instead n equal-sized parts and sample the centroids of those instead. Right now your 4-sample version is essentially just taking an image and shifting it half a pixel in each direction if that makes any sense.</div>\r\n\t\r\n</div> Thanks again for the suggestion, I'm getting much better results now.<br>\r\n<br>\r\nHere's the code I'm using to generate centroid coordinates which took me too long to figure out.<br>\r\n<div class=\"bbcode_container\">\r\n\t<div class=\"bbcode_description\">Code:</div>\r\n\t<pre class=\"bbcode_code\" style=\"height:173.329px;\">                for (int i = 0; i &lt; Scene.Samples_rt2; ++i)\r\n                {\r\n                    for (int j = 0; j &lt; Scene.Samples_rt2; ++j)\r\n                    {\r\n                        var x = 1.0f / Scene.Samples + (float)i / Scene.Samples_rt2;\r\n                        var y = 1.0f / Scene.Samples + (float)j / Scene.Samples_rt2;\r\n                        var d = nonNormalizedDirection + new Xna.Vector3(x, y, 0);\r\n                        d.Normalize();\r\n                        _Rays.Add(new Xna.Ray(position, d));\r\n                    }\r\n                }</pre>\r\n</div><font size=\"1\" color=\"#444444\"><b>Edited:</b></font><br>\r\n<br>\r\n<div class=\"quote\">\r\n\t\r\n\t\t<div class=\"information\">\r\n\t\t\t\r\n\t\t\t\t<a href=\"showthread.php?p=45031781#post45031781\" rel=\"nofollow\">adnzzzzZ posted:</a>\r\n\t\t\t\r\n\t\t</div>\r\n\t\r\n\t<div class=\"message\">Color wise, left (agree) or right (disagree)?<br>\r\n<br>\r\n<img src=\"http://puu.sh/9jTvi/ae0862186b.png\" border=\"0\" alt=\"\"></div>\r\n\t\r\n</div> I like the right best, however the yellow blocks look too saturated, same for the stones.","sanitized_content":"Thanks again for the suggestion, I'm getting much better results now.\r\n\r\nHere's the code I'm using to generate centroid coordinates which took me too long to figure out.\r\n\r\n\tCode:\r\n\t                for (int i = 0; i < Scene.Samples_rt2; ++i)\r\n                {\r\n                    for (int j = 0; j < Scene.Samples_rt2; ++j)\r\n                    {\r\n                        var x = 1.0f / Scene.Samples + (float)i / Scene.Samples_rt2;\r\n                        var y = 1.0f / Scene.Samples + (float)j / Scene.Samples_rt2;\r\n                        var d = nonNormalizedDirection + new Xna.Vector3(x, y, 0);\r\n                        d.Normalize();\r\n                        _Rays.Add(new Xna.Ray(position, d));\r\n                    }\r\n                }\r\nEdited:\r\n\r\n I like the right best, however the yellow blocks look too saturated, same for the stones.","ratings":{"agree":2,"friendly":1}}