{"thread":1398111,"page":17,"author":{"name":"Arxae","info":{"browser":"Unknown"},"type":"blue"},"date":1402545600,"number":"669","id":"45081679","content":"<div class=\"quote\">\r\n\t\r\n\t\t<div class=\"information\">\r\n\t\t\t\r\n\t\t\t\t<a href=\"showthread.php?p=45081578#post45081578\" rel=\"nofollow\">Gran PC posted:</a>\r\n\t\t\t\r\n\t\t</div>\r\n\t\r\n\t<div class=\"message\">the number at the end can be anything. idk why they do that.</div>\r\n\t\r\n</div> Random anti caching number?<br>\r\n<br>\r\nI'm making some sort of random sentence generator. A base sentence that has random parts actually.<br>\r\nIt turns something like this:<br>\r\n<br>\r\n<div class=\"bbcode_container\">\r\n\t<div class=\"bbcode_description\">Code:</div>\r\n\t<pre class=\"bbcode_code\" style=\"height:279.993px;\">LABEL Hello #{RandomNames}, isn't it #{WeekDay} today?\r\nLABEL Hey #{RandomNames}.\r\nLABEL Today it's #{WeekDay}\r\n\r\nGROUP WeekDay\r\n\tENTRY Monday\r\n\tENTRY Tuesday\r\n\tENTRY Wednesday\r\n\tENTRY Thursday\r\n\tENTRY Friday\r\n\tENTRY Saturday\r\n\tENTRY Sunday\r\nENDGROUP\r\n\r\nGROUP RandomNames\r\n\tENTRY Andy\r\n\tENTRY Someone\r\n\tENTRY Elsa\r\nENDGROUP</pre>\r\n</div>Output would be <br>\r\n<div class=\"bbcode_container\">\r\n\t<div class=\"bbcode_description\">Code:</div>\r\n\t<pre class=\"bbcode_code\" style=\"height:66.665px;\">Hello Someone, isn't it Wednesday today?\r\nHey Elsa.\r\nToday it's Friday</pre>\r\n</div>Atm it takes a random label (yes i know it's a strange name for it :p), substitus the #{} parts with something with the group named like that. Got some other things planned (global lists, probability modifiers,  excluders, ..). But this is what i got :P Never parsed a script-like thingy like that before.","sanitized_content":"Random anti caching number?\r\n\r\nI'm making some sort of random sentence generator. A base sentence that has random parts actually.\r\nIt turns something like this:\r\n\r\n\r\n\tCode:\r\n\tLABEL Hello #{RandomNames}, isn't it #{WeekDay} today?\r\nLABEL Hey #{RandomNames}.\r\nLABEL Today it's #{WeekDay}\r\n\r\nGROUP WeekDay\r\n\tENTRY Monday\r\n\tENTRY Tuesday\r\n\tENTRY Wednesday\r\n\tENTRY Thursday\r\n\tENTRY Friday\r\n\tENTRY Saturday\r\n\tENTRY Sunday\r\nENDGROUP\r\n\r\nGROUP RandomNames\r\n\tENTRY Andy\r\n\tENTRY Someone\r\n\tENTRY Elsa\r\nENDGROUP\r\nOutput would be \r\n\r\n\tCode:\r\n\tHello Someone, isn't it Wednesday today?\r\nHey Elsa.\r\nToday it's Friday\r\nAtm it takes a random label (yes i know it's a strange name for it :p), substitus the #{} parts with something with the group named like that. Got some other things planned (global lists, probability modifiers,  excluders, ..). But this is what i got :P Never parsed a script-like thingy like that before.","ratings":{}}