{"thread":1398111,"page":17,"author":{"name":"Sombrero","info":{"browser":"Unknown"},"type":"blue"},"date":1402545600,"number":"672","id":"45082440","content":"<div class=\"quote\">\r\n\t\r\n\t\t<div class=\"information\">\r\n\t\t\t\r\n\t\t\t\t<a href=\"showthread.php?p=45081060#post45081060\" rel=\"nofollow\">Jookia posted:</a>\r\n\t\t\t\r\n\t\t</div>\r\n\t\r\n\t<div class=\"message\">If you're learning, learn something useful: OpenGL. It's cross platform, which actually matters outside academia.</div>\r\n\t\r\n</div> What I'd do is make the render class an abstract interface, and then make both a DirectX and OpenGL renderer and give the user a choice of which one they want to use when they play/setup.","sanitized_content":"What I'd do is make the render class an abstract interface, and then make both a DirectX and OpenGL renderer and give the user a choice of which one they want to use when they play/setup.","ratings":{"disagree":2,"optimistic":1}}