{"thread":1398111,"page":17,"author":{"name":"Ac!dL3ak","info":{"os":"Windows 7","browser":"Chrome","country":"United Kingdom"},"type":"gold"},"date":1402545600,"number":"646","id":"45080749","content":"<div class=\"quote\">\r\n\t\r\n\t\t<div class=\"information\">\r\n\t\t\t\r\n\t\t\t\t<a href=\"showthread.php?p=45080665#post45080665\" rel=\"nofollow\">sambooo posted:</a>\r\n\t\t\t\r\n\t\t</div>\r\n\t\r\n\t<div class=\"message\">what editor are you running there?</div>\r\n\t\r\n</div> atom<br>\n<br>\n<font size=\"1\" color=\"#444444\"><b>Edited:</b></font><br>\n<br>\nthe top part of it is a command prompt, the bottom part is from atom","sanitized_content":"atom\n\nEdited:\n\nthe top part of it is a command prompt, the bottom part is from atom","ratings":{}}