{"thread":1398111,"page":17,"author":{"name":"AnonTakesOver","info":{"os":"Windows 7","browser":"Chrome","country":"Australia"},"type":"blue"},"date":1402545600,"number":"644","id":"45080474","content":"I am planning to make some muck around test games for learning with Monogame, I plan on making it 2D<br>\nShould I go with OpenGL or DirectX?<br>\n<br>\nAgree - OpenGL<br>\nDisagree - DirectX<br>\n<br>\n<b>EDIT:<br>\n</b>Would anyone want to explain why OpenGL is preferred over DirectX? Are there specific reasons or is it favoritism?","sanitized_content":"I am planning to make some muck around test games for learning with Monogame, I plan on making it 2D\nShould I go with OpenGL or DirectX?\n\nAgree - OpenGL\nDisagree - DirectX\n\nEDIT:\nWould anyone want to explain why OpenGL is preferred over DirectX? Are there specific reasons or is it favoritism?","ratings":{"agree":40,"disagree":3}}