{"thread":1398111,"page":17,"author":{"name":"Gran PC","info":{"os":"Mac","browser":"Chrome","country":"Spain"},"type":"blue"},"date":1402545600,"number":"659","id":"45081022","content":"<div class=\"quote\">\r\n\t\r\n\t\t<div class=\"information\">\r\n\t\t\t\r\n\t\t\t\t<a href=\"showthread.php?p=45081017#post45081017\" rel=\"nofollow\">Tamschi posted:</a>\r\n\t\t\t\r\n\t\t</div>\r\n\t\r\n\t<div class=\"message\">Hm, I have really fast Internet so I could just pull everything into my db format.<br>\r\nIt works well enough for text messages and I want to know how it holds up for larger amounts of data.</div>\r\n\t\r\n</div> well im running it on a server with a 1gbps connection :P<br>\n<br>\n<font size=\"1\" color=\"#444444\"><b>Edited:</b></font><br>\n<br>\nmultithreaded the script (65 threads ramming amazon up the ass now) and made it download the json crap -- lets see what happens.","sanitized_content":"well im running it on a server with a 1gbps connection :P\n\nEdited:\n\nmultithreaded the script (65 threads ramming amazon up the ass now) and made it download the json crap -- lets see what happens.","ratings":{}}