{"thread":1398111,"page":17,"author":{"name":"AnonTakesOver","info":{"os":"Windows 7","browser":"Chrome","country":"Australia"},"type":"blue"},"date":1402545600,"number":"657","id":"45081019","content":"<div class=\"quote\">\r\n\t\r\n\t\t<div class=\"information\">\r\n\t\t\t\r\n\t\t\t\t<a href=\"showthread.php?p=45080859#post45080859\" rel=\"nofollow\">Zelacks posted:</a>\r\n\t\t\t\r\n\t\t</div>\r\n\t\r\n\t<div class=\"message\">Personally I have just always used opengl, never touched directx. It probably comes down to preference, and you will probably eventually learn how to use both. From a quick google, it seems David Rosen has a pretty cool article on the differences too!<br>\r\n<a href=\"http://blog.wolfire.com/2010/01/Why-you-should-use-OpenGL-and-not-DirectX\" target=\"_blank\">http://blog.wolfire.com/2010/01/Why-...nd-not-DirectX</a><br>\r\n<br>\r\nAlso I totally have to spread his procedural animation video, it definitely worth a watch if you are doing anything animation <br>\r\n<a href=\"http://www.gdcvault.com/play/1020583/Animation-Bootcamp-An-Indie-Approach\" target=\"_blank\">http://www.gdcvault.com/play/1020583...Indie-Approach</a></div>\r\n\t\r\n</div> That was an excellent read, definitely OpenGL then!","sanitized_content":"That was an excellent read, definitely OpenGL then!","ratings":{"winner":2}}