{"thread":1398111,"page":17,"author":{"name":"Zelacks","info":{"os":"Windows 7","browser":"Firefox","country":"Australia"},"type":"blue"},"date":1402545600,"number":"650","id":"45080859","content":"<div class=\"quote\">\r\n\t\r\n\t\t<div class=\"information\">\r\n\t\t\t\r\n\t\t\t\t<a href=\"showthread.php?p=45080474#post45080474\" rel=\"nofollow\">AnonTakesOver posted:</a>\r\n\t\t\t\r\n\t\t</div>\r\n\t\r\n\t<div class=\"message\">I am planning to make some muck around test games for learning with Monogame, I plan on making it 2D<br>\r\nShould I go with OpenGL or DirectX?<br>\r\n<br>\r\nAgree - OpenGL<br>\r\nDisagree - DirectX<br>\r\n<br>\r\n<b>EDIT:<br>\r\n</b>Would anyone want to explain why OpenGL is preferred over DirectX? Are there specific reasons or is it favoritism?</div>\r\n\t\r\n</div> Personally I have just always used opengl, never touched directx. It probably comes down to preference, and you will probably eventually learn how to use both. From a quick google, it seems David Rosen has a pretty cool article on the differences too!<br>\r\n<a href=\"http://blog.wolfire.com/2010/01/Why-you-should-use-OpenGL-and-not-DirectX\" target=\"_blank\">http://blog.wolfire.com/2010/01/Why-...nd-not-DirectX</a><br>\r\n<br>\r\nAlso I totally have to spread his procedural animation video, it definitely worth a watch if you are doing anything animation <br>\r\n<a href=\"http://www.gdcvault.com/play/1020583/Animation-Bootcamp-An-Indie-Approach\" target=\"_blank\">http://www.gdcvault.com/play/1020583...Indie-Approach</a>","sanitized_content":"Personally I have just always used opengl, never touched directx. It probably comes down to preference, and you will probably eventually learn how to use both. From a quick google, it seems David Rosen has a pretty cool article on the differences too!\r\nhttp://blog.wolfire.com/2010/01/Why-...nd-not-DirectX\r\n\r\nAlso I totally have to spread his procedural animation video, it definitely worth a watch if you are doing anything animation \r\nhttp://www.gdcvault.com/play/1020583...Indie-Approach","ratings":{"agree":3}}