{"thread":1398111,"page":17,"author":{"name":"MatheusMCardoso","info":{"browser":"Unknown"},"type":"blue"},"date":1402545600,"number":"651","id":"45080920","content":"<div class=\"quote\">\r\n\t\r\n\t\t<div class=\"information\">\r\n\t\t\t\r\n\t\t\t\t<a href=\"showthread.php?p=45080380#post45080380\" rel=\"nofollow\">geel9 posted:</a>\r\n\t\t\t\r\n\t\t</div>\r\n\t\r\n\t<div class=\"message\">-vid-<br>\r\n<br>\r\n<b>FUCK YEAH!</b></div>\r\n\t\r\n</div> gibe key","sanitized_content":"gibe key","ratings":{"agree":3,"funny":3}}