{"thread":1398111,"page":17,"author":{"name":"Mega1mpact","info":{"os":"Windows 7","browser":"Firefox","country":"Netherlands"},"type":"gold"},"date":1402545600,"number":"662","id":"45081167","content":"<div class=\"quote\">\r\n\t\r\n\t\t<div class=\"information\">\r\n\t\t\t\r\n\t\t\t\t<a href=\"showthread.php?p=45080969#post45080969\" rel=\"nofollow\">Gran PC posted:</a>\r\n\t\t\t\r\n\t\t</div>\r\n\t\r\n\t<div class=\"message\">the source for what? the crawler script is 10 lines of code or so (but i can just give you a list of valid IDs)</div>\r\n\t\r\n</div> Where can I find the spec on how to do it then?","sanitized_content":"Where can I find the spec on how to do it then?","ratings":{}}