{"thread":1398111,"page":17,"author":{"name":"AnonTakesOver","info":{"os":"Windows 7","browser":"Chrome","country":"Australia"},"type":"blue"},"date":1402545600,"number":"648","id":"45080786","content":"<div class=\"quote\">\r\n\t\r\n\t\t<div class=\"information\">\r\n\t\t\t\r\n\t\t\t\t<a href=\"showthread.php?p=45080756#post45080756\" rel=\"nofollow\">Arxae posted:</a>\r\n\t\t\t\r\n\t\t</div>\r\n\t\r\n\t<div class=\"message\">I suppose monogame being designed for cross platform.</div>\r\n\t\r\n</div> Cross platforming isn't a major thing I'm concerned about right now.<br>\r\nPreferably something that I can do allot more in and is more flexible.","sanitized_content":"Cross platforming isn't a major thing I'm concerned about right now.\r\nPreferably something that I can do allot more in and is more flexible.","ratings":{}}