{"thread":1398111,"page":17,"author":{"name":"Gran PC","info":{"os":"Mac","browser":"Chrome","country":"Spain"},"type":"blue"},"date":1402545600,"number":"655","id":"45081003","content":"<div class=\"quote\">\r\n\t\r\n\t\t<div class=\"information\">\r\n\t\t\t\r\n\t\t\t\t<a href=\"showthread.php?p=45080994#post45080994\" rel=\"nofollow\">Tamschi posted:</a>\r\n\t\t\t\r\n\t\t</div>\r\n\t\r\n\t<div class=\"message\">I was just about to point that out <img src=\"/fp/emoot/v.gif\" border=\"0\" alt=\"\" title=\"V\" class=\"inlineimg\"><br>\r\n<br>\r\nScanning the JSON stuff may be faster for retrieving urls than checking the images anyway though.<br>\r\nI also wonder if there's any pattern in the timestamps, it should be possible to plot them to infer the areas it's most used in as well as the popularity curve since creation.</div>\r\n\t\r\n</div> well, im going to redo the scan and actually save the images in a proper database or something (not just a huge &quot;lolz.html&quot; file full of img tags...) -- let me know if you want access to the db.<br>\n<br>\n<font size=\"1\" color=\"#444444\"><b>Edited:</b></font><br>\n<br>\n<div class=\"quote\">\r\n\t\r\n\t\t<div class=\"information\">\r\n\t\t\t\r\n\t\t\t\t<a href=\"showthread.php?p=45080994#post45080994\" rel=\"nofollow\">Tamschi posted:</a>\r\n\t\t\t\r\n\t\t</div>\r\n\t\r\n\t<div class=\"message\">Where did you get the &quot;Picture.jpg&quot; from originally anyway? The one I uploaded has a timestamped name from the camera.</div>\r\n\t\r\n</div> fuck knows","sanitized_content":"well, im going to redo the scan and actually save the images in a proper database or something (not just a huge \"lolz.html\" file full of img tags...) -- let me know if you want access to the db.\n\nEdited:\n\n fuck knows","ratings":{}}