{"thread":1398111,"page":17,"author":{"name":"sambooo","info":{"os":"Mac","browser":"Chrome","country":"United Kingdom"},"type":"gold"},"date":1402545600,"number":"645","id":"45080665","content":"<div class=\"quote\">\r\n\t\r\n\t\t<div class=\"information\">\r\n\t\t\t\r\n\t\t\t\t<a href=\"showthread.php?p=45080328#post45080328\" rel=\"nofollow\">Ac!dL3ak posted:</a>\r\n\t\t\t\r\n\t\t</div>\r\n\t\r\n\t<div class=\"message\"><img src=\"http://i.imgur.com/bVRJr7C.png\" border=\"0\" alt=\"\"><br>\r\n<br>\r\nfuck yeah!</div>\r\n\t\r\n</div> what editor are you running there?","sanitized_content":"what editor are you running there?","ratings":{"agree":1}}