{"thread":1398111,"page":17,"author":{"name":"geel9","info":{"browser":"Unknown"},"type":"gold"},"date":1402545600,"number":"642","id":"45080380","content":"<video style=\"margin: 16px; min-width: 20px; min-height: 20px; border: 1px solid #fff; box-shadow: 0 0 4px rgba( 0, 0, 0, 0.4 );\" src=\"http://feen.us/i/76/53995c9e70e24.webm\" controls=\"controls\">Your browser doesn't support HTML 5 videos!</video><br>\r\n<br>\r\n<b>FUCK YEAH!</b>","sanitized_content":"Your browser doesn't support HTML 5 videos!\r\n\r\nFUCK YEAH!","ratings":{"winner":14}}