{"thread":1398111,"page":17,"author":{"name":"Tamschi","info":{"os":"Windows 7","browser":"Firefox","country":"Germany"},"type":"blue"},"date":1402545600,"number":"656","id":"45081017","content":"<div class=\"quote\">\r\n\t\r\n\t\t<div class=\"information\">\r\n\t\t\t\r\n\t\t\t\t<a href=\"showthread.php?p=45081003#post45081003\" rel=\"nofollow\">Gran PC posted:</a>\r\n\t\t\t\r\n\t\t</div>\r\n\t\r\n\t<div class=\"message\">well, im going to redo the scan and actually save the images in a proper database or something (not just a huge &quot;lolz.html&quot; file full of img tags...) -- let me know if you want access to the db.<br>\r\n<br>\r\n<font size=\"1\" color=\"#444444\"><b>Edited:</b></font><br>\r\n<br>\r\n<br>\r\n <br>\r\nfuck knows</div>\r\n\t\r\n</div> Hm, I have really fast Internet so I could just pull everything into my db format.<br>\r\nIt works well enough for text messages and I want to know how it holds up for larger amounts of data.","sanitized_content":"Hm, I have really fast Internet so I could just pull everything into my db format.\r\nIt works well enough for text messages and I want to know how it holds up for larger amounts of data.","ratings":{}}