{"thread":1398111,"page":17,"author":{"name":"Ac!dL3ak","info":{"os":"Windows 7","browser":"Chrome","country":"United Kingdom"},"type":"gold"},"date":1402545600,"number":"643","id":"45080386","content":"<div class=\"quote\">\r\n\t\r\n\t\t<div class=\"information\">\r\n\t\t\t\r\n\t\t\t\t<a href=\"showthread.php?p=45080380#post45080380\" rel=\"nofollow\">geel9 posted:</a>\r\n\t\t\t\r\n\t\t</div>\r\n\t\r\n\t<div class=\"message\"><b>FUCK YEAH!</b></div>\r\n\t\r\n</div> Who is that medcat asshole","sanitized_content":"Who is that medcat asshole","ratings":{"agree":3}}