{"thread":1398111,"page":17,"author":{"name":"redx475","info":{"browser":"Unknown"},"type":"blue"},"date":1402545600,"number":"677","id":"45084168","content":"<div class=\"quote\">\r\n\t\r\n\t\t<div class=\"information\">\r\n\t\t\t\r\n\t\t\t\t<a href=\"showthread.php?p=45083575#post45083575\" rel=\"nofollow\">Lemmingz95 posted:</a>\r\n\t\t\t\r\n\t\t</div>\r\n\t\r\n\t<div class=\"message\">I'm using a struct, which I know <i>should</i> be immutable for various reasons. The 'X' and 'Y' properties have private set accessors so isn't it still immutable for all intents and purposes? again please correct me..<br>\r\n<br>\r\nalso, came across what appears to be a bug with String.Format..<br>\r\n<br>\r\n<div class=\"bbcode_container\">\r\n\t<div class=\"bbcode_description\">Code:</div>\r\n\t<pre class=\"bbcode_code\" style=\"height:53.332px;\">Debug.WriteLine(String.Format(&quot;{{{0:G3}, {1:G3}}}&quot;, 0.00021515, 124.125));\r\nDebug.WriteLine(String.Format(&quot;{0:G3}, {1:G3}&quot;, 0.00021515, 124.125));</pre>\r\n</div>prints:<br>\r\n<br>\r\n{0.000215, G3}<br>\r\n0.000215, 124<br>\r\n<br>\r\nor am I just being dumb?</div>\r\n\t\r\n</div> Not a bug. Putting multiple curly braces together escapes them, similar to how &quot;\\&quot;&quot; is a string containing a single double quote.","sanitized_content":"Not a bug. Putting multiple curly braces together escapes them, similar to how \"\\\"\" is a string containing a single double quote.","ratings":{}}