{"thread":1398111,"page":17,"author":{"name":"Lemmingz95","info":{"os":"Windows 7","browser":"Chrome","country":"Russian Federation"},"type":"blue"},"date":1402545600,"number":"676","id":"45083575","content":"<div class=\"quote\">\r\n\t\r\n\t\t<div class=\"information\">\r\n\t\t\t\r\n\t\t\t\tDarwin226 posted:\r\n\t\t\t\r\n\t\t</div>\r\n\t\r\n\t<div class=\"message\">There's an interesting point to be made here. Modifying one of the operands is faster than making a new object, but then you loose the nice properties of immutability. The thing is, a sufficiently smart compiler could deduce which vectors are never used after some operation and automatically use that one instead of creating a new one. That way the vectors are immutable as far as the programmer is concerned and there's no performance penalty. <br>\r\n<br>\r\nI don't know of any compiler/preprocesor that currently does this but I didn't really do much research on the subject.</div>\r\n\t\r\n</div> I'm using a struct, which I know <i>should</i> be immutable for various reasons. The 'X' and 'Y' properties have private set accessors so isn't it still immutable for all intents and purposes? again please correct me..<br>\r\n<br>\r\nalso, came across what appears to be a bug with String.Format..<br>\r\n<br>\r\n<div class=\"bbcode_container\">\r\n\t<div class=\"bbcode_description\">Code:</div>\r\n\t<pre class=\"bbcode_code\" style=\"height:53.332px;\">Debug.WriteLine(String.Format(&quot;{{{0:G3}, {1:G3}}}&quot;, 0.00021515, 124.125));\r\nDebug.WriteLine(String.Format(&quot;{0:G3}, {1:G3}&quot;, 0.00021515, 124.125));</pre>\r\n</div>prints:<br>\r\n<br>\r\n{0.000215, G3}<br>\r\n0.000215, 124<br>\r\n<br>\r\nor am I just being dumb?","sanitized_content":"I'm using a struct, which I know should be immutable for various reasons. The 'X' and 'Y' properties have private set accessors so isn't it still immutable for all intents and purposes? again please correct me..\r\n\r\nalso, came across what appears to be a bug with String.Format..\r\n\r\n\r\n\tCode:\r\n\tDebug.WriteLine(String.Format(\"{{{0:G3}, {1:G3}}}\", 0.00021515, 124.125));\r\nDebug.WriteLine(String.Format(\"{0:G3}, {1:G3}\", 0.00021515, 124.125));\r\nprints:\r\n\r\n{0.000215, G3}\r\n0.000215, 124\r\n\r\nor am I just being dumb?","ratings":{}}