{"thread":1398111,"page":17,"author":{"name":"ben1066","info":{"os":"Linux","browser":"Chrome","country":"United Kingdom"},"type":"blue"},"date":1402545600,"number":"663","id":"45081168","content":"<div class=\"quote\">\r\n\t\r\n\t\t<div class=\"information\">\r\n\t\t\t\r\n\t\t\t\t<a href=\"showthread.php?p=45081060#post45081060\" rel=\"nofollow\">Jookia posted:</a>\r\n\t\t\t\r\n\t\t</div>\r\n\t\r\n\t<div class=\"message\">If you're learning, learn something useful: OpenGL. It's cross platform, which actually matters outside academia.</div>\r\n\t\r\n</div> OpenTK is also a fairly nice toolkit. I've also actually found DirectX awkward to get started with in the past, I spent the same time getting a red rectangle in DX as I did getting a model in OpenGL.","sanitized_content":"OpenTK is also a fairly nice toolkit. I've also actually found DirectX awkward to get started with in the past, I spent the same time getting a red rectangle in DX as I did getting a model in OpenGL.","ratings":{"disagree":1,"agree":1}}