{"thread":1398111,"page":17,"author":{"name":"dije","info":{"browser":"Unknown"},"type":"gold"},"date":1402545600,"number":"649","id":"45080837","content":"<div class=\"quote\">\r\n\t\r\n\t\t<div class=\"information\">\r\n\t\t\t\r\n\t\t\t\t<a href=\"showthread.php?p=45080786#post45080786\" rel=\"nofollow\">AnonTakesOver posted:</a>\r\n\t\t\t\r\n\t\t</div>\r\n\t\r\n\t<div class=\"message\">Cross platforming isn't a major thing I'm concerned about right now.<br>\r\nPreferably something that I can do allot more in and is more flexible.</div>\r\n\t\r\n</div> iirc DirectX is easier to get into but you'd probably be better off with learning OpenGL :)","sanitized_content":"iirc DirectX is easier to get into but you'd probably be better off with learning OpenGL :)","ratings":{"agree":2}}