{"thread":1398111,"page":17,"author":{"name":"Tamschi","info":{"os":"Windows 7","browser":"Firefox","country":"Germany"},"type":"blue"},"date":1402545600,"number":"652","id":"45080954","content":"<div class=\"quote\">\r\n\t\r\n\t\t<div class=\"information\">\r\n\t\t\t\r\n\t\t\t\t<a href=\"showthread.php?p=45080070#post45080070\" rel=\"nofollow\">Mega1mpact posted:</a>\r\n\t\t\t\r\n\t\t</div>\r\n\t\r\n\t<div class=\"message\">Can you send me the source for this? I'd love to set up a bot that just collects everything and puts it in a public folder.<br>\r\nIt'll be fun</div>\r\n\t\r\n</div> If you just probe for images you lose the original file name and timestamp, which are preserved if you retrieve it though the <a href=\"http://watchdogs-production.elasticbeanstalk.com/api/pictures/6409029.json\" target=\"_blank\">JSON API</a>.<br>\r\nThe last digit is always ignored, but <a href=\"http://watchdogs-production.elasticbeanstalk.com/api/pictures/64090.json\" target=\"_blank\">you can get different stuff with less digits</a>. (The JSON will contain the truncated number.)","sanitized_content":"If you just probe for images you lose the original file name and timestamp, which are preserved if you retrieve it though the JSON API.\r\nThe last digit is always ignored, but you can get different stuff with less digits. (The JSON will contain the truncated number.)","ratings":{"winner":1}}