{"thread":1398111,"page":17,"author":{"name":"Gran PC","info":{"os":"Mac","browser":"Chrome","country":"Spain"},"type":"blue"},"date":1402545600,"number":"653","id":"45080969","content":"<div class=\"quote\">\r\n\t\r\n\t\t<div class=\"information\">\r\n\t\t\t\r\n\t\t\t\t<a href=\"showthread.php?p=45080070#post45080070\" rel=\"nofollow\">Mega1mpact posted:</a>\r\n\t\t\t\r\n\t\t</div>\r\n\t\r\n\t<div class=\"message\">Can you send me the source for this? I'd love to set up a bot that just collects everything and puts it in a public folder.<br>\r\nIt'll be fun</div>\r\n\t\r\n</div> the source for what? the crawler script is 10 lines of code or so (but i can just give you a list of valid IDs)<br>\n<br>\n<font size=\"1\" color=\"#444444\"><b>Edited:</b></font><br>\n<br>\n<div class=\"quote\">\r\n\t\r\n\t\t<div class=\"information\">\r\n\t\t\t\r\n\t\t\t\t<a href=\"showthread.php?p=45080954#post45080954\" rel=\"nofollow\">Tamschi posted:</a>\r\n\t\t\t\r\n\t\t</div>\r\n\t\r\n\t<div class=\"message\">If you just probe for images you lose the original file name and timestamp, which are preserved if you retrieve it though the <a href=\"http://watchdogs-production.elasticbeanstalk.com/api/pictures/6409029.json\" target=\"_blank\">JSON API</a>.<br>\r\nThe last digit is always ignored, but <a href=\"http://watchdogs-production.elasticbeanstalk.com/api/pictures/64090.json\" target=\"_blank\">you can get different stuff with less digits</a>. (The JSON will contain the truncated number.)</div>\r\n\t\r\n</div> hey, thats interesting -- so not all of them are named 'picture.jpg'.. might just have to redo the scan <img src=\"/fp/emoot/v.gif\" border=\"0\" alt=\"\" title=\"V\" class=\"inlineimg\">","sanitized_content":"the source for what? the crawler script is 10 lines of code or so (but i can just give you a list of valid IDs)\n\nEdited:\n\n hey, thats interesting -- so not all of them are named 'picture.jpg'.. might just have to redo the scan","ratings":{}}