{"thread":1398111,"page":17,"author":{"name":"DoctorSalt","info":{"browser":"Unknown"},"type":"gold"},"date":1402545600,"number":"675","id":"45082960","content":"Are there any good openGL monogame tutorials (I've been doing some XNA before and want to go multiplat). I also heard there are some issues getting the 360 controller to work with opengl in monogame, which might be a deal breaker for now if that's true.<br>\r\n<br>\r\nEDIT: Wow, there seems be be a dearth of material on monogame w/Opengl","sanitized_content":"Are there any good openGL monogame tutorials (I've been doing some XNA before and want to go multiplat). I also heard there are some issues getting the 360 controller to work with opengl in monogame, which might be a deal breaker for now if that's true.\r\n\r\nEDIT: Wow, there seems be be a dearth of material on monogame w/Opengl","ratings":{"agree":1}}