{"thread":1398111,"page":17,"author":{"name":"Arxae","info":{"browser":"Unknown"},"type":"blue"},"date":1402545600,"number":"671","id":"45082164","content":"Added recursive stuff :P<br>\r\nSo this:<br>\r\n<div class=\"bbcode_container\">\r\n\t<div class=\"bbcode_description\">Code:</div>\r\n\t<pre class=\"bbcode_code\" style=\"height:586.652px;\">LABEL Today it is #{WeekDay}; So i will #{Action} together with #{Person}!\r\n\r\nGROUP Action\r\n\tENTRY go out and #{Action2}\r\n\tENTRY #{Action2}\r\nENDGROUP\r\n\r\nGROUP Person\r\n\tENTRY #{MalePerson}\r\n\tENTRY #{FemalePerson}\r\nENDGROUP\r\n\r\nGROUP MalePerson\r\n\tENTRY Mark\r\n\tENTRY Dirk\r\n\tENTRY Jason\r\n\tENTRY Stephen\r\nENDGROUP\r\n\r\nGROUP FemalePerson\r\n\tENTRY Jessica\r\n\tENTRY Elsa\r\n\tENTRY Margo\r\n\tENTRY Anne\r\nENDGROUP\r\n\r\nGROUP Action2\r\n\tENTRY dance\r\n\tENTRY play\r\n\tENTRY sing\r\n\tENTRY fight\r\nENDGROUP\r\n\r\nGROUP WeekDay\r\n\tENTRY Monday\r\n\tENTRY Tuesday\r\n\tENTRY Wednesday\r\n\tENTRY Thursday\r\n\tENTRY Friday\r\n\tENTRY Saturday\r\n\tENTRY Sunday\r\nENDGROUP</pre>\r\n</div>Could become this:<br>\r\n<br>\r\n<div class=\"quote\">\r\n\t\r\n\t<div class=\"message\">Today it is Friday; So i will go out and play together with Mark!</div>\r\n\t\r\n</div>","sanitized_content":"Added recursive stuff :P\r\nSo this:\r\n\r\n\tCode:\r\n\tLABEL Today it is #{WeekDay}; So i will #{Action} together with #{Person}!\r\n\r\nGROUP Action\r\n\tENTRY go out and #{Action2}\r\n\tENTRY #{Action2}\r\nENDGROUP\r\n\r\nGROUP Person\r\n\tENTRY #{MalePerson}\r\n\tENTRY #{FemalePerson}\r\nENDGROUP\r\n\r\nGROUP MalePerson\r\n\tENTRY Mark\r\n\tENTRY Dirk\r\n\tENTRY Jason\r\n\tENTRY Stephen\r\nENDGROUP\r\n\r\nGROUP FemalePerson\r\n\tENTRY Jessica\r\n\tENTRY Elsa\r\n\tENTRY Margo\r\n\tENTRY Anne\r\nENDGROUP\r\n\r\nGROUP Action2\r\n\tENTRY dance\r\n\tENTRY play\r\n\tENTRY sing\r\n\tENTRY fight\r\nENDGROUP\r\n\r\nGROUP WeekDay\r\n\tENTRY Monday\r\n\tENTRY Tuesday\r\n\tENTRY Wednesday\r\n\tENTRY Thursday\r\n\tENTRY Friday\r\n\tENTRY Saturday\r\n\tENTRY Sunday\r\nENDGROUP\r\nCould become this:","ratings":{"programming_king":1}}