{"thread":1398111,"page":17,"author":{"name":"Tamschi","info":{"os":"Windows 7","browser":"Firefox","country":"Germany"},"type":"blue"},"date":1402545600,"number":"673","id":"45082548","content":"<div class=\"quote\">\r\n\t\r\n\t\t<div class=\"information\">\r\n\t\t\t\r\n\t\t\t\t<a href=\"showthread.php?p=45082440#post45082440\" rel=\"nofollow\">Sombrero posted:</a>\r\n\t\t\t\r\n\t\t</div>\r\n\t\r\n\t<div class=\"message\">What I'd do is make the render class an abstract interface, and then make both a DirectX and OpenGL renderer and give the user a choice of which one they want to use when they play/setup.</div>\r\n\t\r\n</div> That would require basically doing the renderer twice, if it's supposed to be optimized.<br>\r\n<br>\r\nIt's far more economical to do just OpenGL since that runs everywhere (except maybe consoles).","sanitized_content":"That would require basically doing the renderer twice, if it's supposed to be optimized.\r\n\r\nIt's far more economical to do just OpenGL since that runs everywhere (except maybe consoles).","ratings":{"agree":3}}