{"thread":1398111,"page":17,"author":{"name":"Tamschi","info":{"os":"Windows 7","browser":"Firefox","country":"Germany"},"type":"blue"},"date":1402545600,"number":"654","id":"45080994","content":"<div class=\"quote\">\r\n\t\r\n\t\t<div class=\"information\">\r\n\t\t\t\r\n\t\t\t\t<a href=\"showthread.php?p=45080969#post45080969\" rel=\"nofollow\">Gran PC posted:</a>\r\n\t\t\t\r\n\t\t</div>\r\n\t\r\n\t<div class=\"message\">[...]<br>\r\n<br>\r\nhey, thats interesting -- so not all of them are named 'picture.jpg'.. might just have to redo the scan <img src=\"/fp/emoot/v.gif\" border=\"0\" alt=\"\" title=\"V\" class=\"inlineimg\"></div>\r\n\t\r\n</div> I was just about to point that out <img src=\"/fp/emoot/v.gif\" border=\"0\" alt=\"\" title=\"V\" class=\"inlineimg\"><br>\r\n<br>\r\nScanning the JSON stuff may be faster for retrieving urls than checking the images anyway though.<br>\r\nI also wonder if there's any pattern in the timestamps, it should be possible to plot them to infer the areas it's most used in as well as the popularity curve since creation.<br>\n<br>\n<font size=\"1\" color=\"#444444\"><b>Edited:</b></font><br>\n<br>\nWhere did you get the &quot;Picture.jpg&quot; from originally anyway? The one I uploaded has a timestamped name from the camera.","sanitized_content":"I was just about to point that out \r\n\r\nScanning the JSON stuff may be faster for retrieving urls than checking the images anyway though.\r\nI also wonder if there's any pattern in the timestamps, it should be possible to plot them to infer the areas it's most used in as well as the popularity curve since creation.\n\nEdited:\n\nWhere did you get the \"Picture.jpg\" from originally anyway? The one I uploaded has a timestamped name from the camera.","ratings":{}}