{"thread":1398111,"page":17,"author":{"name":"Arxae","info":{"browser":"Unknown"},"type":"blue"},"date":1402545600,"number":"647","id":"45080756","content":"<div class=\"quote\">\r\n\t\r\n\t\t<div class=\"information\">\r\n\t\t\t\r\n\t\t\t\t<a href=\"showthread.php?p=45080474#post45080474\" rel=\"nofollow\">AnonTakesOver posted:</a>\r\n\t\t\t\r\n\t\t</div>\r\n\t\r\n\t<div class=\"message\">I am planning to make some muck around test games for learning with Monogame, I plan on making it 2D<br>\r\nShould I go with OpenGL or DirectX?<br>\r\n<br>\r\nAgree - OpenGL<br>\r\nDisagree - DirectX<br>\r\n<br>\r\n<b>EDIT:<br>\r\n</b>Would anyone want to explain why OpenGL is preferred over DirectX? Are there specific reasons or is it favoritism?</div>\r\n\t\r\n</div> I suppose monogame being designed for cross platform.","sanitized_content":"I suppose monogame being designed for cross platform.","ratings":{}}