{"thread":1398111,"page":17,"author":{"name":"Gran PC","info":{"os":"Mac","browser":"Chrome","country":"Spain"},"type":"blue"},"date":1402545600,"number":"664","id":"45081184","content":"<div class=\"quote\">\r\n\t\r\n\t\t<div class=\"information\">\r\n\t\t\t\r\n\t\t\t\t<a href=\"showthread.php?p=45081167#post45081167\" rel=\"nofollow\">Mega1mpact posted:</a>\r\n\t\t\t\r\n\t\t</div>\r\n\t\r\n\t<div class=\"message\">Where can I find the spec on how to do it then?</div>\r\n\t\r\n</div> heres my latest threaded crawler script -- its somewhat more complicated: <a href=\"http://peniscorp.com/veryimage2.lua.txt\" target=\"_blank\">http://peniscorp.com/veryimage2.lua.txt</a><br>\r\n<br>\r\n<font size=\"1\" color=\"#444444\"><b>Edited:</b></font><br>\r\n<br>\r\nthe server seems to be randomly replying 404 &amp; 500 to some requests so keep that in mind if you decide to crawl. i think itd be better if you wait for mine to finish so i can send you the results.<br>\r\n<br>\r\n<font size=\"1\" color=\"#444444\"><b>Edited:</b></font><br>\r\n<br>\r\nheres the list as of a few minutes ago. <a href=\"https://peniscorp.com/imglist.tar.gz\" target=\"_blank\">https://peniscorp.com/imglist.tar.gz</a><br>\r\n<br>\r\nmissing ids: 218296, 218297, 218299, 218301<br>\r\nlast known id: 646948","sanitized_content":"heres my latest threaded crawler script -- its somewhat more complicated: http://peniscorp.com/veryimage2.lua.txt\r\n\r\nEdited:\r\n\r\nthe server seems to be randomly replying 404 & 500 to some requests so keep that in mind if you decide to crawl. i think itd be better if you wait for mine to finish so i can send you the results.\r\n\r\nEdited:\r\n\r\nheres the list as of a few minutes ago. https://peniscorp.com/imglist.tar.gz\r\n\r\nmissing ids: 218296, 218297, 218299, 218301\r\nlast known id: 646948","ratings":{"useful":1}}