{"thread":1398111,"page":17,"author":{"name":"Mega1mpact","info":{"os":"Windows 7","browser":"Firefox","country":"Netherlands"},"type":"gold"},"date":1402545600,"number":"665","id":"45081553","content":"<div class=\"quote\">\r\n\t\r\n\t\t<div class=\"information\">\r\n\t\t\t\r\n\t\t\t\t<a href=\"showthread.php?p=45081184#post45081184\" rel=\"nofollow\">Gran PC posted:</a>\r\n\t\t\t\r\n\t\t</div>\r\n\t\r\n\t<div class=\"message\">heres my latest threaded crawler script -- its somewhat more complicated: <a href=\"http://peniscorp.com/veryimage2.lua.txt\" target=\"_blank\">http://peniscorp.com/veryimage2.lua.txt</a><br>\r\n<br>\r\n<font size=\"1\" color=\"#444444\"><b>Edited:</b></font><br>\r\n<br>\r\nthe server seems to be randomly replying 404 &amp; 500 to some requests so keep that in mind if you decide to crawl. i think itd be better if you wait for mine to finish so i can send you the results.<br>\r\n<br>\r\n<font size=\"1\" color=\"#444444\"><b>Edited:</b></font><br>\r\n<br>\r\nheres the list as of a few minutes ago. <a href=\"https://peniscorp.com/imglist.tar.gz\" target=\"_blank\">https://peniscorp.com/imglist.tar.gz</a><br>\r\n<br>\r\nmissing ids: 218296, 218297, 218299, 218301<br>\r\nlast known id: 646948</div>\r\n\t\r\n</div> Took me 2 min.<br>\r\nActive here: <a href=\"https://rms.sexy/watch_doge/\" target=\"_blank\">https://rms.sexy/watch_doge/</a><br>\r\nSource:<br>\r\n<br>\r\n<div class=\"bbcode_container\">\r\n\t<div class=\"bbcode_description\">Code:</div>\r\n\t<pre class=\"bbcode_code\" style=\"height:506.654px;\">import urllib2\r\nimport os\r\nfrom json import load\r\nfrom threading import Thread\r\n\r\nbaseurl = &quot;http://watchdogs-production.elasticbeanstalk.com/api/pictures/%i0.json&quot;\r\nstorage = &quot;pics&quot;\r\n\r\n\r\ndef checkrange(start, end):\r\n    for i in xrange(start, end):\r\n        #try catch is cost-less in python so why not?\r\n        try:\r\n            json = load(urllib2.urlopen(baseurl % i))\r\n            data = urllib2.urlopen(json['picture']['file']['original']).read()\r\n\t    if len(data) &gt; 100:\r\n                with open(&quot;%s/%i.jpg&quot; % (storage, i), 'wb') as f:\r\n                    f.write(data)\r\n\r\n        except:\r\n            pass\r\n\r\nif __name__ == '__main__':\r\n    print &quot;l337 shit yo&quot;\r\n    if not os.path.exists(storage):\r\n        os.makedirs(storage)\r\n\r\n    threads = 100\r\n    max = 10000000\r\n\r\n    t = []\r\n    d = max/threads\r\n    for i in xrange(0, max-d, d):\r\n        print &quot;%i-%i&quot; % (i, i+d)\r\n        t.append(Thread(target=checkrange, args=(i, i+d)))\r\n        t[-1].start()</pre>\r\n</div><font size=\"1\" color=\"#444444\"><b>Edited:</b></font><br>\r\n<br>\r\nis the %i0 formatting correct? Why do they add a 0 to the end of the id?","sanitized_content":"Took me 2 min.\r\nActive here: https://rms.sexy/watch_doge/\r\nSource:\r\n\r\n\r\n\tCode:\r\n\timport urllib2\r\nimport os\r\nfrom json import load\r\nfrom threading import Thread\r\n\r\nbaseurl = \"http://watchdogs-production.elasticbeanstalk.com/api/pictures/%i0.json\"\r\nstorage = \"pics\"\r\n\r\n\r\ndef checkrange(start, end):\r\n    for i in xrange(start, end):\r\n        #try catch is cost-less in python so why not?\r\n        try:\r\n            json = load(urllib2.urlopen(baseurl % i))\r\n            data = urllib2.urlopen(json['picture']['file']['original']).read()\r\n\t    if len(data) > 100:\r\n                with open(\"%s/%i.jpg\" % (storage, i), 'wb') as f:\r\n                    f.write(data)\r\n\r\n        except:\r\n            pass\r\n\r\nif __name__ == '__main__':\r\n    print \"l337 shit yo\"\r\n    if not os.path.exists(storage):\r\n        os.makedirs(storage)\r\n\r\n    threads = 100\r\n    max = 10000000\r\n\r\n    t = []\r\n    d = max/threads\r\n    for i in xrange(0, max-d, d):\r\n        print \"%i-%i\" % (i, i+d)\r\n        t.append(Thread(target=checkrange, args=(i, i+d)))\r\n        t[-1].start()\r\nEdited:\r\n\r\nis the %i0 formatting correct? Why do they add a 0 to the end of the id?","ratings":{}}