{"thread":1398111,"page":17,"author":{"name":"Tamschi","info":{"os":"Windows 7","browser":"Firefox","country":"Germany"},"type":"blue"},"date":1402545600,"number":"670","id":"45081904","content":"<div class=\"quote\">\r\n\t\r\n\t\t<div class=\"information\">\r\n\t\t\t\r\n\t\t\t\t<a href=\"showthread.php?p=45081578#post45081578\" rel=\"nofollow\">Gran PC posted:</a>\r\n\t\t\t\r\n\t\t</div>\r\n\t\r\n\t<div class=\"message\">the number at the end can be anything. idk why they do that.</div>\r\n\t\r\n</div> It's in the barcode too, I assume it's a checksum so people don't accidentally get others' photos.<br>\r\nThe app probably validates it clientside.","sanitized_content":"It's in the barcode too, I assume it's a checksum so people don't accidentally get others' photos.\r\nThe app probably validates it clientside.","ratings":{"funny":2}}