{"thread":1398111,"page":17,"author":{"name":"Sidneys1","info":{"browser":"Unknown"},"type":"blue"},"date":1402545600,"number":"674","id":"45082823","content":"Ok, so, totally new here, so I'll try not to take too much of your time. I'm a C# developer, and my most recent project is an RPG (haven't really started on that part yet) with a save structure based on a tree-node system similar to Minecraft's NBT structure, if you're familiar with that. The basic nodes are ObjectNodes, for storing classes, ListNodes, for arrays/lists, and then Int/String/Double/etcNodes for data values.<br>\r\n<br>\r\nOriginally I had a constructor in each game class that took in a root node as a parameter and manually parsed the tree to populate its properties. I really hated this solution, since I'd have to write a few hundred lines of code for each class with more than a few properties.<br>\r\n<br>\r\nSooo I decided to write a neat little generic method in the ObjectNode class that uses property attributes and reflection to generate an construct any class properly with syntax like so:<br>\r\n<div class=\"bbcode_container\">\r\n\t<div class=\"bbcode_description\">Code:</div>\r\n\t<pre class=\"bbcode_code\" style=\"height:39.999px;\">playerNode.Instantiate&lt;Player&gt;();</pre>\r\n</div>Properties in Player have an attribute describing the node name and type that back it like so:<br>\r\n<div class=\"bbcode_container\">\r\n\t<div class=\"bbcode_description\">Code:</div>\r\n\t<pre class=\"bbcode_code\" style=\"height:53.332px;\">[NodeProperty(typeof(StringNode), &quot;Name&quot;)]\r\npublic string Name { get; set; }</pre>\r\n</div>This is all pretty straightforward reflection, but the tricky part ended up being how to instantiate child ListNodes. For example, the Player class contains an inventory of type List&lt;Items&gt;, but those items could be of any subclass of Item, such as Weapon or Food, etc. So I added three optional parameters to the attribute to help describe ListNodes:<br>\r\n<div class=\"bbcode_container\">\r\n\t<div class=\"bbcode_description\">Code:</div>\r\n\t<pre class=\"bbcode_code\" style=\"height:53.332px;\">[NodeProperty(typeof(ListNode), &quot;Inventory&quot;, typeof(ObjectNode), &quot;HeartOfGold.Engine.Items.{0},HeartOfGold.Engine&quot;, &quot;Category&quot;)]\r\npublic List&lt;Item&gt; Inventory { get; set; }</pre>\r\n</div>The first new parameter describes the expected type of child nodes (DataNodes don't need reflection magics, but ObjectNodes do), the second is a format string to use as a classpath lookup, and the third is the name of the StringNode within any ObjectNodes in the list that defines the object's exact class name. An item of type Weapon : Item will have a &quot;Category&quot; tag with the value &quot;Weapon&quot;. This gets formatted into the classpath lookup as &quot;HeartOfGold.Engine.Items.Weapon,HeartOfGold.Engin  e&quot; and the Type class can generate a generic from it.<br>\r\n<br>\r\nSo yeah, that's what I've been working on... Any suggestions would be helpful! I'm sure there's a lot of optimization that could be done.","sanitized_content":"Ok, so, totally new here, so I'll try not to take too much of your time. I'm a C# developer, and my most recent project is an RPG (haven't really started on that part yet) with a save structure based on a tree-node system similar to Minecraft's NBT structure, if you're familiar with that. The basic nodes are ObjectNodes, for storing classes, ListNodes, for arrays/lists, and then Int/String/Double/etcNodes for data values.\r\n\r\nOriginally I had a constructor in each game class that took in a root node as a parameter and manually parsed the tree to populate its properties. I really hated this solution, since I'd have to write a few hundred lines of code for each class with more than a few properties.\r\n\r\nSooo I decided to write a neat little generic method in the ObjectNode class that uses property attributes and reflection to generate an construct any class properly with syntax like so:\r\n\r\n\tCode:\r\n\tplayerNode.Instantiate<Player>();\r\nProperties in Player have an attribute describing the node name and type that back it like so:\r\n\r\n\tCode:\r\n\t[NodeProperty(typeof(StringNode), \"Name\")]\r\npublic string Name { get; set; }\r\nThis is all pretty straightforward reflection, but the tricky part ended up being how to instantiate child ListNodes. For example, the Player class contains an inventory of type List<Items>, but those items could be of any subclass of Item, such as Weapon or Food, etc. So I added three optional parameters to the attribute to help describe ListNodes:\r\n\r\n\tCode:\r\n\t[NodeProperty(typeof(ListNode), \"Inventory\", typeof(ObjectNode), \"HeartOfGold.Engine.Items.{0},HeartOfGold.Engine\", \"Category\")]\r\npublic List<Item> Inventory { get; set; }\r\nThe first new parameter describes the expected type of child nodes (DataNodes don't need reflection magics, but ObjectNodes do), the second is a format string to use as a classpath lookup, and the third is the name of the StringNode within any ObjectNodes in the list that defines the object's exact class name. An item of type Weapon : Item will have a \"Category\" tag with the value \"Weapon\". This gets formatted into the classpath lookup as \"HeartOfGold.Engine.Items.Weapon,HeartOfGold.Engin  e\" and the Type class can generate a generic from it.\r\n\r\nSo yeah, that's what I've been working on... Any suggestions would be helpful! I'm sure there's a lot of optimization that could be done.","ratings":{"friendly":2,"winner":1}}