{"thread":1398111,"page":17,"author":{"name":"Jookia","info":{"os":"Linux","browser":"Firefox","country":"Australia"},"type":"gold"},"date":1402545600,"number":"660","id":"45081060","content":"<div class=\"quote\">\r\n\t\r\n\t\t<div class=\"information\">\r\n\t\t\t\r\n\t\t\t\t<a href=\"showthread.php?p=45080474#post45080474\" rel=\"nofollow\">AnonTakesOver posted:</a>\r\n\t\t\t\r\n\t\t</div>\r\n\t\r\n\t<div class=\"message\">I am planning to make some muck around test games for learning with Monogame, I plan on making it 2D<br>\r\nShould I go with OpenGL or DirectX?<br>\r\n<br>\r\nAgree - OpenGL<br>\r\nDisagree - DirectX<br>\r\n<br>\r\n<b>EDIT:<br>\r\n</b>Would anyone want to explain why OpenGL is preferred over DirectX? Are there specific reasons or is it favoritism?</div>\r\n\t\r\n</div> <div class=\"quote\">\r\n\t\r\n\t\t<div class=\"information\">\r\n\t\t\t\r\n\t\t\t\t<a href=\"showthread.php?p=45080786#post45080786\" rel=\"nofollow\">AnonTakesOver posted:</a>\r\n\t\t\t\r\n\t\t</div>\r\n\t\r\n\t<div class=\"message\">Cross platforming isn't a major thing I'm concerned about right now.<br>\r\nPreferably something that I can do allot more in and is more flexible.</div>\r\n\t\r\n</div> If you're learning, learn something useful: OpenGL. It's cross platform, which actually matters outside academia.","sanitized_content":"If you're learning, learn something useful: OpenGL. It's cross platform, which actually matters outside academia.","ratings":{"agree":2,"friendly":1}}