{"thread":1398111,"page":17,"author":{"name":"Darwin226","info":{"browser":"Unknown"},"type":"gold"},"date":1402545600,"number":"679","id":"45084390","content":"<div class=\"quote\">\r\n\t\r\n\t\t<div class=\"information\">\r\n\t\t\t\r\n\t\t\t\t<a href=\"showthread.php?p=45083575#post45083575\" rel=\"nofollow\">Lemmingz95 posted:</a>\r\n\t\t\t\r\n\t\t</div>\r\n\t\r\n\t<div class=\"message\">I'm using a struct, which I know <i>should</i> be immutable for various reasons. The 'X' and 'Y' properties have private set accessors so isn't it still immutable for all intents and purposes? again please correct me..</div>\r\n\t\r\n</div> It's not immutable if you're mutating it :D<br>\r\nBut local mutation would be fine except that if your operator is public and it does the mutation via the private setters, then it's effectively a globally mutable structure (the terminology here is made up (I think)).<br>\r\n<br>\r\nDon't get me wrong. I don't think you're making a mistake. My comment was just a general observation I've made relatively recently.","sanitized_content":"It's not immutable if you're mutating it :D\r\nBut local mutation would be fine except that if your operator is public and it does the mutation via the private setters, then it's effectively a globally mutable structure (the terminology here is made up (I think)).\r\n\r\nDon't get me wrong. I don't think you're making a mistake. My comment was just a general observation I've made relatively recently.","ratings":{"agree":2}}