{"thread":1398111,"page":17,"author":{"name":"Gran PC","info":{"os":"Mac","browser":"Chrome","country":"Spain"},"type":"blue"},"date":1402545600,"number":"661","id":"45081128","content":"wait what...<br>\r\n<br>\r\n<a href=\"http://puu.sh/9q7Bu/9179f60a24.png\"><img src=\"http://puu.sh/9q7Bu/9179f60a24.png\" border=\"0\" class=\"thumbnail\"></a><br>\r\n<br>\r\noops.<br>\r\n<br>\r\n<img src=\"http://puu.sh/9q7Dj/a98042030a.png\" border=\"0\" alt=\"\">","sanitized_content":"wait what...\r\n\r\n\r\n\r\noops.","ratings":{"funny":10}}