{"thread":1398111,"page":15,"author":{"name":"Gmod4ever","info":{"os":"Windows 7","browser":"Chrome","country":"United States"},"type":"gold"},"date":1402459200,"number":"570","id":"45069759","content":"<div class=\"quote\">\r\n\t\r\n\t\t<div class=\"information\">\r\n\t\t\t\r\n\t\t\t\t<a href=\"showthread.php?p=45069733#post45069733\" rel=\"nofollow\">Quark: posted:</a>\r\n\t\t\t\r\n\t\t</div>\r\n\t\r\n\t<div class=\"message\">It's not designed for encrypting files though, it's designed for encrypting messages.<br>\r\n<br>\r\nThe &quot;ideal&quot; use (aka: not going to happen since this project isn't going to <i>actually</i> go anywhere <img src=\"/fp/emoot/v.gif\" border=\"0\" alt=\"\" title=\"V\" class=\"inlineimg\">) would be for people in areas of censorship or strict monitoring.  <br>\r\n<br>\r\nIt would ideally be used by two or more people electronically communicating, agreeing non-verbally on a password (&quot;the password is the name of the city where we met&quot;), and then use it to encrypt their messages that they send to one another.</div>\r\n\t\r\n</div> Now you're talking yourself into a circle.<br>\r\n<br>\r\nFirst you said you don't intend to release, but to keep it to yourself (security through obscurity).<br>\r\n<br>\r\nThen you turn around and say you intend to use it for encrypting messages, which surely implies that <b>at least</b> two people have a copy of the program - and more importantly, one of them isn't you.<br>\r\n<br>\r\nAs soon as you open that can of worms, even if you keep it super-secret cool-kids-club whats-the-secret-passphrase, you may as well just release it publicly. It only takes one copy for information to go public - see: Wikileaks.<br>\r\n<br>\r\nJust to be clear, I don't mean to sound like I'm riding your ass and dragging it against the grindstone. I'm just trying to make it perfectly clear that the claim you're making about the algorithm's security is a very serious one in cryptanalytics, and that if you don't mean it in that precise context, you should clearly state as such or avoid using the terminology. Especially on forums like this one, where there is a respectable amount of people who are involved into cryptanalytics and reverse engineering.<br>\r\n<br>\r\nIt'd be akin to walking into an esteemed science convention and shouting loudly &quot;I have a theory about why my coffee was cold this morning.&quot; In the context being used, it is blatant abuse of the terminology.","sanitized_content":"Now you're talking yourself into a circle.\r\n\r\nFirst you said you don't intend to release, but to keep it to yourself (security through obscurity).\r\n\r\nThen you turn around and say you intend to use it for encrypting messages, which surely implies that at least two people have a copy of the program - and more importantly, one of them isn't you.\r\n\r\nAs soon as you open that can of worms, even if you keep it super-secret cool-kids-club whats-the-secret-passphrase, you may as well just release it publicly. It only takes one copy for information to go public - see: Wikileaks.\r\n\r\nJust to be clear, I don't mean to sound like I'm riding your ass and dragging it against the grindstone. I'm just trying to make it perfectly clear that the claim you're making about the algorithm's security is a very serious one in cryptanalytics, and that if you don't mean it in that precise context, you should clearly state as such or avoid using the terminology. Especially on forums like this one, where there is a respectable amount of people who are involved into cryptanalytics and reverse engineering.\r\n\r\nIt'd be akin to walking into an esteemed science convention and shouting loudly \"I have a theory about why my coffee was cold this morning.\" In the context being used, it is blatant abuse of the terminology.","ratings":{"agree":13,"dumb":1}}