{"thread":1398111,"page":15,"author":{"name":"Arxae","info":{"browser":"Unknown"},"type":"blue"},"date":1402459200,"number":"593","id":"45070734","content":"H_IDE .. such techspeak :|<br>\r\n<br>\r\nI think the people who know &quot;hacking&quot; is gonna increase by a huge margin thanks to watchdogs &gt;_&gt;<br>\r\n<br>\r\nAlso encrypted. Don't make me laugh :p i think it's a bad idea to say the picture is encrypted. It's definitely a bad idea saying it's encrypted with what :P","sanitized_content":"H_IDE .. such techspeak :|\r\n\r\nI think the people who know \"hacking\" is gonna increase by a huge margin thanks to watchdogs >_>\r\n\r\nAlso encrypted. Don't make me laugh :p i think it's a bad idea to say the picture is encrypted. It's definitely a bad idea saying it's encrypted with what :P","ratings":{"agree":1}}