{"thread":1398111,"page":15,"author":{"name":"Quark:","info":{"os":"Windows Vista","browser":"Firefox","country":"United States"},"type":"blue"},"date":1402459200,"number":"568","id":"45069738","content":"<div class=\"quote\">\r\n\t\r\n\t\t<div class=\"information\">\r\n\t\t\t\r\n\t\t\t\t<a href=\"showthread.php?p=45069732#post45069732\" rel=\"nofollow\">Tamschi posted:</a>\r\n\t\t\t\r\n\t\t</div>\r\n\t\r\n\t<div class=\"message\">If it's encryption it can't resemble base64 because that's not encryption.<br>\r\n<br>\r\nYour <i>output</i> resembles that of base64 because you're encoding the binary result of your algorithm similarly.<br>\r\nSaying that the algorithm resembles it based on how the output looks is an incredibly stupid notion.</div>\r\n\t\r\n</div> I was stating that the output resembles base64 sometimes because it's followed by equal signs occasionally.  That's all I was saying.  The algorithm has nothing to do with base64.  I think you're completely misunderstanding everything I've said.<br>\r\n<br>\r\n<div class=\"quote\">\r\n\t\r\n\t\t<div class=\"information\">\r\n\t\t\t\r\n\t\t\t\t<a href=\"showthread.php?p=45069735#post45069735\" rel=\"nofollow\">Tamschi posted:</a>\r\n\t\t\t\r\n\t\t</div>\r\n\t\r\n\t<div class=\"message\">So that means as soon as you release it it's endangering people through it's insecurity?</div>\r\n\t\r\n</div> If it gets into the hands of someone malicious who reverse engineers it, the security might be dented but nobody would be &quot;endangered&quot; (unless they were discussing highly detailed plans for assassinating the head of their country and it was intercepted and cracked)","sanitized_content":"I was stating that the output resembles base64 sometimes because it's followed by equal signs occasionally.  That's all I was saying.  The algorithm has nothing to do with base64.  I think you're completely misunderstanding everything I've said.\r\n\r\n If it gets into the hands of someone malicious who reverse engineers it, the security might be dented but nobody would be \"endangered\" (unless they were discussing highly detailed plans for assassinating the head of their country and it was intercepted and cracked)","ratings":{"dumb":7}}