{"thread":1398111,"page":15,"author":{"name":"Xystus234","info":{"os":"Windows 7","browser":"Chrome","country":"United States"},"type":"gold"},"date":1402459200,"number":"569","id":"45069742","content":"Shadows:<br>\r\n<img src=\"http://s28.postimg.org/ieftha3il/shadows.png\" border=\"0\" alt=\"\"><br>\r\n<br>\r\nNot hard to do actually. Just made it so that instead of only flying units everything casts a shadow. <br>\r\n<br>\r\nExcept buildings under construction but that's due to the way they handle textures but that's going to be fixed easily. Also did a lot of work for the random maps making sure they always generate a viable map. Spent 4 hours on that fixing a bug that didn't even exist, stupidly enough. <br>\r\n<br>\r\nAlso new test level. Aptly named test_level_2.","sanitized_content":"Shadows:\r\n\r\n\r\nNot hard to do actually. Just made it so that instead of only flying units everything casts a shadow. \r\n\r\nExcept buildings under construction but that's due to the way they handle textures but that's going to be fixed easily. Also did a lot of work for the random maps making sure they always generate a viable map. Spent 4 hours on that fixing a bug that didn't even exist, stupidly enough. \r\n\r\nAlso new test level. Aptly named test_level_2.","ratings":{"winner":6,"artistic":1}}