{"thread":1398111,"page":15,"author":{"name":"cra0kalo","info":{"os":"Windows 7","browser":"Chrome","country":"United Kingdom"},"type":"gold"},"date":1402459200,"number":"595","id":"45070791","content":"bahahaha what a joke<br>\r\n<br>\r\n<a href=\"https://delbpnt2y7t41.cloudfront.net/uploads/picture/picture_file/640890/picture.jpg\" target=\"_blank\">https://delbpnt2y7t41.cloudfront.net...90/picture.jpg</a><br>\r\n<br>\r\nincrement etc<br>\r\n<a href=\"https://delbpnt2y7t41.cloudfront.net/uploads/picture/picture_file/640882/picture.jpg\" target=\"_blank\">https://delbpnt2y7t41.cloudfront.net...82/picture.jpg</a><br>\r\n<br>\r\ncats anyone?<br>\r\n<a href=\"https://delbpnt2y7t41.cloudfront.net/uploads/picture/picture_file/640885/picture.jpg\" target=\"_blank\">https://delbpnt2y7t41.cloudfront.net...85/picture.jpg</a>","sanitized_content":"bahahaha what a joke\r\n\r\nhttps://delbpnt2y7t41.cloudfront.net...90/picture.jpg\r\n\r\nincrement etc\r\nhttps://delbpnt2y7t41.cloudfront.net...82/picture.jpg\r\n\r\ncats anyone?\r\nhttps://delbpnt2y7t41.cloudfront.net...85/picture.jpg","ratings":{"funny":2}}