{"thread":1398111,"page":15,"author":{"name":"Gmod4ever","info":{"os":"Windows 7","browser":"Chrome","country":"United States"},"type":"gold"},"date":1402459200,"number":"563","id":"45069698","content":"<div class=\"quote\">\r\n\t\r\n\t\t<div class=\"information\">\r\n\t\t\t\r\n\t\t\t\t<a href=\"showthread.php?p=45069666#post45069666\" rel=\"nofollow\">Quark: posted:</a>\r\n\t\t\t\r\n\t\t</div>\r\n\t\r\n\t<div class=\"message\">By limiting the number of people who use the application I can virtually guarantee the strength</div>\r\n\t\r\n</div> One could argue that by doing so, you're not assessing the strength of your algorithm, but the security of your encrypted files. They're not the same with necessity. In general, they are very similar, but in cases such as this, the difference becomes fairly distinct.<br>\r\n<br>\r\nI can argue that a simple deadlock is an unbreakable, unpickable, undefeatable lock, if I put the lock in a 30-foot-thick concrete box and drop it into the bottom of the Mariana Trench and never tell anyone about it.<br>\r\n<br>\r\nJust because no one can get to it, doesn't mean it's a good lock. <img src=\"/fp/emoot/v.gif\" border=\"0\" alt=\"\" title=\"V\" class=\"inlineimg\">","sanitized_content":"One could argue that by doing so, you're not assessing the strength of your algorithm, but the security of your encrypted files. They're not the same with necessity. In general, they are very similar, but in cases such as this, the difference becomes fairly distinct.\r\n\r\nI can argue that a simple deadlock is an unbreakable, unpickable, undefeatable lock, if I put the lock in a 30-foot-thick concrete box and drop it into the bottom of the Mariana Trench and never tell anyone about it.\r\n\r\nJust because no one can get to it, doesn't mean it's a good lock.","ratings":{"agree":6}}