{"thread":1398111,"page":15,"author":{"name":"Tamschi","info":{"os":"Windows 7","browser":"Firefox","country":"Germany"},"type":"blue"},"date":1402459200,"number":"577","id":"45069860","content":"<div class=\"quote\">\r\n\t\r\n\t\t<div class=\"information\">\r\n\t\t\t\r\n\t\t\t\t<a href=\"showthread.php?p=45069738#post45069738\" rel=\"nofollow\">Quark: posted:</a>\r\n\t\t\t\r\n\t\t</div>\r\n\t\r\n\t<div class=\"message\">I was stating that the output resembles base64 sometimes because it's followed by equal signs occasionally.  That's all I was saying.  The algorithm has nothing to do with base64.  I think you're completely misunderstanding everything I've said.</div>\r\n\t\r\n</div> I asked you about the algorithm in the first place though. You didn't answer that question properly which I pointed out.<br>\r\n <br>\r\n<div class=\"quote\">\r\n\t\r\n\t<div class=\"message\">If it gets into the hands of someone malicious who reverse engineers it, the security might be dented but nobody would be &quot;endangered&quot; (unless they were discussing highly detailed plans for assassinating the head of their country and it was intercepted and cracked)</div>\r\n\t\r\n</div> If they want to discuss trivial stuff why encrypt it in the first place.<br>\r\n<br>\r\nAlso, you introduce a side-channel attack this way due making assumptions about the use. (Which is ridiculous by itself, people <b>will</b> misuse software if it's possible.)","sanitized_content":"I asked you about the algorithm in the first place though. You didn't answer that question properly which I pointed out.\r\n \r\n If they want to discuss trivial stuff why encrypt it in the first place.\r\n\r\nAlso, you introduce a side-channel attack this way due making assumptions about the use. (Which is ridiculous by itself, people will misuse software if it's possible.)","ratings":{"dumb":1}}