{"thread":1398111,"page":15,"author":{"name":"Jookia","info":{"os":"Linux","browser":"Firefox","country":"Australia"},"type":"gold"},"date":1402459200,"number":"580","id":"45069956","content":"I think we can all agree that it violates good cryptography standards, i.e. everything should be published and open to know except for the key and still have it secure. But it doesn't matter because there's bigger issues with encryption.<br>\n<br>\n<font size=\"1\" color=\"#444444\"><b>Edited:</b></font><br>\n<br>\n<div class=\"quote\">\r\n\t\r\n\t\t<div class=\"information\">\r\n\t\t\t\r\n\t\t\t\t<a href=\"showthread.php?p=45069742#post45069742\" rel=\"nofollow\">Xystus234 posted:</a>\r\n\t\t\t\r\n\t\t</div>\r\n\t\r\n\t<div class=\"message\">Shadows:<br>\r\n<img src=\"http://s28.postimg.org/ieftha3il/shadows.png\" border=\"0\" alt=\"\"><br>\r\n<br>\r\nNot hard to do actually. Just made it so that instead of only flying units everything casts a shadow. <br>\r\n<br>\r\nExcept buildings under construction but that's due to the way they handle textures but that's going to be fixed easily. Also did a lot of work for the random maps making sure they always generate a viable map. Spent 4 hours on that fixing a bug that didn't even exist, stupidly enough. <br>\r\n<br>\r\nAlso new test level. Aptly named test_level_2.</div>\r\n\t\r\n</div> Your game's looking really good, man.","sanitized_content":"I think we can all agree that it violates good cryptography standards, i.e. everything should be published and open to know except for the key and still have it secure. But it doesn't matter because there's bigger issues with encryption.\n\nEdited:\n\n Your game's looking really good, man.","ratings":{"agree":4}}