{"thread":1398111,"page":15,"author":{"name":"Tamschi","info":{"os":"Windows 7","browser":"Firefox","country":"Germany"},"type":"blue"},"date":1402459200,"number":"592","id":"45070691","content":"<div class=\"quote\">\r\n\t\r\n\t\t<div class=\"information\">\r\n\t\t\t\r\n\t\t\t\t<a href=\"showthread.php?p=45070409#post45070409\" rel=\"nofollow\">Arxae posted:</a>\r\n\t\t\t\r\n\t\t</div>\r\n\t\r\n\t<div class=\"message\">It's probably as much encryption as watchdogs had actual hacking :P<br>\r\n<br>\r\n[...]</div>\r\n\t\r\n</div> 100% correct. <a href=\"http://watchdogs-production.elasticbeanstalk.com/api/messages/nemgmmh.json\" target=\"_blank\">It uses plain HTTP and JSON.</a><br>\r\n<br>\r\nI'll make a scraper when I'm back from uni.<br>\r\n<br>\r\n<font size=\"1\" color=\"#444444\"><b>Edited:</b></font><br>\r\n<br>\r\n<a href=\"http://watchdogs-production.elasticbeanstalk.com/api/pictures/6409029.json\" target=\"_blank\">Wow this is crap.</a><br>\r\n<br>\r\n<img src=\"http://delbpnt2y7t41.cloudfront.net/uploads/picture/picture_file/640902/IMG_1400787773157.jpg\" border=\"0\" alt=\"\"><br>\r\n<img src=\"http://delbpnt2y7t41.cloudfront.net/uploads/picture/picture_file/640902/encoded_IMG_1400787773157.jpg\" border=\"0\" alt=\"\">","sanitized_content":"100% correct. It uses plain HTTP and JSON.\r\n\r\nI'll make a scraper when I'm back from uni.\r\n\r\nEdited:\r\n\r\nWow this is crap.","ratings":{"funny":10}}