{"thread":1398111,"page":15,"author":{"name":"ben1066","info":{"os":"Linux","browser":"Chrome","country":"United Kingdom"},"type":"blue"},"date":1402459200,"number":"598","id":"45071642","content":"<div class=\"quote\">\r\n\t\r\n\t\t<div class=\"information\">\r\n\t\t\t\r\n\t\t\t\t<a href=\"showthread.php?p=45071511#post45071511\" rel=\"nofollow\">alexaz posted:</a>\r\n\t\t\t\r\n\t\t</div>\r\n\t\r\n\t<div class=\"message\">What?<br>\r\n<a href=\"http://delbpnt2y7t41.cloudfront.net/uploads/picture/picture_file/37/picture.jpg\"><img src=\"http://delbpnt2y7t41.cloudfront.net/uploads/picture/picture_file/37/picture.jpg\" border=\"0\" class=\"thumbnail\"></a></div>\r\n\t\r\n</div> <a href=\"http://delbpnt2y7t41.cloudfront.net/uploads/picture/picture_file/200/picture.jpg\"><img src=\"http://delbpnt2y7t41.cloudfront.net/uploads/picture/picture_file/200/picture.jpg\" border=\"0\" class=\"thumbnail\"></a><br>\r\n<br>\r\nHeh, their development office (H_ide.xcodeproj)","sanitized_content":"Heh, their development office (H_ide.xcodeproj)","ratings":{"winner":6,"funny":2}}