{"thread":1398111,"page":15,"author":{"name":"Gmod4ever","info":{"os":"Windows 7","browser":"Chrome","country":"United States"},"type":"gold"},"date":1402459200,"number":"561","id":"45069632","content":"<div class=\"quote\">\r\n\t\r\n\t\t<div class=\"information\">\r\n\t\t\t\r\n\t\t\t\t<a href=\"showthread.php?p=45069599#post45069599\" rel=\"nofollow\">Quark: posted:</a>\r\n\t\t\t\r\n\t\t</div>\r\n\t\r\n\t<div class=\"message\">This is why I said you can't crack it without the application and the password.  If you wanted, you could just run it through a reflector and figure it out without any problem looking at the source code.<br>\r\n<br>\r\nThe fact that I'm the only one with the program lends to it's (current) security.</div>\r\n\t\r\n</div> I guess if you intend to only use it as a personal encryption, and never release it to the public, it'd be secure by obscurity. That'd imply you intend to only use it to encrypt personal data, and even then, that could provide enough material for a particularly malicious individual to crack the algorithm, provided they gain access to your machine and grab all of the data you've encrypted with it. Not as ideal as having the program and the ability to see how the algorithm mutates plaintext, but it <b>could</b> be enough.<br>\r\n<br>\r\nHell, for that matter, if someone gained access to your machine and decided to steal your encrypted files, they may as well steal your program (or its source code) as well, and then the argument of security through obscurity goes out the window, because suddenly someone else has the program. <img src=\"/fp/emoot/v.gif\" border=\"0\" alt=\"\" title=\"V\" class=\"inlineimg\"><br>\r\n<br>\r\nHowever, I don't think security through obscurity is considered a valid argument for strength in the cryptanalysis world. I don't think saying your encryption is nigh unbreakable is considered valid, when your argument for it is that no one else can physically use it. <img src=\"/fp/emoot/v.gif\" border=\"0\" alt=\"\" title=\"V\" class=\"inlineimg\"><br>\r\n<br>\r\n<font size=\"1\" color=\"#444444\"><b>Edited:</b></font><br>\r\n<br>\r\nAlso, in response to your &quot;you could just [...] figure it out without any problem looking at the source code,&quot; that's not entirely accurate if the encryption depends at all on data related to the key (which any good encryption algorithm would). Even if you can reverse the steps, you can't very well reverse the key - which is one of the major points of having keys in the first place. The challenge becomes finding the key, then, which one could argue was the challenge all along, since all you need is the key and the decrypting program - you don't need to be able to go from the encrypted text straight to the plaintext all in one go, without using any intermediation. You just need to be able to get to the plaintext through some path, and using the decrypting program is a perfectly legitimate node along said path.","sanitized_content":"I guess if you intend to only use it as a personal encryption, and never release it to the public, it'd be secure by obscurity. That'd imply you intend to only use it to encrypt personal data, and even then, that could provide enough material for a particularly malicious individual to crack the algorithm, provided they gain access to your machine and grab all of the data you've encrypted with it. Not as ideal as having the program and the ability to see how the algorithm mutates plaintext, but it could be enough.\r\n\r\nHell, for that matter, if someone gained access to your machine and decided to steal your encrypted files, they may as well steal your program (or its source code) as well, and then the argument of security through obscurity goes out the window, because suddenly someone else has the program. \r\n\r\nHowever, I don't think security through obscurity is considered a valid argument for strength in the cryptanalysis world. I don't think saying your encryption is nigh unbreakable is considered valid, when your argument for it is that no one else can physically use it. \r\n\r\nEdited:\r\n\r\nAlso, in response to your \"you could just [...] figure it out without any problem looking at the source code,\" that's not entirely accurate if the encryption depends at all on data related to the key (which any good encryption algorithm would). Even if you can reverse the steps, you can't very well reverse the key - which is one of the major points of having keys in the first place. The challenge becomes finding the key, then, which one could argue was the challenge all along, since all you need is the key and the decrypting program - you don't need to be able to go from the encrypted text straight to the plaintext all in one go, without using any intermediation. You just need to be able to get to the plaintext through some path, and using the decrypting program is a perfectly legitimate node along said path.","ratings":{"agree":11}}