{"thread":1398111,"page":15,"author":{"name":"Darwin226","info":{"browser":"Unknown"},"type":"gold"},"date":1402459200,"number":"591","id":"45070550","content":"<div class=\"quote\">\r\n\t\r\n\t\t<div class=\"information\">\r\n\t\t\t\r\n\t\t\t\t<a href=\"showthread.php?p=45069872#post45069872\" rel=\"nofollow\">Map in a box posted:</a>\r\n\t\t\t\r\n\t\t</div>\r\n\t\r\n\t<div class=\"message\">Sheesh stop complaining about how secure or insecure it is, he made it for fun no doubt, i don't think the worlds' governments are going to use it or anything silly.</div>\r\n\t\r\n</div> This isn't programming related but here's a video that the situation reminds me of <a href=\"https://www.youtube.com/watch?v=Dc9j_5nCZG8\" target=\"_blank\">https://www.youtube.com/watch?v=Dc9j_5nCZG8</a><br>\r\n<br>\r\nYes. He is saying it's a toy project. Yes. He is saying nobody will use it. The issue isn't there. It's in the wording. He's saying people won't use it because it won't get popular, not because he doesn't want them to use it. It implies that on the off chance that it DOES get popular, he wouldn't stand in it's way and that's a bad thing in this situation.","sanitized_content":"This isn't programming related but here's a video that the situation reminds me of https://www.youtube.com/watch?v=Dc9j_5nCZG8\r\n\r\nYes. He is saying it's a toy project. Yes. He is saying nobody will use it. The issue isn't there. It's in the wording. He's saying people won't use it because it won't get popular, not because he doesn't want them to use it. It implies that on the off chance that it DOES get popular, he wouldn't stand in it's way and that's a bad thing in this situation.","ratings":{"agree":3}}