{"thread":1398111,"page":15,"author":{"name":"Quark:","info":{"os":"Windows Vista","browser":"Firefox","country":"United States"},"type":"blue"},"date":1402459200,"number":"566","id":"45069733","content":"<div class=\"quote\">\r\n\t\r\n\t\t<div class=\"information\">\r\n\t\t\t\r\n\t\t\t\t<a href=\"showthread.php?p=45069698#post45069698\" rel=\"nofollow\">Gmod4ever posted:</a>\r\n\t\t\t\r\n\t\t</div>\r\n\t\r\n\t<div class=\"message\">One could argue that by doing so, you're not assessing the strength of your algorithm, but the security of your encrypted files. They're not the same with necessity. In general, they are very similar, but in cases such as this, the difference becomes fairly distinct.<br>\r\n<br>\r\nI can argue that a simple deadlock is an unbreakable, unpickable, undefeatable lock, if I put the lock in a 30-foot-thick concrete box and drop it into the bottom of the Mariana Trench and never tell anyone about it.<br>\r\n<br>\r\nJust because no one can get to it, doesn't mean it's a good lock. <img src=\"/fp/emoot/v.gif\" border=\"0\" alt=\"\" title=\"V\" class=\"inlineimg\"></div>\r\n\t\r\n</div> It's not designed for encrypting files though, it's designed for encrypting messages.<br>\r\n<br>\r\nThe &quot;ideal&quot; use (aka: not going to happen since this project isn't going to <i>actually</i> go anywhere <img src=\"/fp/emoot/v.gif\" border=\"0\" alt=\"\" title=\"V\" class=\"inlineimg\">) would be for people in areas of censorship or strict monitoring.  <br>\r\n<br>\r\nIt would ideally be used by two or more people electronically communicating, agreeing non-verbally on a password (&quot;the password is the name of the city where we met&quot;), and then use it to encrypt their messages that they send to one another.","sanitized_content":"It's not designed for encrypting files though, it's designed for encrypting messages.\r\n\r\nThe \"ideal\" use (aka: not going to happen since this project isn't going to actually go anywhere ) would be for people in areas of censorship or strict monitoring.  \r\n\r\nIt would ideally be used by two or more people electronically communicating, agreeing non-verbally on a password (\"the password is the name of the city where we met\"), and then use it to encrypt their messages that they send to one another.","ratings":{"dumb":3}}