{"thread":1398111,"page":15,"author":{"name":"Tamschi","info":{"os":"Windows 7","browser":"Firefox","country":"Germany"},"type":"blue"},"date":1402459200,"number":"567","id":"45069735","content":"<div class=\"quote\">\r\n\t\r\n\t\t<div class=\"information\">\r\n\t\t\t\r\n\t\t\t\t<a href=\"showthread.php?p=45069599#post45069599\" rel=\"nofollow\">Quark: posted:</a>\r\n\t\t\t\r\n\t\t</div>\r\n\t\r\n\t<div class=\"message\">This is why I said you can't crack it without the application and the password.  If you wanted, you could just run it through a reflector and figure it out without any problem looking at the source code.<br>\r\n<br>\r\nThe fact that I'm the only one with the program lends to it's (current) security.</div>\r\n\t\r\n</div> So that means as soon as you release it it's endangering people through it's insecurity?","sanitized_content":"So that means as soon as you release it it's endangering people through it's insecurity?","ratings":{"agree":5}}