{"thread":1398111,"page":15,"author":{"name":"alexaz","info":{"browser":"Unknown"},"type":"blue"},"date":1402459200,"number":"597","id":"45071511","content":"<div class=\"quote\">\r\n\t\r\n\t\t<div class=\"information\">\r\n\t\t\t\r\n\t\t\t\t<a href=\"showthread.php?p=45070851#post45070851\" rel=\"nofollow\">Gran PC posted:</a>\r\n\t\t\t\r\n\t\t</div>\r\n\t\r\n\t<div class=\"message\"><img src=\"http://puu.sh/9oHKT/452589e20f.png\" border=\"0\" alt=\"\"><br>\r\n<br>\r\n<font size=\"1\" color=\"#444444\"><b>Edited:</b></font><br>\r\n<br>\r\n<a href=\"http://peniscorp.com/wow.html\" target=\"_blank\">http://peniscorp.com/wow.html</a><br>\r\n<br>\r\n<font size=\"1\" color=\"#444444\"><b>Edited:</b></font><br>\r\n<br>\r\nthis one updates live -- but it'll probably kill your browser. does anyone have a js snippet to make images only load when they're visible on screen? <a href=\"http://peniscorp.com/cgi-bin/wow.lua\" target=\"_blank\">http://peniscorp.com/cgi-bin/wow.lua</a><br>\r\n<br>\r\n<font size=\"1\" color=\"#444444\"><b>Edited:</b></font><br>\r\n<br>\r\ndone -- shouldnt kill browsers anymore.</div>\r\n\t\r\n</div> What?<br>\r\n<a href=\"http://delbpnt2y7t41.cloudfront.net/uploads/picture/picture_file/37/picture.jpg\"><img src=\"http://delbpnt2y7t41.cloudfront.net/uploads/picture/picture_file/37/picture.jpg\" border=\"0\" class=\"thumbnail\"></a>","sanitized_content":"What?","ratings":{"funny":4}}