{"thread":1398111,"page":15,"author":{"name":"Quark:","info":{"os":"Windows Vista","browser":"Firefox","country":"United States"},"type":"blue"},"date":1402459200,"number":"562","id":"45069666","content":"<div class=\"quote\">\r\n\t\r\n\t\t<div class=\"information\">\r\n\t\t\t\r\n\t\t\t\t<a href=\"showthread.php?p=45069632#post45069632\" rel=\"nofollow\">Gmod4ever posted:</a>\r\n\t\t\t\r\n\t\t</div>\r\n\t\r\n\t<div class=\"message\">I guess if you intend to only use it as a personal encryption, and never release it to the public, it'd be secure by obscurity. That'd imply you intend to only use it to encrypt personal data, and even then, that could provide enough material for a particularly malicious individual to crack the algorithm, provided they gain access to your machine and grab all of the data you've encrypted with it. Not as ideal as having the program and the ability to see how the algorithm mutates plaintext, but it <b>could</b> be enough.<br>\r\n<br>\r\nHell, for that matter, if someone gained access to your machine and decided to steal your encrypted files, they may as well steal your program (or its source code) as well, and then the argument of security through obscurity goes out the window, because suddenly someone else has the program. <img src=\"/fp/emoot/v.gif\" border=\"0\" alt=\"\" title=\"V\" class=\"inlineimg\"><br>\r\n<br>\r\nHowever, I don't think security through obscurity is considered a valid argument for strength in the cryptanalysis world. I don't think saying your encryption is nigh unbreakable is considered valid, when your argument for it is that no one else can physically use it. <img src=\"/fp/emoot/v.gif\" border=\"0\" alt=\"\" title=\"V\" class=\"inlineimg\"></div>\r\n\t\r\n</div> By limiting the number of people who use the application I can virtually guarantee the strength<br>\r\n<br>\r\n<div class=\"quote\">\r\n\t\r\n\t\t<div class=\"information\">\r\n\t\t\t\r\n\t\t\t\t<a href=\"showthread.php?p=45069623#post45069623\" rel=\"nofollow\">Map in a box posted:</a>\r\n\t\t\t\r\n\t\t</div>\r\n\t\r\n\t<div class=\"message\">encrypt &quot;hello&quot; and give us the output</div>\r\n\t\r\n</div> I'm assuming you don't want the password<br>\r\n<br>\r\nG5StCFTTMfYYZH5+AOQEfg==","sanitized_content":"By limiting the number of people who use the application I can virtually guarantee the strength\r\n\r\n I'm assuming you don't want the password\r\n\r\nG5StCFTTMfYYZH5+AOQEfg==","ratings":{"dumb":7}}