{"thread":1398111,"page":15,"author":{"name":"Arxae","info":{"browser":"Unknown"},"type":"blue"},"date":1402459200,"number":"588","id":"45070409","content":"It's probably as much encryption as watchdogs had actual hacking :P<br>\r\n<br>\r\n<div class=\"quote\">\r\n\t\r\n\t<div class=\"message\">penis based text encryption: The encrypted data is converted to various penises of different sizes, lengths, positions, widths etc and drawn onto a png or svg or whatever.<br>\r\n<br>\r\ndamn it now I kinda want to make that</div>\r\n\t\r\n</div> Encrypt text using obscure porn slang. Unbreakable unless you immerse yourself into the 70s porn scene :P","sanitized_content":"It's probably as much encryption as watchdogs had actual hacking :P\r\n\r\n Encrypt text using obscure porn slang. Unbreakable unless you immerse yourself into the 70s porn scene :P","ratings":{"winner":1}}