{"thread":1398111,"page":15,"author":{"name":"Tamschi","info":{"os":"Windows 7","browser":"Firefox","country":"Germany"},"type":"blue"},"date":1402459200,"number":"587","id":"45070370","content":"<div class=\"quote\">\r\n\t\r\n\t\t<div class=\"information\">\r\n\t\t\t\r\n\t\t\t\t<a href=\"showthread.php?p=45070351#post45070351\" rel=\"nofollow\">AnonTakesOver posted:</a>\r\n\t\t\t\r\n\t\t</div>\r\n\t\r\n\t<div class=\"message\">What the hell is that, what's the app called? What does it do?</div>\r\n\t\r\n</div> Fake encryption <img src=\"/fp/emoot/v.gif\" border=\"0\" alt=\"\" title=\"V\" class=\"inlineimg\"><br>\r\n<br>\r\nWe're in the process of whaling it.<br>\r\n<br>\r\n<font size=\"1\" color=\"#444444\"><b>Edited:</b></font><br>\r\n<br>\r\nOnce we find the actual code.<br>\r\n<br>\r\nTbh this is my first time touching an apk <img src=\"/fp/emoot/suicide.gif\" border=\"0\" alt=\"\" title=\"Suicide\" class=\"inlineimg\">","sanitized_content":"Fake encryption \r\n\r\nWe're in the process of whaling it.\r\n\r\nEdited:\r\n\r\nOnce we find the actual code.\r\n\r\nTbh this is my first time touching an apk","ratings":{}}