{"thread":1398111,"page":15,"author":{"name":"Icedshot","info":{"os":"Windows 7","browser":"Chrome","country":"United Kingdom"},"type":"blue"},"date":1402459200,"number":"590","id":"45070449","content":"Hooray! I got 2D textures in 3D space working<br>\r\n<br>\r\n<img src=\"https://dl.dropboxusercontent.com/u/9317774/WHAT%21.PNG\" border=\"0\" alt=\"\"><br>\r\n<br>\r\n<img src=\"https://dl.dropboxusercontent.com/u/9317774/pickagain.PNG\" border=\"0\" alt=\"\"><br>\r\n<br>\r\nIts cut off a bit at the top or bottom because I currently pick the kernel size wrong. Also I don't actually check if pixels are within the rectangle so there are black bars too, heh<br>\r\n<br>\r\nStill though, its nice to not have to be working out the inverse of rotate -&gt; project -&gt; rotate -&gt; project while debugging across the pcie bus (20 second long frames woo!). Frametime is much better than I expected, rendering that only takes 300 microseconds (regardless of size which is odd)<br>\r\n<br>\r\nThis means I can start working on the ingame (literally in-world monitors) UI!","sanitized_content":"Hooray! I got 2D textures in 3D space working\r\n\r\n\r\n\r\n\r\n\r\nIts cut off a bit at the top or bottom because I currently pick the kernel size wrong. Also I don't actually check if pixels are within the rectangle so there are black bars too, heh\r\n\r\nStill though, its nice to not have to be working out the inverse of rotate -> project -> rotate -> project while debugging across the pcie bus (20 second long frames woo!). Frametime is much better than I expected, rendering that only takes 300 microseconds (regardless of size which is odd)\r\n\r\nThis means I can start working on the ingame (literally in-world monitors) UI!","ratings":{"winner":2}}