{"thread":1398111,"page":15,"author":{"name":"Quark:","info":{"os":"Windows Vista","browser":"Firefox","country":"United States"},"type":"blue"},"date":1402459200,"number":"572","id":"45069779","content":"<div class=\"quote\">\r\n\t\r\n\t\t<div class=\"information\">\r\n\t\t\t\r\n\t\t\t\t<a href=\"showthread.php?p=45069759#post45069759\" rel=\"nofollow\">Gmod4ever posted:</a>\r\n\t\t\t\r\n\t\t</div>\r\n\t\r\n\t<div class=\"message\">Now you're talking yourself into a circle.<br>\r\n<br>\r\nFirst you said you don't intend to release, but to keep it to yourself (security through obscurity).<br>\r\n<br>\r\nThen you turn around and say you intend to use it for encrypting messages, which surely implies that <b>at least</b> two people have a copy of the program - and more importantly, one of them isn't you.<br>\r\n<br>\r\nAs soon as you open that can of worms, even if you keep it super-secret cool-kids-club whats-the-secret-passphrase, you may as well just release it publicly. It only takes one copy for information to go public - see: Wikileaks.</div>\r\n\t\r\n</div> I didn't say I don't intend to release it, I said that by not releasing it it would remain secure.  I then explained it's <i>ideal use</i>.  The reality is that it's pointless to release in any case because nobody would actually use it.  You're making a tonne of implications that aren't there.<br>\r\n<br>\r\n<div class=\"quote\">\r\n\t\r\n\t\t<div class=\"information\">\r\n\t\t\t\r\n\t\t\t\t<a href=\"showthread.php?p=45069764#post45069764\" rel=\"nofollow\">Map in a box posted:</a>\r\n\t\t\t\r\n\t\t</div>\r\n\t\r\n\t<div class=\"message\">ok give me the password :v</div>\r\n\t\r\n</div> You got your pudding on my proof <img src=\"/fp/emoot/v.gif\" border=\"0\" alt=\"\" title=\"V\" class=\"inlineimg\"><br>\r\n<br>\r\nIt's almost 3am and I'm going to bed now","sanitized_content":"I didn't say I don't intend to release it, I said that by not releasing it it would remain secure.  I then explained it's ideal use.  The reality is that it's pointless to release in any case because nobody would actually use it.  You're making a tonne of implications that aren't there.\r\n\r\n You got your pudding on my proof \r\n\r\nIt's almost 3am and I'm going to bed now","ratings":{"dumb":6}}