{"thread":1398111,"page":15,"author":{"name":"Bladezor","info":{"browser":"Unknown"},"type":"gold"},"date":1402459200,"number":"578","id":"45069866","content":"Cryptography is all about worst case scenarios. It's trust in math and logic, not people, who are inherently untrustworthy (see human nature, capitalism, NSA).<br>\r\n<br>\r\nObscurity holds no value in Cryptography.","sanitized_content":"Cryptography is all about worst case scenarios. It's trust in math and logic, not people, who are inherently untrustworthy (see human nature, capitalism, NSA).\r\n\r\nObscurity holds no value in Cryptography.","ratings":{"agree":24}}