{"thread":1398111,"page":15,"author":{"name":"Map in a box","info":{"os":"Windows 7","browser":"Firefox","country":"United States"},"type":"blue"},"date":1402459200,"number":"579","id":"45069872","content":"Sheesh stop complaining about how secure or insecure it is, he made it for fun no doubt, i don't think the worlds' governments are going to use it or anything silly.","sanitized_content":"Sheesh stop complaining about how secure or insecure it is, he made it for fun no doubt, i don't think the worlds' governments are going to use it or anything silly.","ratings":{"agree":17}}