{"thread":1398111,"page":15,"author":{"name":"Mega1mpact","info":{"os":"Windows 7","browser":"Firefox","country":"Netherlands"},"type":"gold"},"date":1402459200,"number":"583","id":"45070138","content":"<div class=\"quote\">\r\n\t\r\n\t\t<div class=\"information\">\r\n\t\t\t\r\n\t\t\t\t<a href=\"showthread.php?p=45070108#post45070108\" rel=\"nofollow\">Arxae posted:</a>\r\n\t\t\t\r\n\t\t</div>\r\n\t\r\n\t<div class=\"message\">It's saying penises isn't it?</div>\r\n\t\r\n</div> penis based text encryption:  The encrypted data is converted to various penises of different sizes, lengths, positions, widths etc and drawn onto a png or svg or whatever.<br>\r\n<br>\r\ndamn it now I kinda want to make that","sanitized_content":"penis based text encryption:  The encrypted data is converted to various penises of different sizes, lengths, positions, widths etc and drawn onto a png or svg or whatever.\r\n\r\ndamn it now I kinda want to make that","ratings":{"funny":10}}