{"thread":1398111,"page":15,"author":{"name":"Map in a box","info":{"os":"Windows 7","browser":"Firefox","country":"United States"},"type":"blue"},"date":1402459200,"number":"576","id":"45069829","content":"fien i'll decrypt it without the password once I wake up.<br>\r\nbut for a challenge for those that are bored, here's a 5 minute made encryption:<br>\r\n<div class=\"quote\">\r\n\t\r\n\t<div class=\"message\">original: &quot;bacon cheeseburger&quot;<br>\r\npassword: &quot;onion&quot;<br>\r\nencrypted: &quot;obnaicoonn/`ncihoene&#8962;cneib&#8962;e~bogneyb&quot;<br>\r\n<br>\r\noriginal: &quot;killer bees&quot;<br>\r\npassword: &quot;will.i.am&quot;<br>\r\nencrypted: &quot;g{iilln,ie~&quot;!`mbguie|c&quot;<br>\r\n<br>\r\noriginal: &quot;drop dead fred&quot;<br>\r\npassword: &quot;died&quot;<br>\r\nencrypted: &quot;ddybeot`$`ideedadd)`eftbdeid&quot;</div>\r\n\t\r\n</div> using that, decrypt this:<br>\r\n<div class=\"quote\">\r\n\t\r\n\t<div class=\"message\">original: &quot;if&quot; ...<br>\r\npassword: starts with the letter 'b'<br>\r\nencrypted: &quot;bibv)`tynoue)prcbuied{.`eai}ri&quot;<br>\r\noriginal has 4 words</div>\r\n\t\r\n</div> it should be decryptable so consider this an experiment","sanitized_content":"fien i'll decrypt it without the password once I wake up.\r\nbut for a challenge for those that are bored, here's a 5 minute made encryption:\r\n using that, decrypt this:\r\n it should be decryptable so consider this an experiment","ratings":{}}