{"thread":1398111,"page":15,"author":{"name":"Tamschi","info":{"os":"Windows 7","browser":"Firefox","country":"Germany"},"type":"blue"},"date":1402459200,"number":"574","id":"45069818","content":"<div class=\"quote\">\r\n\t\r\n\t\t<div class=\"information\">\r\n\t\t\t\r\n\t\t\t\t<a href=\"showthread.php?p=45069733#post45069733\" rel=\"nofollow\">Quark: posted:</a>\r\n\t\t\t\r\n\t\t</div>\r\n\t\r\n\t<div class=\"message\">It's not designed for encrypting files though, it's designed for encrypting messages.<br>\r\n<br>\r\nThe &quot;ideal&quot; use (aka: not going to happen since this project isn't going to <i>actually</i> go anywhere <img src=\"/fp/emoot/v.gif\" border=\"0\" alt=\"\" title=\"V\" class=\"inlineimg\">) would be for people in areas of censorship or strict monitoring.  <br>\r\n<br>\r\nIt would ideally be used by two or more people electronically communicating, agreeing non-verbally on a password (&quot;the password is the name of the city where we met&quot;), and then use it to encrypt their messages that they send to one another.</div>\r\n\t\r\n</div> This is not how it works, you can do a ton of attacks even if the algorithm isn't known (unless it's actually a good one).<br>\r\n<br>\r\nJust go with a strong known cipher like AES-256 so your program is actually secure even if it leaks.","sanitized_content":"This is not how it works, you can do a ton of attacks even if the algorithm isn't known (unless it's actually a good one).\r\n\r\nJust go with a strong known cipher like AES-256 so your program is actually secure even if it leaks.","ratings":{"agree":3}}