{"thread":1398111,"page":15,"author":{"name":"cra0kalo","info":{"os":"Windows 7","browser":"Chrome","country":"United Kingdom"},"type":"gold"},"date":1402459200,"number":"599","id":"45071728","content":"someone uploaded a picture of their username/password of their gmail account not very smart<br>\r\n<br>\r\nDon't worry I emailed them the photo <br>\r\n<img src=\"http://puu.sh/9oQny.jpg\" border=\"0\" alt=\"\">","sanitized_content":"someone uploaded a picture of their username/password of their gmail account not very smart\r\n\r\nDon't worry I emailed them the photo","ratings":{"winner":14,"funny":11,"friendly":3}}