{"thread":1398111,"page":15,"author":{"name":"Tamschi","info":{"os":"Windows 7","browser":"Firefox","country":"Germany"},"type":"blue"},"date":1402459200,"number":"594","id":"45070743","content":"Nice, NSFW on the 2nd try <img src=\"/fp/emoot/v.gif\" border=\"0\" alt=\"\" title=\"V\" class=\"inlineimg\"><br>\r\n<br>\r\nThe image numbers seem to be sequential, but the last digit doesn't count.<br>\r\n(Probably a checksum for the app, the webservice doesn't verify it.)","sanitized_content":"Nice, NSFW on the 2nd try \r\n\r\nThe image numbers seem to be sequential, but the last digit doesn't count.\r\n(Probably a checksum for the app, the webservice doesn't verify it.)","ratings":{}}