{"thread":1398111,"page":15,"author":{"name":"AnonTakesOver","info":{"os":"Windows 7","browser":"Chrome","country":"Australia"},"type":"blue"},"date":1402459200,"number":"575","id":"45069825","content":"I think this is getting quite off track and people should start posting more about their progress and drop the crypto shit, let him deal with it, also, you could take it to PM's or start a crypt discussion, since many off you seem to have many opinions on it.<br>\n<br>\nAnyway, I'm bored during school breaks and such, so I am making my own fruitbots emulator since I have no creativity, it's good because I am doing it all on my phone using an app called touchlua that lets me code lua, it has a draw library aswell,<br>\nNothing to show now, I am quiet novice and I was quiet amazed when I managed to get grids drawing, I made some decent artworks attempting to make a RandomxRandom grid.","sanitized_content":"I think this is getting quite off track and people should start posting more about their progress and drop the crypto shit, let him deal with it, also, you could take it to PM's or start a crypt discussion, since many off you seem to have many opinions on it.\n\nAnyway, I'm bored during school breaks and such, so I am making my own fruitbots emulator since I have no creativity, it's good because I am doing it all on my phone using an app called touchlua that lets me code lua, it has a draw library aswell,\nNothing to show now, I am quiet novice and I was quiet amazed when I managed to get grids drawing, I made some decent artworks attempting to make a RandomxRandom grid.","ratings":{"disagree":5,"agree":3,"informative":1}}