{"thread":1398111,"page":15,"author":{"name":"Tobba","info":{"browser":"Unknown"},"type":"gold"},"date":1402459200,"number":"589","id":"45070419","content":"<div class=\"quote\">\r\n\t\r\n\t\t<div class=\"information\">\r\n\t\t\t\r\n\t\t\t\t<a href=\"showthread.php?p=45069666#post45069666\" rel=\"nofollow\">Quark: posted:</a>\r\n\t\t\t\r\n\t\t</div>\r\n\t\r\n\t<div class=\"message\">By limiting the number of people who use the application I can virtually guarantee the strength<br>\n<br>\n<br>\n <br>\nI'm assuming you don't want the password<br>\n<br>\nG5StCFTTMfYYZH5+AOQEfg==</div>\r\n\t\r\n</div> Post the algorithm and I'll tear it apart<br>\nCryptanalysis only knowing plaintexts and ciphertexts is possible but not worth my time, although with so few (two) known plaintexts it may be very impractical/impossible to do so","sanitized_content":"Post the algorithm and I'll tear it apart\nCryptanalysis only knowing plaintexts and ciphertexts is possible but not worth my time, although with so few (two) known plaintexts it may be very impractical/impossible to do so","ratings":{"agree":2}}