{"thread":1398111,"page":15,"author":{"name":"AnonTakesOver","info":{"os":"Windows 7","browser":"Chrome","country":"Australia"},"type":"blue"},"date":1402459200,"number":"586","id":"45070351","content":"<div class=\"quote\">\r\n\t\r\n\t\t<div class=\"information\">\r\n\t\t\t\r\n\t\t\t\t<a href=\"showthread.php?p=45070157#post45070157\" rel=\"nofollow\">Tamschi posted:</a>\r\n\t\t\t\r\n\t\t</div>\r\n\t\r\n\t<div class=\"message\"><img src=\"https://dl.dropboxusercontent.com/u/5013896/forum/Facepunch/Programming%20WAYWO/6.2014/Screenshot_2014-06-11-11-10-20.png\" border=\"0\" alt=\"\"><br>\r\n<br>\r\n<img src=\"/fp/emoot/rolleyes.gif\" border=\"0\" alt=\"\" title=\"Rolleyes\" class=\"inlineimg\"><img src=\"/fp/emoot/rolleyes.gif\" border=\"0\" alt=\"\" title=\"Rolleyes\" class=\"inlineimg\"><img src=\"/fp/emoot/rolleyes.gif\" border=\"0\" alt=\"\" title=\"Rolleyes\" class=\"inlineimg\"><img src=\"/fp/emoot/rolleyes.gif\" border=\"0\" alt=\"\" title=\"Rolleyes\" class=\"inlineimg\"><img src=\"/fp/emoot/rolleyes.gif\" border=\"0\" alt=\"\" title=\"Rolleyes\" class=\"inlineimg\"></div>\r\n\t\r\n</div>  What the hell is that, what's the app called? What does it do?","sanitized_content":"What the hell is that, what's the app called? What does it do?","ratings":{"agree":2}}