{"thread":1398111,"page":15,"author":{"name":"Gran PC","info":{"os":"Mac","browser":"Chrome","country":"Spain"},"type":"blue"},"date":1402459200,"number":"596","id":"45070851","content":"<img src=\"http://puu.sh/9oHKT/452589e20f.png\" border=\"0\" alt=\"\"><br>\r\n<br>\r\n<font size=\"1\" color=\"#444444\"><b>Edited:</b></font><br>\r\n<br>\r\n<a href=\"http://peniscorp.com/wow.html\" target=\"_blank\">http://peniscorp.com/wow.html</a><br>\r\n<br>\r\n<font size=\"1\" color=\"#444444\"><b>Edited:</b></font><br>\r\n<br>\r\nthis one updates live -- but it'll probably kill your browser. does anyone have a js snippet to make images only load when they're visible on screen? <a href=\"http://peniscorp.com/cgi-bin/wow.lua\" target=\"_blank\">http://peniscorp.com/cgi-bin/wow.lua</a><br>\r\n<br>\r\n<font size=\"1\" color=\"#444444\"><b>Edited:</b></font><br>\r\n<br>\r\ndone -- shouldnt kill browsers anymore.","sanitized_content":"Edited:\r\n\r\nhttp://peniscorp.com/wow.html\r\n\r\nEdited:\r\n\r\nthis one updates live -- but it'll probably kill your browser. does anyone have a js snippet to make images only load when they're visible on screen? http://peniscorp.com/cgi-bin/wow.lua\r\n\r\nEdited:\r\n\r\ndone -- shouldnt kill browsers anymore.","ratings":{"winner":7,"programming_king":1,"funny":1,"artistic":1}}