{"thread":1398111,"page":15,"author":{"name":"Tamschi","info":{"os":"Windows 7","browser":"Firefox","country":"Germany"},"type":"blue"},"date":1402459200,"number":"565","id":"45069732","content":"<div class=\"quote\">\r\n\t\r\n\t\t<div class=\"information\">\r\n\t\t\t\r\n\t\t\t\t<a href=\"showthread.php?p=45069343#post45069343\" rel=\"nofollow\">Quark: posted:</a>\r\n\t\t\t\r\n\t\t</div>\r\n\t\r\n\t<div class=\"message\">Can you please elaborate?  Do you doubt the strength of the encryption or are you just being silly?<br>\r\n<br>\r\nI'm not using base64, it just resembles it sometimes.</div>\r\n\t\r\n</div> If it's encryption it can't resemble base64 because that's not encryption.<br>\r\n<br>\r\nYour <i>output</i> resembles that of base64 because you're encoding the binary result of your algorithm similarly.<br>\r\nSaying that the algorithm resembles it based on how the output looks is an incredibly stupid notion.","sanitized_content":"If it's encryption it can't resemble base64 because that's not encryption.\r\n\r\nYour output resembles that of base64 because you're encoding the binary result of your algorithm similarly.\r\nSaying that the algorithm resembles it based on how the output looks is an incredibly stupid notion.","ratings":{}}