{"thread":1398111,"page":15,"author":{"name":"Gmod4ever","info":{"os":"Windows 7","browser":"Chrome","country":"United States"},"type":"gold"},"date":1402459200,"number":"573","id":"45069795","content":"<div class=\"quote\">\r\n\t\r\n\t\t<div class=\"information\">\r\n\t\t\t\r\n\t\t\t\t<a href=\"showthread.php?p=45069779#post45069779\" rel=\"nofollow\">Quark: posted:</a>\r\n\t\t\t\r\n\t\t</div>\r\n\t\r\n\t<div class=\"message\">I didn't say I don't intend to release it, I said that by not releasing it it would remain secure.  I then explained it's <i>ideal use</i>.  The reality is that it's pointless to release in any case because nobody would actually use it.  You're making a tonne of implications that aren't there.</div>\r\n\t\r\n</div> Well that's just silly then. I could say that by shooting myself in the head I can prevent myself from getting lung cancer. That doesn't mean I'm going to shoot myself in the head for fear of the possibility of getting lung cancer, though.<br>\r\n<br>\r\n<div class=\"quote\">\r\n\t\r\n\t\t<div class=\"information\">\r\n\t\t\t\r\n\t\t\t\tQuark: posted:\r\n\t\t\t\r\n\t\t</div>\r\n\t\r\n\t<div class=\"message\">If it gets into the hands of someone malicious who reverse engineers it, the security might be dented but nobody would be &quot;endangered&quot; (unless they were discussing highly detailed plans for assassinating the head of their country and it was intercepted and cracked)</div>\r\n\t\r\n</div> <br>\r\nYou shouldn't judge the security risk that results from the event of your algorithm being cracked based on the content it is being used to encrypt. Put another way, you should assume that <b>every</b> use of your algorithm is to encrypt highly-detailed plans to assassinate country leaders.<br>\r\n<br>\r\nI think I've made my point painfully clear now, though, so I'm not going to pursue this any farther. If you still want to bury your head in the sand and refuse to either accept you made an unsubstantiated claim, or just provide the algorithm and/or a program using it for proper analytics to be run on, then be my guest. I'll let someone else nag you further about it.","sanitized_content":"Well that's just silly then. I could say that by shooting myself in the head I can prevent myself from getting lung cancer. That doesn't mean I'm going to shoot myself in the head for fear of the possibility of getting lung cancer, though.\r\n\r\n \r\nYou shouldn't judge the security risk that results from the event of your algorithm being cracked based on the content it is being used to encrypt. Put another way, you should assume that every use of your algorithm is to encrypt highly-detailed plans to assassinate country leaders.\r\n\r\nI think I've made my point painfully clear now, though, so I'm not going to pursue this any farther. If you still want to bury your head in the sand and refuse to either accept you made an unsubstantiated claim, or just provide the algorithm and/or a program using it for proper analytics to be run on, then be my guest. I'll let someone else nag you further about it.","ratings":{"agree":7}}