{"thread":1398111,"page":19,"author":{"name":"Berkin","info":{"browser":"Unknown"},"type":"gold"},"date":1402632000,"number":"746","id":"45096958","content":"<div class=\"quote\">\r\n\t\r\n\t\t<div class=\"information\">\r\n\t\t\t\r\n\t\t\t\t<a href=\"showthread.php?p=45096898#post45096898\" rel=\"nofollow\">Bladezor posted:</a>\r\n\t\t\t\r\n\t\t</div>\r\n\t\r\n\t<div class=\"message\">I'm trying to get back into the 3D graphics side of things however I've touched pretty much every aspect of engine development. UI, Physics, I/O, Audio, Toolkit, asset management, etc.<br>\r\n<br>\r\nI'm on my phone right now but if you look up Quadrion engine on YouTube that was an engine a team of 3 of us built from the ground up in C++ utilizing DX and PhysX. <br>\r\n<br>\r\nWhat language are y'all utilizing? My C++ is a bit rusty, C# is my &quot;main&quot; language.</div>\r\n\t\r\n</div> You're in luck. We're using C#.","sanitized_content":"You're in luck. We're using C#.","ratings":{"winner":1}}