{"thread":1398111,"page":19,"author":{"name":"Cold","info":{"os":"Windows 7","browser":"Chrome","country":"United Kingdom"},"type":"gold"},"date":1402718400,"number":"755","id":"45097975","content":"<div class=\"quote\">\r\n\t\r\n\t\t<div class=\"information\">\r\n\t\t\t\r\n\t\t\t\t<a href=\"showthread.php?p=45097676#post45097676\" rel=\"nofollow\">geel9 posted:</a>\r\n\t\t\t\r\n\t\t</div>\r\n\t\r\n\t<div class=\"message\"><a href=\"http://geel.io/post/88710536090/efficient-bitpacking-in-lemma\" target=\"_blank\">http://geel.io/post/88710536090/effi...cking-in-lemma</a></div>\r\n\t\r\n</div> No offense, but that must be the worst way of storing voxels i have ever seen.<br>\r\n<br>\r\nData-structures like Octrees, are perfect for things like this, and can easily reduce the size by a factor 10.","sanitized_content":"No offense, but that must be the worst way of storing voxels i have ever seen.\r\n\r\nData-structures like Octrees, are perfect for things like this, and can easily reduce the size by a factor 10.","ratings":{"agree":4}}