{"thread":1398111,"page":19,"author":{"name":"CarLuver69","info":{"os":"Windows 7","browser":"Firefox","country":"United States"},"type":"blue"},"date":1402632000,"number":"750","id":"45097435","content":"<div class=\"quote\">\r\n\t\r\n\t\t<div class=\"information\">\r\n\t\t\t\r\n\t\t\t\t<a href=\"showthread.php?p=45096772#post45096772\" rel=\"nofollow\">Berkin posted:</a>\r\n\t\t\t\r\n\t\t</div>\r\n\t\r\n\t<div class=\"message\">It is indeed 3D. We're trying to get a rendering pipeline nailed down right now, and I'm working on some scripting stuff (namely Manhood integration). It's all still in the early stages, so nothing is set in stone quite yet.<br>\r\n<br>\r\nWe are in need of a framework for working with models, specifically the IQM format, and loading the data into the proper buffers. If that's something you would be interested in working on, I'd be happy to let you help. I'll talk to Tamschi when he's online and figure out exactly what we need done.</div>\r\n\t\r\n</div> I am definitely interested! I've done this sort of thing before, so I'd have no problem helping out.","sanitized_content":"I am definitely interested! I've done this sort of thing before, so I'd have no problem helping out.","ratings":{"friendly":1}}