{"thread":1398111,"page":19,"author":{"name":"CarLuver69","info":{"os":"Windows 7","browser":"Firefox","country":"United States"},"type":"blue"},"date":1402632000,"number":"742","id":"45096688","content":"<div class=\"quote\">\r\n\t\r\n\t\t<div class=\"information\">\r\n\t\t\t\r\n\t\t\t\t<a href=\"showthread.php?p=45096464#post45096464\" rel=\"nofollow\">Berkin posted:</a>\r\n\t\t\t\r\n\t\t</div>\r\n\t\r\n\t<div class=\"message\">I'm working on a custom engine with Tamschi, it would be cool to have some other talents in on it too. What do you specialize in?</div>\r\n\t\r\n</div> Is it a 3D engine? I'd be interested in possibly helping out. My main area of work involves file I/O stuff. I can do other stuff too, though.","sanitized_content":"Is it a 3D engine? I'd be interested in possibly helping out. My main area of work involves file I/O stuff. I can do other stuff too, though.","ratings":{}}