{"thread":1398111,"page":19,"author":{"name":"Sidneys1","info":{"browser":"Unknown"},"type":"blue"},"date":1402632000,"number":"733","id":"45093843","content":"Did some cleaning up of my code, added comments, and slapped it up on pastebin for anyone who's interested. I didn't include the entire Object/List/String/EtcNode class(es), but the method goes in the ObjectNode class, and the rest is fairly self-explanatory. Also threw in the definition for the PropertyAttribute I used. Feel free to use it if you've got a tree-node based structure you want to parse to objects with reflection and generic methods!<br>\r\n<br>\r\n<a href=\"http://pastebin.com/jEmqvg4y\" target=\"_blank\">http://pastebin.com/jEmqvg4y</a><br>\r\n<br>\r\nToDo:<br>\r\n * Split a few things into separate methods for code reusability and recursion (currently cannot parse a ListNode inside a ListNode)<br>\r\n * Allow ChildClassPathTag to be hierarchical, e.g. &quot;Info.Category&quot; would look for the class path in a node named Category that was a subnode of a node named Info.<br>\r\n<br>\r\nSuggestions are welcome! Also, just let me know if you folks prefer long [CODE] blocks over pastebin links. I just went for the convenient route and stuffed it there.","sanitized_content":"Did some cleaning up of my code, added comments, and slapped it up on pastebin for anyone who's interested. I didn't include the entire Object/List/String/EtcNode class(es), but the method goes in the ObjectNode class, and the rest is fairly self-explanatory. Also threw in the definition for the PropertyAttribute I used. Feel free to use it if you've got a tree-node based structure you want to parse to objects with reflection and generic methods!\r\n\r\nhttp://pastebin.com/jEmqvg4y\r\n\r\nToDo:\r\n * Split a few things into separate methods for code reusability and recursion (currently cannot parse a ListNode inside a ListNode)\r\n * Allow ChildClassPathTag to be hierarchical, e.g. \"Info.Category\" would look for the class path in a node named Category that was a subnode of a node named Info.\r\n\r\nSuggestions are welcome! Also, just let me know if you folks prefer long [CODE] blocks over pastebin links. I just went for the convenient route and stuffed it there.","ratings":{}}