{"thread":1398111,"page":19,"author":{"name":"Berkin","info":{"browser":"Unknown"},"type":"gold"},"date":1402632000,"number":"753","id":"45097714","content":"<div class=\"quote\">\r\n\t\r\n\t\t<div class=\"information\">\r\n\t\t\t\r\n\t\t\t\t<a href=\"showthread.php?p=45097435#post45097435\" rel=\"nofollow\">CarLuver69 posted:</a>\r\n\t\t\t\r\n\t\t</div>\r\n\t\r\n\t<div class=\"message\">I am definitely interested! I've done this sort of thing before, so I'd have no problem helping out.</div>\r\n\t\r\n</div> I added you on Steam so we can discuss things further.","sanitized_content":"I added you on Steam so we can discuss things further.","ratings":{}}