{"thread":1398111,"page":19,"author":{"name":"Mete","info":{"os":"Linux","browser":"Firefox","country":"Brazil"},"type":"blue"},"date":1402632000,"number":"734","id":"45093982","content":"I finally got the will power to code something again. A truck broke the internet wire from my house to the &quot;pole&quot; ( I dont know if this is the proper word). I spent my night programing a map editor and refactoring a game I made a while ago. I'm also using lua to load things that I used to hardcode, also some script for simple actions. <br>\r\n<br>\r\nhttps://www.youtube.com/watch?v=waOw6t7RSWk","sanitized_content":"I finally got the will power to code something again. A truck broke the internet wire from my house to the \"pole\" ( I dont know if this is the proper word). I spent my night programing a map editor and refactoring a game I made a while ago. I'm also using lua to load things that I used to hardcode, also some script for simple actions. \r\n\r\nhttps://www.youtube.com/watch?v=waOw6t7RSWk","ratings":{"winner":2}}