{"thread":1398111,"page":19,"author":{"name":"geel9","info":{"browser":"Unknown"},"type":"gold"},"date":1402718400,"number":"759","id":"45098091","content":"<div class=\"quote\">\r\n\t\r\n\t\t<div class=\"information\">\r\n\t\t\t\r\n\t\t\t\t<a href=\"showthread.php?p=45098055#post45098055\" rel=\"nofollow\">Icedshot posted:</a>\r\n\t\t\t\r\n\t\t</div>\r\n\t\r\n\t<div class=\"message\"><a href=\"https://research.nvidia.com/sites/default/files/publications/laine2010i3d_paper.pdf\" target=\"_blank\">https://research.nvidia.com/sites/de...0i3d_paper.pdf</a><br>\r\n<br>\r\nThis is an entire SVO rendering implementation, but also describes the data storage for sparse voxel octrees</div>\r\n\t\r\n</div> That would be fine if the world itself were a voxel world, but it's not. It's physics enabled, voxels can fly, rotate, move, etc.","sanitized_content":"That would be fine if the world itself were a voxel world, but it's not. It's physics enabled, voxels can fly, rotate, move, etc.","ratings":{"agree":1}}