{"thread":1398111,"page":19,"author":{"name":"eloreda","info":{"os":"Windows 7","browser":"Firefox","country":"Germany"},"type":"blue"},"date":1402632000,"number":"731","id":"45092239","content":"<div class=\"quote\">\r\n\t\r\n\t\t<div class=\"information\">\r\n\t\t\t\r\n\t\t\t\t<a href=\"showthread.php?p=45092131#post45092131\" rel=\"nofollow\">ThePuska posted:</a>\r\n\t\t\t\r\n\t\t</div>\r\n\t\r\n\t<div class=\"message\">VAC won't ban you even for run-time modifications to the game memory. If VAC detects memory corruption, it might kick you though. Bans are mostly handed out for blacklisted processes and game file modifications.</div>\r\n\t\r\n</div> Are you sure?<br>\r\nI thought VAC banned for .code modifications? That's why people were using VMT hooks all the time?","sanitized_content":"Are you sure?\r\nI thought VAC banned for .code modifications? That's why people were using VMT hooks all the time?","ratings":{"agree":3}}