{"thread":1398111,"page":19,"author":{"name":"AnonTakesOver","info":{"os":"Windows 7","browser":"Chrome","country":"Australia"},"type":"blue"},"date":1402632000,"number":"730","id":"45092218","content":"<div class=\"quote\">\r\n\t\r\n\t\t<div class=\"information\">\r\n\t\t\t\r\n\t\t\t\t<a href=\"showthread.php?p=45092131#post45092131\" rel=\"nofollow\">ThePuska posted:</a>\r\n\t\t\t\r\n\t\t</div>\r\n\t\r\n\t<div class=\"message\">VAC won't ban you even for run-time modifications to the game memory. If VAC detects memory corruption, it might kick you though. Bans are mostly handed out for blacklisted processes and game file modifications.</div>\r\n\t\r\n</div> Any detailed blogs or anything on exactly how VAC works and bans.","sanitized_content":"Any detailed blogs or anything on exactly how VAC works and bans.","ratings":{}}