{"thread":1398111,"page":19,"author":{"name":"zin908","info":{"os":"Windows 8","browser":"Chrome","country":"United Kingdom"},"type":"gold"},"date":1402632000,"number":"737","id":"45096018","content":"Hey guys, I am not too great with programming so I was wondering if yall could help me out. I am trying to use Cygwin to convert a jpg to a txt format but all the commands I have tried won't work. I am trying to work my way through the Cicado 3301 2014 challenge from the beginning but I can't wrap my head around this part.","sanitized_content":"Hey guys, I am not too great with programming so I was wondering if yall could help me out. I am trying to use Cygwin to convert a jpg to a txt format but all the commands I have tried won't work. I am trying to work my way through the Cicado 3301 2014 challenge from the beginning but I can't wrap my head around this part.","ratings":{}}