{"thread":1398111,"page":19,"author":{"name":"MokTok","info":{"os":"Windows 8","browser":"Firefox","country":"Australia"},"type":"blue"},"date":1402632000,"number":"722","id":"45091623","content":"Working on a tank tracks system. Will be on the asset store shortly.<br>\r\n<br>\r\nSee it in action:<br>\r\n<img src=\"http://i.imgur.com/UaEwyLr.gif\" border=\"0\" alt=\"\">","sanitized_content":"Working on a tank tracks system. Will be on the asset store shortly.\r\n\r\nSee it in action:","ratings":{"funny":16}}