{"thread":1398111,"page":19,"author":{"name":"Bladezor","info":{"browser":"Unknown"},"type":"gold"},"date":1402632000,"number":"736","id":"45095824","content":"Anyone want to collaborate on a smallish game of some sort? <br>\r\n<br>\r\nTrying to ease my way back into game/graphics dev.<br>\r\n<br>\r\nWe could write our own engine or utilize something like UE4 if you're willing to pay for your own subscription. Would prefer to stick to PC platform.","sanitized_content":"Anyone want to collaborate on a smallish game of some sort? \r\n\r\nTrying to ease my way back into game/graphics dev.\r\n\r\nWe could write our own engine or utilize something like UE4 if you're willing to pay for your own subscription. Would prefer to stick to PC platform.","ratings":{}}