{"thread":1398111,"page":19,"author":{"name":"G4MB!T","info":{"browser":"Unknown"},"type":"gold"},"date":1402632000,"number":"727","id":"45091917","content":"<div class=\"quote\">\r\n\t\r\n\t\t<div class=\"information\">\r\n\t\t\t\r\n\t\t\t\t<a href=\"showthread.php?p=45091896#post45091896\" rel=\"nofollow\">Rufia posted:</a>\r\n\t\t\t\r\n\t\t</div>\r\n\t\r\n\t<div class=\"message\">What is this exactly? Is it some kind of cosmetic effect or is it for collision detection?<br>\r\n<br>\r\nBecause if it's the latter you could probably just have a radius that extends to a certain point and checks to see if there is anything between the target and the origin point when testing collision.<br>\r\n<br>\r\nYou could probably do something to that effect for a cosmetic effect too, but I'm not that clever.</div>\r\n\t\r\n</div> if you look at his previous post on this game you will notice that this is infact an arrow-shooting-thing which has been mucked around with","sanitized_content":"if you look at his previous post on this game you will notice that this is infact an arrow-shooting-thing which has been mucked around with","ratings":{"informative":3,"agree":1}}