{"thread":1398111,"page":19,"author":{"name":"Bladezor","info":{"browser":"Unknown"},"type":"gold"},"date":1402718400,"number":"757","id":"45098048","content":"<div class=\"quote\">\r\n\t\r\n\t\t<div class=\"information\">\r\n\t\t\t\r\n\t\t\t\t<a href=\"showthread.php?p=45097714#post45097714\" rel=\"nofollow\">Berkin posted:</a>\r\n\t\t\t\r\n\t\t</div>\r\n\t\r\n\t<div class=\"message\">I added you on Steam so we can discuss things further.</div>\r\n\t\r\n</div> :(<br>\r\n<br>\r\n<b>Edit</b><br>\r\n<br>\r\nOh, I just noticed my Steam Id was a 404, fixed.","sanitized_content":":(\r\n\r\nEdit\r\n\r\nOh, I just noticed my Steam Id was a 404, fixed.","ratings":{}}