{"thread":1398111,"page":19,"author":{"name":"Berkin","info":{"browser":"Unknown"},"type":"gold"},"date":1402632000,"number":"741","id":"45096668","content":"<div class=\"quote\">\r\n\t\r\n\t\t<div class=\"information\">\r\n\t\t\t\r\n\t\t\t\t<a href=\"showthread.php?p=45096611#post45096611\" rel=\"nofollow\">xThaWolfx posted:</a>\r\n\t\t\t\r\n\t\t</div>\r\n\t\r\n\t<div class=\"message\">Seeing the raytracer which was being made here, I decided to try and make one of my own.<br>\r\nI succeeded <img src=\"/fp/emoot/v.gif\" border=\"0\" alt=\"\" title=\"V\" class=\"inlineimg\"><br>\r\n<a href=\"http://puu.sh/9sgLn/f986444f7e.png\"><img src=\"http://puu.sh/9sgLn/f986444f7e.png\" border=\"0\" class=\"thumbnail\"></a><br>\r\n<br>\r\nIt runs entirely on the CPU and is multi-threaded. I'm fairly proud of this, since I didn't really think I'd be able to do it this well.</div>\r\n\t\r\n</div> Now make it into a single LINQ query like <a href=\"http://blogs.msdn.com/b/lukeh/archive/2007/10/01/taking-linq-to-objects-to-extremes-a-fully-linqified-raytracer.aspx\" target=\"_blank\">this dude did</a>.","sanitized_content":"Now make it into a single LINQ query like this dude did.","ratings":{"funny":3}}