{"thread":1398111,"page":19,"author":{"name":"geel9","info":{"browser":"Unknown"},"type":"gold"},"date":1402632000,"number":"747","id":"45097274","content":"I managed to cut the map size for Lemma in half by writing an efficient bitpacker that will take a variable amount of bits from an array of integers and pack them into another array of integers.","sanitized_content":"I managed to cut the map size for Lemma in half by writing an efficient bitpacker that will take a variable amount of bits from an array of integers and pack them into another array of integers.","ratings":{"programming_king":4,"informative":1}}