{"thread":1398111,"page":19,"author":{"name":"Bladezor","info":{"browser":"Unknown"},"type":"gold"},"date":1402632000,"number":"751","id":"45097635","content":"Speaking of model formats I wrote a Collada converter that would convert Collada models into our engines format. Are y'all interested in something like that too?","sanitized_content":"Speaking of model formats I wrote a Collada converter that would convert Collada models into our engines format. Are y'all interested in something like that too?","ratings":{"agree":1}}