{"thread":1398111,"page":19,"author":{"name":"Rufia","info":{"os":"Windows 7","browser":"Chrome","country":"United Kingdom"},"type":"blue"},"date":1402632000,"number":"728","id":"45091948","content":"<div class=\"quote\">\r\n\t\r\n\t\t<div class=\"information\">\r\n\t\t\t\r\n\t\t\t\t<a href=\"showthread.php?p=45091917#post45091917\" rel=\"nofollow\">G4MB!T posted:</a>\r\n\t\t\t\r\n\t\t</div>\r\n\t\r\n\t<div class=\"message\">if you look at his previous post on this game you will notice that this is infact an arrow-shooting-thing which has been mucked around with</div>\r\n\t\r\n</div> Oh I see the individual arrows now.<br>\r\n<br>\r\nSorry. I haven't been able to do any programming or such for a while so I'm feeling a bit overzealous to help with other peoples work instead, even if they don't need it.","sanitized_content":"Oh I see the individual arrows now.\r\n\r\nSorry. I haven't been able to do any programming or such for a while so I'm feeling a bit overzealous to help with other peoples work instead, even if they don't need it.","ratings":{"friendly":2}}