{"thread":1398111,"page":19,"author":{"name":"geel9","info":{"browser":"Unknown"},"type":"gold"},"date":1402718400,"number":"756","id":"45097988","content":"<div class=\"quote\">\r\n\t\r\n\t\t<div class=\"information\">\r\n\t\t\t\r\n\t\t\t\t<a href=\"showthread.php?p=45097975#post45097975\" rel=\"nofollow\">Cold posted:</a>\r\n\t\t\t\r\n\t\t</div>\r\n\t\r\n\t<div class=\"message\">No offense, but that must be the worst way of storing voxels i have ever seen.</div>\r\n\t\r\n</div> Do elaborate","sanitized_content":"Do elaborate","ratings":{"agree":2}}