{"thread":1398111,"page":19,"author":{"name":"Mega1mpact","info":{"os":"Windows 7","browser":"Firefox","country":"Netherlands"},"type":"gold"},"date":1402632000,"number":"724","id":"45091729","content":"<div class=\"quote\">\r\n\t\r\n\t\t<div class=\"information\">\r\n\t\t\t\r\n\t\t\t\t<a href=\"showthread.php?p=45091709#post45091709\" rel=\"nofollow\">Gran PC posted:</a>\r\n\t\t\t\r\n\t\t</div>\r\n\t\r\n\t<div class=\"message\">ported andrew mcwatters' old network monitor thingy to OSX and l�ve 0.9.0<br>\r\n<br>\r\n[img]http://puu.sh/9rAOL/afe9b00c64.png[/img</div>\r\n\t\r\n</div> Did amc ever release the source for that?<br>\r\nAre you gonna release the source for that? <br>\r\n<br>\r\n<font size=\"1\" color=\"#444444\"><b>Edited:</b></font><br>\r\nI wish I had more time to program neat stuff instead of fixing other people's code all day long.","sanitized_content":"Did amc ever release the source for that?\r\nAre you gonna release the source for that? \r\n\r\nEdited:\r\nI wish I had more time to program neat stuff instead of fixing other people's code all day long.","ratings":{}}