{"thread":1398111,"page":19,"author":{"name":"Berkin","info":{"browser":"Unknown"},"type":"gold"},"date":1402632000,"number":"743","id":"45096772","content":"<div class=\"quote\">\r\n\t\r\n\t\t<div class=\"information\">\r\n\t\t\t\r\n\t\t\t\t<a href=\"showthread.php?p=45096688#post45096688\" rel=\"nofollow\">CarLuver69 posted:</a>\r\n\t\t\t\r\n\t\t</div>\r\n\t\r\n\t<div class=\"message\">Is it a 3D engine? I'd be interested in possibly helping out. My main area of work involves file I/O stuff. I can do other stuff too, though.</div>\r\n\t\r\n</div> It is indeed 3D. We're trying to get a rendering pipeline nailed down right now, and I'm working on some scripting stuff (namely Manhood integration). It's all still in the early stages, so nothing is set in stone quite yet.<br>\r\n<br>\r\nWe are in need of a framework for working with models, specifically the IQM format, and loading the data into the proper buffers. If that's something you would be interested in working on, I'd be happy to let you help. I'll talk to Tamschi when he's online and figure out exactly what we need done.","sanitized_content":"It is indeed 3D. We're trying to get a rendering pipeline nailed down right now, and I'm working on some scripting stuff (namely Manhood integration). It's all still in the early stages, so nothing is set in stone quite yet.\r\n\r\nWe are in need of a framework for working with models, specifically the IQM format, and loading the data into the proper buffers. If that's something you would be interested in working on, I'd be happy to let you help. I'll talk to Tamschi when he's online and figure out exactly what we need done.","ratings":{}}