{"thread":1398111,"page":19,"author":{"name":"Rufia","info":{"os":"Windows 7","browser":"Chrome","country":"United Kingdom"},"type":"blue"},"date":1402632000,"number":"726","id":"45091896","content":"<div class=\"quote\">\r\n\t\r\n\t\t<div class=\"information\">\r\n\t\t\t\r\n\t\t\t\t<a href=\"showthread.php?p=45074464#post45074464\" rel=\"nofollow\">2sp00ky posted:</a>\r\n\t\t\t\r\n\t\t</div>\r\n\t\r\n\t<div class=\"message\"><img src=\"http://i.imgur.com/3LSlcJI.gif\" border=\"0\" alt=\"\"><br>\r\nI call this the frame rate killer.</div>\r\n\t\r\n</div> What is this exactly? Is it some kind of cosmetic effect or is it for collision detection?<br>\r\n<br>\r\nBecause if it's the latter you could probably just have a radius that extends to a certain point and checks to see if there is anything between the target and the origin point when testing collision.<br>\r\n<br>\r\nYou could probably do something to that effect for a cosmetic effect too, but I'm not that clever.","sanitized_content":"What is this exactly? Is it some kind of cosmetic effect or is it for collision detection?\r\n\r\nBecause if it's the latter you could probably just have a radius that extends to a certain point and checks to see if there is anything between the target and the origin point when testing collision.\r\n\r\nYou could probably do something to that effect for a cosmetic effect too, but I'm not that clever.","ratings":{"dumb":2}}