{"thread":1398111,"page":19,"author":{"name":"xThaWolfx","info":{"browser":"Unknown"},"type":"blue"},"date":1402632000,"number":"740","id":"45096611","content":"Seeing the raytracer which was being made here, I decided to try and make one of my own.<br>\r\nI succeeded <img src=\"/fp/emoot/v.gif\" border=\"0\" alt=\"\" title=\"V\" class=\"inlineimg\"><br>\r\n<a href=\"http://puu.sh/9sgLn/f986444f7e.png\"><img src=\"http://puu.sh/9sgLn/f986444f7e.png\" border=\"0\" class=\"thumbnail\"></a><br>\r\n<br>\r\nIt runs entirely on the CPU and is multi-threaded. I'm fairly proud of this, since I didn't really think I'd be able to do it this well.","sanitized_content":"Seeing the raytracer which was being made here, I decided to try and make one of my own.\r\nI succeeded \r\n\r\n\r\nIt runs entirely on the CPU and is multi-threaded. I'm fairly proud of this, since I didn't really think I'd be able to do it this well.","ratings":{"winner":3,"artistic":1,"programming_king":1}}