{"thread":1398111,"page":19,"author":{"name":"ThePuska","info":{"os":"Windows 7","browser":"Firefox","country":"Finland"},"type":"gold"},"date":1402632000,"number":"732","id":"45092299","content":"<div class=\"quote\">\r\n\t\r\n\t\t<div class=\"information\">\r\n\t\t\t\r\n\t\t\t\t<a href=\"showthread.php?p=45092239#post45092239\" rel=\"nofollow\">eloreda posted:</a>\r\n\t\t\t\r\n\t\t</div>\r\n\t\r\n\t<div class=\"message\">Are you sure?<br>\r\nI thought VAC banned for .code modifications? That's why people were using VMT hooks all the time?</div>\r\n\t\r\n</div> Actually no, I haven't tried modifying memory which wasn't already marked for write access.","sanitized_content":"Actually no, I haven't tried modifying memory which wasn't already marked for write access.","ratings":{"informative":1}}