{"thread":1398111,"page":19,"author":{"name":"Gran PC","info":{"os":"Mac","browser":"Chrome","country":"Spain"},"type":"blue"},"date":1402632000,"number":"725","id":"45091737","content":"<div class=\"quote\">\r\n\t\r\n\t\t<div class=\"information\">\r\n\t\t\t\r\n\t\t\t\t<a href=\"showthread.php?p=45091729#post45091729\" rel=\"nofollow\">Mega1mpact posted:</a>\r\n\t\t\t\r\n\t\t</div>\r\n\t\r\n\t<div class=\"message\">Did amc ever release the source for that? <br>\r\nAre <u>you</u> gonna realease the source for that? <img src=\"/fp/emoot/v.gif\" border=\"0\" alt=\"\" title=\"V\" class=\"inlineimg\"></div>\r\n\t\r\n</div> nope and nope. its not my source to release -- and i havent been granted a license that allows redistribution. if he releases the source ill release my osx compat patches.","sanitized_content":"nope and nope. its not my source to release -- and i havent been granted a license that allows redistribution. if he releases the source ill release my osx compat patches.","ratings":{}}