{"thread":1398111,"page":19,"author":{"name":"Icedshot","info":{"os":"Windows 7","browser":"Chrome","country":"United Kingdom"},"type":"blue"},"date":1402718400,"number":"758","id":"45098055","content":"<div class=\"quote\">\r\n\t\r\n\t\t<div class=\"information\">\r\n\t\t\t\r\n\t\t\t\t<a href=\"showthread.php?p=45097988#post45097988\" rel=\"nofollow\">geel9 posted:</a>\r\n\t\t\t\r\n\t\t</div>\r\n\t\r\n\t<div class=\"message\">Do elaborate</div>\r\n\t\r\n</div> <a href=\"https://research.nvidia.com/sites/default/files/publications/laine2010i3d_paper.pdf\" target=\"_blank\">https://research.nvidia.com/sites/de...0i3d_paper.pdf</a><br>\r\n<br>\r\nThis is an entire SVO rendering implementation, but also describes the data storage for sparse voxel octrees","sanitized_content":"https://research.nvidia.com/sites/de...0i3d_paper.pdf\r\n\r\nThis is an entire SVO rendering implementation, but also describes the data storage for sparse voxel octrees","ratings":{}}