{"thread":1398111,"page":19,"author":{"name":"geel9","info":{"browser":"Unknown"},"type":"gold"},"date":1402632000,"number":"749","id":"45097416","content":"<div class=\"quote\">\r\n\t\r\n\t\t<div class=\"information\">\r\n\t\t\t\r\n\t\t\t\t<a href=\"showthread.php?p=45097389#post45097389\" rel=\"nofollow\">Map in a box posted:</a>\r\n\t\t\t\r\n\t\t</div>\r\n\t\r\n\t<div class=\"message\">Normal people use compression.<br>\r\n<br>\r\n<br>\r\n<br>\r\n<br>\r\n<br>\r\n<br>\r\n<br>\r\n<img src=\"/fp/emoot/zoid.gif\" border=\"0\" alt=\"\" title=\"Zoid\" class=\"inlineimg\"></div>\r\n\t\r\n</div> .<br>\r\n<br>\r\n<br>\r\nWe're also going to gzip. Double the savings!","sanitized_content":".\r\n\r\n\r\nWe're also going to gzip. Double the savings!","ratings":{"disagree":10,"funny":3}}