{"thread":1398111,"page":19,"author":{"name":"Bladezor","info":{"browser":"Unknown"},"type":"gold"},"date":1402632000,"number":"754","id":"45097764","content":"<div class=\"quote\">\r\n\t\r\n\t\t<div class=\"information\">\r\n\t\t\t\r\n\t\t\t\t<a href=\"showthread.php?p=45096078#post45096078\" rel=\"nofollow\">Lemmingz95 posted:</a>\r\n\t\t\t\r\n\t\t</div>\r\n\t\r\n\t<div class=\"message\">Hey Bladezor, i can't commit to anything, in the middle of some exams atm but if you're working in C# I have various game assets - task / job scheduling (around system.action, saw tamischi I think post something similar a while back), a component / entity framework etc that I've been working on with the end of making a game myself when I'm free. If your'e interested drop me a PM<br>\r\n<br>\r\n<font size=\"1\" color=\"#444444\"><b>Edited:</b></font><br>\r\n<br>\r\nQuad tree, AABB, matrix other geom primitives, mesh, render, animation, physics and collision components, animated sprites etc..</div>\r\n\t\r\n</div> Sounds good, just let me know when you're more available. I have a full-time job so I understand how hard time management can be. I find its much easier if there's a clear direction.","sanitized_content":"Sounds good, just let me know when you're more available. I have a full-time job so I understand how hard time management can be. I find its much easier if there's a clear direction.","ratings":{}}