{"thread":1398111,"page":19,"author":{"name":"Bladezor","info":{"browser":"Unknown"},"type":"gold"},"date":1402718400,"number":"760","id":"45098245","content":"<div class=\"quote\">\r\n\t\r\n\t\t<div class=\"information\">\r\n\t\t\t\r\n\t\t\t\t<a href=\"showthread.php?p=45098091#post45098091\" rel=\"nofollow\">geel9 posted:</a>\r\n\t\t\t\r\n\t\t</div>\r\n\t\r\n\t<div class=\"message\">That would be fine if the world itself were a voxel world, but it's not. It's physics enabled, voxels can fly, rotate, move, etc.</div>\r\n\t\r\n</div> In this scenario you could save the world in separate parts, the voxels that are in their initial unmodified position. Then those that have been moved, etc are stored with that additional data.<br>\r\n<br>\r\nYou could also store a look-up table/index based on orientation, guessing that many of the voxels share the same orientation.","sanitized_content":"In this scenario you could save the world in separate parts, the voxels that are in their initial unmodified position. Then those that have been moved, etc are stored with that additional data.\r\n\r\nYou could also store a look-up table/index based on orientation, guessing that many of the voxels share the same orientation.","ratings":{"agree":1,"late":1}}