{"thread":1398111,"page":19,"author":{"name":"Mega1mpact","info":{"os":"Windows 7","browser":"Firefox","country":"Netherlands"},"type":"gold"},"date":1402632000,"number":"721","id":"45091382","content":"<div class=\"quote\">\r\n\t\r\n\t\t<div class=\"information\">\r\n\t\t\t\r\n\t\t\t\t<a href=\"showthread.php?p=45090869#post45090869\" rel=\"nofollow\">Banandana posted:</a>\r\n\t\t\t\r\n\t\t</div>\r\n\t\r\n\t<div class=\"message\">Now what?<br>\r\n<br>\r\n<a href=\"http://i.imgur.com/68QaVNF.png\"><img src=\"http://i.imgur.com/68QaVNF.png\" border=\"0\" class=\"thumbnail\"></a></div>\r\n\t\r\n</div> why not just decompile the android app and see how it does it?","sanitized_content":"why not just decompile the android app and see how it does it?","ratings":{"agree":5}}