{"thread":1398111,"page":19,"author":{"name":"Berkin","info":{"browser":"Unknown"},"type":"gold"},"date":1402632000,"number":"739","id":"45096464","content":"<div class=\"quote\">\r\n\t\r\n\t\t<div class=\"information\">\r\n\t\t\t\r\n\t\t\t\t<a href=\"showthread.php?p=45095824#post45095824\" rel=\"nofollow\">Bladezor posted:</a>\r\n\t\t\t\r\n\t\t</div>\r\n\t\r\n\t<div class=\"message\">Anyone want to collaborate on a smallish game of some sort? <br>\r\n<br>\r\nTrying to ease my way back into game/graphics dev.<br>\r\n<br>\r\nWe could write our own engine or utilize something like UE4 if you're willing to pay for your own subscription. Would prefer to stick to PC platform.</div>\r\n\t\r\n</div> I'm working on a custom engine with Tamschi, it would be cool to have some other talents in on it too. What do you specialize in?","sanitized_content":"I'm working on a custom engine with Tamschi, it would be cool to have some other talents in on it too. What do you specialize in?","ratings":{}}