{"thread":1398111,"page":19,"author":{"name":"Bladezor","info":{"browser":"Unknown"},"type":"gold"},"date":1402632000,"number":"745","id":"45096898","content":"<div class=\"quote\">\r\n\t\r\n\t\t<div class=\"information\">\r\n\t\t\t\r\n\t\t\t\t<a href=\"showthread.php?p=45096772#post45096772\" rel=\"nofollow\">Berkin posted:</a>\r\n\t\t\t\r\n\t\t</div>\r\n\t\r\n\t<div class=\"message\">It is indeed 3D. We're trying to get a rendering pipeline nailed down right now, and I'm working on some scripting stuff (namely Manhood integration). It's all still in the early stages, so nothing is set in stone quite yet.<br>\r\n<br>\r\nWe are in need of a framework for working with models, specifically the IQM format, and loading the data into the proper buffers. If that's something you would be interested in working on, I'd be happy to let you help. I'll talk to Tamschi when he's online and figure out exactly what we need done.</div>\r\n\t\r\n</div> I'm trying to get back into the 3D graphics side of things however I've touched pretty much every aspect of engine development. UI, Physics, I/O, Audio, Toolkit, asset management, etc.<br>\r\n<br>\r\nI'm on my phone right now but if you look up Quadrion engine on YouTube that was an engine a team of 3 of us built from the ground up in C++ utilizing DX and PhysX. <br>\r\n<br>\r\nWhat language are y'all utilizing? My C++ is a bit rusty, C# is my &quot;main&quot; language.","sanitized_content":"I'm trying to get back into the 3D graphics side of things however I've touched pretty much every aspect of engine development. UI, Physics, I/O, Audio, Toolkit, asset management, etc.\r\n\r\nI'm on my phone right now but if you look up Quadrion engine on YouTube that was an engine a team of 3 of us built from the ground up in C++ utilizing DX and PhysX. \r\n\r\nWhat language are y'all utilizing? My C++ is a bit rusty, C# is my \"main\" language.","ratings":{"useful":2}}