{"thread":1398111,"page":19,"author":{"name":"Banandana","info":{"browser":"Unknown"},"type":"gold"},"date":1402632000,"number":"735","id":"45095150","content":"The steam android app doesn't have access to the market and whatnot. I mainly wanted to login via the web because it seemed difficult and I'd learn something by doing it.","sanitized_content":"The steam android app doesn't have access to the market and whatnot. I mainly wanted to login via the web because it seemed difficult and I'd learn something by doing it.","ratings":{}}