{"thread":1398111,"page":19,"author":{"name":"Simspelaaja","info":{"os":"Windows 7","browser":"Firefox","country":"Finland"},"type":"blue"},"date":1402632000,"number":"744","id":"45096776","content":"<img src=\"https://i.imgur.com/ru2jKj3.png\" border=\"0\" alt=\"\"><br>\r\n<br>\r\nIt took a lot of tweaking, tearing my hair out and staring at hex dumps for hours on end, but my implemention of MOS 6502 should now be bit-for-bit compatible with one in the NES (if you don't count the cycle timings, that's a different beast entirely). It supports all of the 154 official opcodes, plus 77 &quot;illegal&quot; (not documented) opcodes.<br>\r\n<br>\r\nI'm going to do some refactoring, and then probably publish this on Github. After that I'll probably work on my debugger and start implementing the NES specific stuff, mainly the PPU.","sanitized_content":"It took a lot of tweaking, tearing my hair out and staring at hex dumps for hours on end, but my implemention of MOS 6502 should now be bit-for-bit compatible with one in the NES (if you don't count the cycle timings, that's a different beast entirely). It supports all of the 154 official opcodes, plus 77 \"illegal\" (not documented) opcodes.\r\n\r\nI'm going to do some refactoring, and then probably publish this on Github. After that I'll probably work on my debugger and start implementing the NES specific stuff, mainly the PPU.","ratings":{"programming_king":10}}