{"thread":1398111,"page":19,"author":{"name":"Lemmingz95","info":{"browser":"Unknown"},"type":"blue"},"date":1402632000,"number":"738","id":"45096078","content":"Hey Bladezor, i can't commit to anything, in the middle of some exams atm but if you're working in C# I have various game assets - task / job scheduling (around system.action, saw tamischi I think post something similar a while back), a component / entity framework etc that I've been working on with the end of making a game myself when I'm free. If your'e interested drop me a PM<br>\n<br>\n<font size=\"1\" color=\"#444444\"><b>Edited:</b></font><br>\n<br>\nQuad tree, AABB, matrix other geom primitives, mesh, render, animation, physics and collision components, animated sprites etc..","sanitized_content":"Hey Bladezor, i can't commit to anything, in the middle of some exams atm but if you're working in C# I have various game assets - task / job scheduling (around system.action, saw tamischi I think post something similar a while back), a component / entity framework etc that I've been working on with the end of making a game myself when I'm free. If your'e interested drop me a PM\n\nEdited:\n\nQuad tree, AABB, matrix other geom primitives, mesh, render, animation, physics and collision components, animated sprites etc..","ratings":{}}