{"thread":1398111,"page":14,"author":{"name":"supersnail11","info":{"os":"Windows 8","browser":"Chrome","country":"United States"},"type":"gold"},"date":1402459200,"number":"552","id":"45069531","content":"<div class=\"quote\">\r\n\t\r\n\t\t<div class=\"information\">\r\n\t\t\t\r\n\t\t\t\t<a href=\"showthread.php?p=45069406#post45069406\" rel=\"nofollow\">Quark: posted:</a>\r\n\t\t\t\r\n\t\t</div>\r\n\t\r\n\t<div class=\"message\">I made it to be very secure.  You cannot crack an encrypted message without the application and the correct password.</div>\r\n\t\r\n</div> That's what they said about DES <img src=\"/fp/emoot/v.gif\" border=\"0\" alt=\"\" title=\"V\" class=\"inlineimg\">","sanitized_content":"That's what they said about DES","ratings":{"funny":11,"winner":1}}