{"thread":1398111,"page":14,"author":{"name":"Map in a box","info":{"os":"Windows 7","browser":"Firefox","country":"United States"},"type":"blue"},"date":1402459200,"number":"528","id":"45068200","content":"All this raytracing talk. I'm joining the 3d in 2d fad but with triangles instead:<br>\r\n<img src=\"http://i.imgur.com/QpmUQ43.png\" border=\"0\" alt=\"\"><br>\r\nGot working projection maths and stuff(for the most part) but still wondering why it does this<br>\n<br>\n<font size=\"1\" color=\"#444444\"><b>Edited:</b></font><br>\n<br>\n<img src=\"http://i.imgur.com/2FTz05e.png\" border=\"0\" alt=\"\"><br>\r\nI can't even into cubes :(","sanitized_content":"All this raytracing talk. I'm joining the 3d in 2d fad but with triangles instead:\r\n\r\nGot working projection maths and stuff(for the most part) but still wondering why it does this\n\nEdited:\n\n\r\nI can't even into cubes :(","ratings":{"funny":11,"winner":1,"artistic":1}}