{"thread":1398111,"page":14,"author":{"name":"slime73","info":{"os":"Mac","browser":"Safari","country":"Canada"},"type":"blue"},"date":1402459200,"number":"535","id":"45068859","content":"<div class=\"quote\">\r\n\t\r\n\t\t<div class=\"information\">\r\n\t\t\t\r\n\t\t\t\t<a href=\"showthread.php?p=45068783#post45068783\" rel=\"nofollow\">supersnail11 posted:</a>\r\n\t\t\t\r\n\t\t</div>\r\n\t\r\n\t<div class=\"message\"><a href=\"http://blog.db-in.com/cameras-on-opengl-es-2-x/#quaternions\" target=\"_blank\">Implement quaternions</a>. They're hella easy and can be converted into matrices.</div>\r\n\t\r\n</div> That blog post is hard to read. :(","sanitized_content":"That blog post is hard to read. :(","ratings":{"disagree":4,"agree":1,"funny":1}}