{"thread":1398111,"page":14,"author":{"name":"Quark:","info":{"os":"Windows Vista","browser":"Firefox","country":"United States"},"type":"blue"},"date":1402459200,"number":"547","id":"45069406","content":"<div class=\"quote\">\r\n\t\r\n\t\t<div class=\"information\">\r\n\t\t\t\r\n\t\t\t\t<a href=\"showthread.php?p=45069369#post45069369\" rel=\"nofollow\">Map in a box posted:</a>\r\n\t\t\t\r\n\t\t</div>\r\n\t\r\n\t<div class=\"message\">He doesn't realize that you didn't mean that it wasn't b64. Also, yes, if the encryption is weak its silly but i'm assuming you didn't make it to be super secure.</div>\r\n\t\r\n</div> I made it to be very secure.  You cannot crack an encrypted message without the application and the correct password.","sanitized_content":"I made it to be very secure.  You cannot crack an encrypted message without the application and the correct password.","ratings":{"optimistic":11,"funny":2,"dumb":1}}