{"thread":1398111,"page":14,"author":{"name":"redx475","info":{"browser":"Unknown"},"type":"blue"},"date":1402459200,"number":"531","id":"45068569","content":"Just some stuff I thought was interesting. I ran my trace function on a loop-based implementation of fibonacci and again on a recursive implementation.<br>\r\n<br>\r\nImages are links because they are really tall.<br>\r\n<br>\r\nThe loop-based implementation's trace: <a href=\"http://i.imgur.com/i7J19Xs.png\" target=\"_blank\">http://i.imgur.com/i7J19Xs.png</a> (not the full code; it actually goes on for about 2 more lines off-screen)<br>\r\n<br>\r\nThe recursive implementation's trace: <a href=\"http://i.imgur.com/DDOX1F0.png\" target=\"_blank\">http://i.imgur.com/DDOX1F0.png</a><br>\r\n<br>\r\nThe loop implementation is much faster as is to be expected, but it is interesting how much larger the in-memory representation of it becomes. As for the actual code, the recursive implementation is around the same length, but has way fewer function calls (and as such has a smaller memory footprint).","sanitized_content":"Just some stuff I thought was interesting. I ran my trace function on a loop-based implementation of fibonacci and again on a recursive implementation.\r\n\r\nImages are links because they are really tall.\r\n\r\nThe loop-based implementation's trace: http://i.imgur.com/i7J19Xs.png (not the full code; it actually goes on for about 2 more lines off-screen)\r\n\r\nThe recursive implementation's trace: http://i.imgur.com/DDOX1F0.png\r\n\r\nThe loop implementation is much faster as is to be expected, but it is interesting how much larger the in-memory representation of it becomes. As for the actual code, the recursive implementation is around the same length, but has way fewer function calls (and as such has a smaller memory footprint).","ratings":{"artistic":1}}