{"thread":1398111,"page":14,"author":{"name":"2sp00ky","info":{"os":"Windows 7","browser":"Chrome"},"type":"blue"},"date":1402459200,"number":"537","id":"45068971","content":"<img src=\"http://i.imgur.com/z0sZ04S.gif\" border=\"0\" alt=\"\"><br>\r\nActually the game doesn't need lighting... <b><i>but it does need this!!!!!</i></b> This is the first time I have ever used a for loop.","sanitized_content":"Actually the game doesn't need lighting... but it does need this!!!!! This is the first time I have ever used a for loop.","ratings":{"programming_king":4,"winner":1,"funny":1}}