{"thread":1398111,"page":14,"author":{"name":"Tamschi","info":{"os":"Windows 7","browser":"Firefox","country":"Germany"},"type":"blue"},"date":1402459200,"number":"544","id":"45069329","content":"<div class=\"quote\">\r\n\t\r\n\t\t<div class=\"information\">\r\n\t\t\t\r\n\t\t\t\t<a href=\"showthread.php?p=45069193#post45069193\" rel=\"nofollow\">Quark: posted:</a>\r\n\t\t\t\r\n\t\t</div>\r\n\t\r\n\t<div class=\"message\">It's a custom algorithm, but I get told it resembles base64 a lot or asked if it's base64.  I haven't named it yet because I'm not creative.</div>\r\n\t\r\n</div> If you make encryption please do it properly.<br>\r\n<br>\r\nEvery bad encryption program that doesn't say so on the tin has the chance of doing huge damage to someone.<br>\n<br>\n<font size=\"1\" color=\"#444444\"><b>Edited:</b></font><br>\n<br>\nBesides that, base64 is just an encoding, not encryption.","sanitized_content":"If you make encryption please do it properly.\r\n\r\nEvery bad encryption program that doesn't say so on the tin has the chance of doing huge damage to someone.\n\nEdited:\n\nBesides that, base64 is just an encoding, not encryption.","ratings":{"agree":6,"dumb":1}}