{"thread":1398111,"page":14,"author":{"name":"Gmod4ever","info":{"os":"Windows 7","browser":"Chrome","country":"United States"},"type":"gold"},"date":1402459200,"number":"554","id":"45069549","content":"<div class=\"quote\">\r\n\t\r\n\t\t<div class=\"information\">\r\n\t\t\t\r\n\t\t\t\t<a href=\"showthread.php?p=45069406#post45069406\" rel=\"nofollow\">Quark: posted:</a>\r\n\t\t\t\r\n\t\t</div>\r\n\t\r\n\t<div class=\"message\">I made it to be very secure.  You cannot crack an encrypted message without the application and the correct password.</div>\r\n\t\r\n</div> In fact, if you are <b>really</b> interested in how secure your algorithm is, beyond throwing it to the wolves, you can Google around for some of the more common cryptanalysis techniques. This <a href=\"http://en.wikipedia.org/wiki/Cryptanalysis#Cryptanalysis_of_symmetric_ciphers\" target=\"_blank\">Wikipedia page</a> is a good place to start for names of techniques to look into.<br>\r\n<br>\r\nAnd before you (or anyone else) asks, I know shit about cryptanalysis, beyond knowing it's exceptionally difficult to design a decently strong encryption algorithm by chance, and very difficult even with a solid understanding of the mathematics behind it.<br>\r\n<br>\r\n<font size=\"1\" color=\"#444444\"><b>Edited:</b></font><br>\r\n<br>\r\n<div class=\"quote\">\r\n\t\r\n\t\t<div class=\"information\">\r\n\t\t\t\r\n\t\t\t\t<a href=\"showthread.php?p=45069538#post45069538\" rel=\"nofollow\">Quark: posted:</a>\r\n\t\t\t\r\n\t\t</div>\r\n\t\r\n\t<div class=\"message\">I openly invite you to crack this without the application or the password and prove me wrong.  If that's the case then I <i>do</i> need to improve the algorithm and its strength. <img src=\"/fp/emoot/v.gif\" border=\"0\" alt=\"\" title=\"V\" class=\"inlineimg\"><br>\r\n<br>\r\nCT4npbF8EMsAOFO1ij6SaCdu9lRFNoZ1VGhfQt6o+s/rb1KEOia4F11NYcFsZEiuTbIM/Z5v+HrZu2mhZhZ0uzZ6u7Ij6Fd+iwKr3SoMv0U=</div>\r\n\t\r\n</div> A single sample generally isn't sufficient to crack encryption (unless it's <b>extremely</b> weak, like ROT13 or something <img src=\"/fp/emoot/v.gif\" border=\"0\" alt=\"\" title=\"V\" class=\"inlineimg\">). Generally, either the algorithm itself or some tool that uses the algorithm is necessary, such that testers can run various strings through the algorithm, to compare the outputs.<br>\r\n<br>\r\nWhen you think about it, this is an entirely feasible approach, because if you were to use this in an actual product - say, for example, encrypting network traffic - then a cracker could set the program up between two machines they own, and put an intercepting program to grab the outgoing (and encrypted) messages. That way, they can generate messages as they need for analysis. Such is a basis for attacks such as the <a href=\"http://en.wikipedia.org/wiki/Boomerang_attack\" target=\"_blank\">Boomerang attack</a>.<br>\r\n<br>\r\nIf you don't want to give the algorithm, then you should at least provide a program (even a shitty little in-out console program) that utilizes the algorithm, for more proper testing.","sanitized_content":"In fact, if you are really interested in how secure your algorithm is, beyond throwing it to the wolves, you can Google around for some of the more common cryptanalysis techniques. This Wikipedia page is a good place to start for names of techniques to look into.\r\n\r\nAnd before you (or anyone else) asks, I know shit about cryptanalysis, beyond knowing it's exceptionally difficult to design a decently strong encryption algorithm by chance, and very difficult even with a solid understanding of the mathematics behind it.\r\n\r\nEdited:\r\n\r\n A single sample generally isn't sufficient to crack encryption (unless it's extremely weak, like ROT13 or something ). Generally, either the algorithm itself or some tool that uses the algorithm is necessary, such that testers can run various strings through the algorithm, to compare the outputs.\r\n\r\nWhen you think about it, this is an entirely feasible approach, because if you were to use this in an actual product - say, for example, encrypting network traffic - then a cracker could set the program up between two machines they own, and put an intercepting program to grab the outgoing (and encrypted) messages. That way, they can generate messages as they need for analysis. Such is a basis for attacks such as the Boomerang attack.\r\n\r\nIf you don't want to give the algorithm, then you should at least provide a program (even a shitty little in-out console program) that utilizes the algorithm, for more proper testing.","ratings":{"agree":4,"informative":1}}