{"thread":1398111,"page":14,"author":{"name":"Tamschi","info":{"os":"Windows 7","browser":"Firefox","country":"Germany"},"type":"blue"},"date":1402459200,"number":"523","id":"45065909","content":"<div class=\"quote\">\r\n\t\r\n\t\t<div class=\"information\">\r\n\t\t\t\r\n\t\t\t\t<a href=\"showthread.php?p=45063472#post45063472\" rel=\"nofollow\">Darwin226 posted:</a>\r\n\t\t\t\r\n\t\t</div>\r\n\t\r\n\t<div class=\"message\">There's an interesting point to be made here. Modifying one of the operands is faster than making a new object, but then you loose the nice properties of immutability. The thing is, a sufficiently smart compiler could deduce which vectors are never used after some operation and automatically use that one instead of creating a new one. That way the vectors are immutable as far as the programmer is concerned and there's no performance penalty. <br>\r\n<br>\r\nI don't know of any compiler/preprocesor that currently does this but I didn't really do much research on the subject.</div>\r\n\t\r\n</div> In F# you can mark functions with <i>inline</i>, then they are copied to the caller and run through a full (expensive) optimization pass in context that does this afaik.<br>\r\n<br>\r\nIt's used extensively for short operators. F# maths operations are usually more optimized anyway though, since its value semantics let the compiler easily determine if something is still used or can be overwritten/just computed on the stack.","sanitized_content":"In F# you can mark functions with inline, then they are copied to the caller and run through a full (expensive) optimization pass in context that does this afaik.\r\n\r\nIt's used extensively for short operators. F# maths operations are usually more optimized anyway though, since its value semantics let the compiler easily determine if something is still used or can be overwritten/just computed on the stack.","ratings":{}}