{"thread":1398111,"page":14,"author":{"name":"Mega1mpact","info":{"os":"Windows 7","browser":"Firefox","country":"Netherlands"},"type":"gold"},"date":1402459200,"number":"557","id":"45069582","content":"python for windows is weird.<br>\r\n<br>\r\nwindows:<br>\r\n<img src=\"http://i.imgur.com/dIEhLxK.png\" border=\"0\" alt=\"\"><br>\r\n<br>\r\nlinux (Expected):<br>\r\n<img src=\"http://i.imgur.com/ynkeF3o.png\" border=\"0\" alt=\"\"><br>\r\n<br>\r\nWhy is this happening?","sanitized_content":"python for windows is weird.\r\n\r\nwindows:\r\n\r\n\r\nlinux (Expected):\r\n\r\n\r\nWhy is this happening?","ratings":{}}