{"thread":1398111,"page":14,"author":{"name":"Map in a box","info":{"os":"Windows 7","browser":"Firefox","country":"United States"},"type":"blue"},"date":1402459200,"number":"546","id":"45069369","content":"He doesn't realize that you didn't mean that it wasn't b64. Also, yes, if the encryption is weak its silly but i'm assuming you didn't make it to be super secure.","sanitized_content":"He doesn't realize that you didn't mean that it wasn't b64. Also, yes, if the encryption is weak its silly but i'm assuming you didn't make it to be super secure.","ratings":{}}