{"thread":1398111,"page":14,"author":{"name":"Quark:","info":{"os":"Windows Vista","browser":"Firefox","country":"United States"},"type":"blue"},"date":1402459200,"number":"542","id":"45069193","content":"<div class=\"quote\">\r\n\t\r\n\t\t<div class=\"information\">\r\n\t\t\t\r\n\t\t\t\t<a href=\"showthread.php?p=45069172#post45069172\" rel=\"nofollow\">Tamschi posted:</a>\r\n\t\t\t\r\n\t\t</div>\r\n\t\r\n\t<div class=\"message\">Which algorithm is that?</div>\r\n\t\r\n</div> It's a custom algorithm, but I get told it resembles base64 a lot or asked if it's base64.  I haven't named it yet because I'm not creative.","sanitized_content":"It's a custom algorithm, but I get told it resembles base64 a lot or asked if it's base64.  I haven't named it yet because I'm not creative.","ratings":{"dumb":6,"optimistic":2}}