{"thread":1398111,"page":14,"author":{"name":"Quark:","info":{"os":"Windows Vista","browser":"Firefox","country":"United States"},"type":"blue"},"date":1402459200,"number":"545","id":"45069343","content":"<div class=\"quote\">\r\n\t\r\n\t\t<div class=\"information\">\r\n\t\t\t\r\n\t\t\t\t<a href=\"showthread.php?p=45069329#post45069329\" rel=\"nofollow\">Tamschi posted:</a>\r\n\t\t\t\r\n\t\t</div>\r\n\t\r\n\t<div class=\"message\">If you make encryption please do it properly.<br>\r\n<br>\r\nEvery bad encryption program that doesn't say so on the tin has the chance of doing huge damage to someone.<br>\r\n<br>\r\n<font size=\"1\" color=\"#444444\"><b>Edited:</b></font><br>\r\n<br>\r\nBesides that, base64 is just an encoding, not encryption.</div>\r\n\t\r\n</div> Can you please elaborate?  Do you doubt the strength of the encryption or are you just being silly?<br>\r\n<br>\r\nI'm not using base64, it just resembles it sometimes.","sanitized_content":"Can you please elaborate?  Do you doubt the strength of the encryption or are you just being silly?\r\n\r\nI'm not using base64, it just resembles it sometimes.","ratings":{"agree":1}}