{"thread":1398111,"page":14,"author":{"name":"Ac!dL3ak","info":{"os":"Windows 7","browser":"Chrome","country":"United Kingdom"},"type":"gold"},"date":1402459200,"number":"539","id":"45069095","content":"Part III: <a href=\"http://redjazz96.tumblr.com/post/88446352960/what-antelope-does-and-what-i-hope-it-will-do-part\" target=\"_blank\">http://redjazz96.tumblr.com/post/884...t-will-do-part</a><br>\r\n<br>\r\nalmost done!","sanitized_content":"Part III: http://redjazz96.tumblr.com/post/884...t-will-do-part\r\n\r\nalmost done!","ratings":{"winner":2}}