{"thread":1398111,"page":14,"author":{"name":"2sp00ky","info":{"os":"Windows 7","browser":"Chrome"},"type":"blue"},"date":1402459200,"number":"527","id":"45067999","content":"<div class=\"quote\">\r\n\t\r\n\t\t<div class=\"information\">\r\n\t\t\t\r\n\t\t\t\t<a href=\"showthread.php?p=45062005#post45062005\" rel=\"nofollow\">quentuz posted:</a>\r\n\t\t\t\r\n\t\t</div>\r\n\t\r\n\t<div class=\"message\">Are you making this with gamemaker standard?</div>\r\n\t\r\n</div> gamemaker studio professional. Only deference from standard is what I can export to and I have control over texture pages.","sanitized_content":"gamemaker studio professional. Only deference from standard is what I can export to and I have control over texture pages.","ratings":{}}