{"thread":1398111,"page":14,"author":{"name":"Tamschi","info":{"os":"Windows 7","browser":"Firefox","country":"Germany"},"type":"blue"},"date":1402459200,"number":"541","id":"45069172","content":"<div class=\"quote\">\r\n\t\r\n\t\t<div class=\"information\">\r\n\t\t\t\r\n\t\t\t\t<a href=\"showthread.php?p=45069130#post45069130\" rel=\"nofollow\">Quark: posted:</a>\r\n\t\t\t\r\n\t\t</div>\r\n\t\r\n\t<div class=\"message\"><img src=\"http://i.imgur.com/v9MlMmR.png\" border=\"0\" alt=\"\"><br>\r\n<br>\r\ni made errors more specific too<br>\r\n<br>\r\n<img src=\"http://i.imgur.com/2N1bZ7L.png\" border=\"0\" alt=\"\"></div>\r\n\t\r\n</div> Which algorithm is that?","sanitized_content":"Which algorithm is that?","ratings":{}}