{"thread":1398111,"page":14,"author":{"name":"geel9","info":{"browser":"Unknown"},"type":"gold"},"date":1402459200,"number":"536","id":"45068967","content":"<b>AWWW YEAHHH: ELECTRIC BOOGALOO</b><br>\r\n<br>\r\nWe're trying to solve scripting in Lemma. We want workshop support, so that means we need versatile maps that users can create. Currently, we use external C# scripting for map dynamism, but that's clearly impossible.<br>\r\n<br>\r\nSo yesterday Evan and I met at his apartment and figured out exactly what to do.<br>\r\n<br>\r\nFirst, a forenote: we use a CBE, or Component-Based Entity design. This means that Entities are just shells, and they have Components attached to them--Transform for position, Model to display a model, etc. This job is done by Factories, which take a base Entity and apply components on it. So to add a Rift entity, first you create the Rift component that will do the Rifting, and then add a RiftFactory that will add Particle systems, a Transform, and the Rift component itself.<br>\r\n<br>\r\nComponents and Entities have Properties and Commands. Properties are values, and Commands are events/actions. These can be bound, so for instance:<br>\r\n<br>\r\n<div class=\"bbcode_container\">\r\n\t<div class=\"bbcode_description\">Code:</div>\r\n\t<pre class=\"bbcode_code\" style=\"height:133.33px;\">Property&lt;int&gt; IntProp1 = new Property&lt;int&gt;();\r\nProperty&lt;int&gt; IntProp2 = new Property&lt;int&gt;();\r\n\r\nIntProp1.AddBinding(new Binding&lt;int&gt;(IntProp2, (int1) =&gt; {\r\n    return int1 * 2;\r\n}, IntProp1);\r\n\r\nIntProp1.Value = 100;</pre>\r\n</div>In the above code, IntProp2's Value will be 200, because we've added a Binding that ties IntProp2's value to IntProp1's value, and it uses that lambda I wrote there to transform the value.<br>\r\n<br>\r\nCommands can be bound in the same way--you can specify methods/Actions that will be called when the Command is fired.<br>\r\n<br>\r\n<br>\r\nAll this is leading up to our in-game &quot;scripting&quot; engine. Essentially, we want to create a ton of handy Components that will let mappers easily create &quot;scripts&quot; without the ability to actually write dangerous code.<br>\r\n<br>\r\nHow it works relies on Commands (and we haven't actually implemented this bit yet). Commands between entities can be linked.<br>\r\n<br>\r\nFor instance, let's say you have a PlayerTrigger entity (really, an entity with two components: Transform and PlayerTrigger) and an Explosion entity. You want the Explosion to explode when the PlayerTrigger entity's PlayerEntered command is fired. You simply link up the two entity's commands and boom, they'll trigger together.<br>\r\n<br>\r\nThe other side of this, which is what I'm working on now, is scripting Entities. These allow you to perform logic, addition, etc. with commands being fired off.<br>\r\n<br>\r\nFor instance, here is a video showing off the Counter and the Ticker.<br>\r\n<br>\r\nThe <b>counter</b> entity will simply increment its value every time its Increment command is fired (you can fire it by linking it to something else, remember). It has a target property that, once hit, will cause it to fire a command of its own, OnTargetHit.<br>\r\n<br>\r\nThe <b>ticker</b> entity simply fires off an event every X seconds, for Y times (or infinitely). This can be used to increment a counter every second, or any range of things.<br>\r\n<br>\r\nA video of these entities, without any linking (since that's impossible atm)<br>\r\n<video style=\"margin: 16px; min-width: 20px; min-height: 20px; border: 1px solid #fff; box-shadow: 0 0 4px rgba( 0, 0, 0, 0.4 );\" src=\"http://feen.us/i/76/5397cec67cb7b.webm\" controls=\"controls\">Your browser doesn't support HTML 5 videos!</video><br>\r\n<br>\r\nNow, what I'm working on next are <b>Setters.</b> Setters are entities that have one Command: Set. When this command is fired, it will change the value of the specified entity/entities' properties that you set.<br>\r\n<br>\r\nFor instance, let's say you have a FloatSetter entity and a PlayerTrigger entity. You want to use the FloatSetter to change the value of the PlayerTrigger's radius. Keeping in mind that the PlayerTrigger entity is really just an entity with a PlayerTrigger <b>component</b>, we need to change the entity's PlayerTrigger component's property.<br>\r\n<br>\r\nEssentially, the hierarchy looks like this:<br>\r\n<div class=\"bbcode_container\">\r\n\t<div class=\"bbcode_description\">Code:</div>\r\n\t<pre class=\"bbcode_code\" style=\"height:93.331px;\">-PlayerTrigger Entity\r\n--Transform Component\r\n---Position Property\r\n--PlayerTrigger Component\r\n---Radius Component</pre>\r\n</div>So a Setter is linked to the PlayerTrigger entity, and it's configured to modify the <b>PlayerTrigger.Radius</b> property, specifying the component and property to modify.<br>\r\n<br>\r\nVideo of this in action:<br>\r\n<video style=\"margin: 16px; min-width: 20px; min-height: 20px; border: 1px solid #fff; box-shadow: 0 0 4px rgba( 0, 0, 0, 0.4 );\" src=\"http://feen.us/i/76/5397e29ad5923.webm\" controls=\"controls\">Your browser doesn't support HTML 5 videos!</video><br>\r\n<br>\r\nThe reason there are different setters--EG floatsetter, intsetter, etc. is because we want to use specific UI views to manage different types of values. For instance, a BoolSetter should have a checkbox when you're modifying its value. This is made possible very easily by our editor setup.<br>\r\n<br>\r\nNext up is to add more scripting elements--for instance, a CommandSwitcher, that will run one of two commands. You can specify which command to run by telling it to either switch every time, or using a BoolSetter or IntSetter or something to change what the next one is.<br>\r\n<br>\r\nThis is incredibly exciting","sanitized_content":"AWWW YEAHHH: ELECTRIC BOOGALOO\r\n\r\nWe're trying to solve scripting in Lemma. We want workshop support, so that means we need versatile maps that users can create. Currently, we use external C# scripting for map dynamism, but that's clearly impossible.\r\n\r\nSo yesterday Evan and I met at his apartment and figured out exactly what to do.\r\n\r\nFirst, a forenote: we use a CBE, or Component-Based Entity design. This means that Entities are just shells, and they have Components attached to them--Transform for position, Model to display a model, etc. This job is done by Factories, which take a base Entity and apply components on it. So to add a Rift entity, first you create the Rift component that will do the Rifting, and then add a RiftFactory that will add Particle systems, a Transform, and the Rift component itself.\r\n\r\nComponents and Entities have Properties and Commands. Properties are values, and Commands are events/actions. These can be bound, so for instance:\r\n\r\n\r\n\tCode:\r\n\tProperty<int> IntProp1 = new Property<int>();\r\nProperty<int> IntProp2 = new Property<int>();\r\n\r\nIntProp1.AddBinding(new Binding<int>(IntProp2, (int1) => {\r\n    return int1 * 2;\r\n}, IntProp1);\r\n\r\nIntProp1.Value = 100;\r\nIn the above code, IntProp2's Value will be 200, because we've added a Binding that ties IntProp2's value to IntProp1's value, and it uses that lambda I wrote there to transform the value.\r\n\r\nCommands can be bound in the same way--you can specify methods/Actions that will be called when the Command is fired.\r\n\r\n\r\nAll this is leading up to our in-game \"scripting\" engine. Essentially, we want to create a ton of handy Components that will let mappers easily create \"scripts\" without the ability to actually write dangerous code.\r\n\r\nHow it works relies on Commands (and we haven't actually implemented this bit yet). Commands between entities can be linked.\r\n\r\nFor instance, let's say you have a PlayerTrigger entity (really, an entity with two components: Transform and PlayerTrigger) and an Explosion entity. You want the Explosion to explode when the PlayerTrigger entity's PlayerEntered command is fired. You simply link up the two entity's commands and boom, they'll trigger together.\r\n\r\nThe other side of this, which is what I'm working on now, is scripting Entities. These allow you to perform logic, addition, etc. with commands being fired off.\r\n\r\nFor instance, here is a video showing off the Counter and the Ticker.\r\n\r\nThe counter entity will simply increment its value every time its Increment command is fired (you can fire it by linking it to something else, remember). It has a target property that, once hit, will cause it to fire a command of its own, OnTargetHit.\r\n\r\nThe ticker entity simply fires off an event every X seconds, for Y times (or infinitely). This can be used to increment a counter every second, or any range of things.\r\n\r\nA video of these entities, without any linking (since that's impossible atm)\r\nYour browser doesn't support HTML 5 videos!\r\n\r\nNow, what I'm working on next are Setters. Setters are entities that have one Command: Set. When this command is fired, it will change the value of the specified entity/entities' properties that you set.\r\n\r\nFor instance, let's say you have a FloatSetter entity and a PlayerTrigger entity. You want to use the FloatSetter to change the value of the PlayerTrigger's radius. Keeping in mind that the PlayerTrigger entity is really just an entity with a PlayerTrigger component, we need to change the entity's PlayerTrigger component's property.\r\n\r\nEssentially, the hierarchy looks like this:\r\n\r\n\tCode:\r\n\t-PlayerTrigger Entity\r\n--Transform Component\r\n---Position Property\r\n--PlayerTrigger Component\r\n---Radius Component\r\nSo a Setter is linked to the PlayerTrigger entity, and it's configured to modify the PlayerTrigger.Radius property, specifying the component and property to modify.\r\n\r\nVideo of this in action:\r\nYour browser doesn't support HTML 5 videos!\r\n\r\nThe reason there are different setters--EG floatsetter, intsetter, etc. is because we want to use specific UI views to manage different types of values. For instance, a BoolSetter should have a checkbox when you're modifying its value. This is made possible very easily by our editor setup.\r\n\r\nNext up is to add more scripting elements--for instance, a CommandSwitcher, that will run one of two commands. You can specify which command to run by telling it to either switch every time, or using a BoolSetter or IntSetter or something to change what the next one is.\r\n\r\nThis is incredibly exciting","ratings":{"winner":6,"programming_king":1,"informative":1,"friendly":1}}