{"thread":1398111,"page":14,"author":{"name":"Xystus234","info":{"os":"Windows 7","browser":"Chrome","country":"United States"},"type":"gold"},"date":1402372800,"number":"522","id":"45065775","content":"<div class=\"quote\">\r\n\t\r\n\t\t<div class=\"information\">\r\n\t\t\t\r\n\t\t\t\t<a href=\"showthread.php?p=45056057#post45056057\" rel=\"nofollow\">Bladezor posted:</a>\r\n\t\t\t\r\n\t\t</div>\r\n\t\r\n\t<div class=\"message\">In short, a ray is simply a line with an starting position and direction. In the context of ray-tracing one or more rays are defined for each pixel on the screen. Those rays are then individually tested for intersections against every object in the scene.<br>\r\n<br>\r\nThe simplest example of this would be coloring a sphere a solid color. You define one ray per pixel, test all those rays against the sphere. The pixels associated with those rays that collided are then set to a solid color (like red), all the rest black.<br>\r\n<br>\r\nDoing that gives you something like this:<br>\r\n<br>\r\n<img src=\"http://i.imgur.com/Nb4psUc.png\" border=\"0\" alt=\"\"><br>\r\n<br>\r\nFrom there you can take it further my implementing lighting, reflections, etc.</div>\r\n\t\r\n</div> What is the math exactly to calculate if a ray intersects a sphere in 3D? I did something along the lines of shooting a ray and counting the number sides it intersects in 2D to determine if it's inside a polygon, but I haven't taken vector calculus yet so I'm not sure how to test that exactly.","sanitized_content":"What is the math exactly to calculate if a ray intersects a sphere in 3D? I did something along the lines of shooting a ray and counting the number sides it intersects in 2D to determine if it's inside a polygon, but I haven't taken vector calculus yet so I'm not sure how to test that exactly.","ratings":{}}