{"thread":1398111,"page":14,"author":{"name":"Quark:","info":{"os":"Windows Vista","browser":"Firefox","country":"United States"},"type":"blue"},"date":1402459200,"number":"553","id":"45069538","content":"I openly invite you to crack this without the application or the password and prove me wrong.  If that's the case then I <i>do</i> need to improve the algorithm and its strength. <img src=\"/fp/emoot/v.gif\" border=\"0\" alt=\"\" title=\"V\" class=\"inlineimg\"><br>\r\n<br>\r\nCT4npbF8EMsAOFO1ij6SaCdu9lRFNoZ1VGhfQt6o+s/rb1KEOia4F11NYcFsZEiuTbIM/Z5v+HrZu2mhZhZ0uzZ6u7Ij6Fd+iwKr3SoMv0U=","sanitized_content":"I openly invite you to crack this without the application or the password and prove me wrong.  If that's the case then I do need to improve the algorithm and its strength. \r\n\r\nCT4npbF8EMsAOFO1ij6SaCdu9lRFNoZ1VGhfQt6o+s/rb1KEOia4F11NYcFsZEiuTbIM/Z5v+HrZu2mhZhZ0uzZ6u7Ij6Fd+iwKr3SoMv0U=","ratings":{"dumb":21}}