{"thread":1398111,"page":14,"author":{"name":"Jawalt","info":{"browser":"Unknown"},"type":"gold"},"date":1402459200,"number":"534","id":"45068811","content":"<div class=\"quote\">\r\n\t\r\n\t\t<div class=\"information\">\r\n\t\t\t\r\n\t\t\t\t<a href=\"showthread.php?p=45068783#post45068783\" rel=\"nofollow\">supersnail11 posted:</a>\r\n\t\t\t\r\n\t\t</div>\r\n\t\r\n\t<div class=\"message\"><a href=\"http://blog.db-in.com/cameras-on-opengl-es-2-x/#quaternions\" target=\"_blank\">Implement quaternions</a>. They're hella easy and can be converted into matrices.</div>\r\n\t\r\n</div> I agree. It's stupid easy to convert to/from Axis/Angle representation with Quaternions. Makes it really easy to have human readable rotations that don't suffer from gimbal lock too.","sanitized_content":"I agree. It's stupid easy to convert to/from Axis/Angle representation with Quaternions. Makes it really easy to have human readable rotations that don't suffer from gimbal lock too.","ratings":{}}