{"thread":1398111,"page":14,"author":{"name":"supersnail11","info":{"os":"Windows 8","browser":"Chrome","country":"United States"},"type":"gold"},"date":1402459200,"number":"533","id":"45068783","content":"<div class=\"quote\">\r\n\t\r\n\t\t<div class=\"information\">\r\n\t\t\t\r\n\t\t\t\t<a href=\"showthread.php?p=45068354#post45068354\" rel=\"nofollow\">Map in a box posted:</a>\r\n\t\t\t\r\n\t\t</div>\r\n\t\r\n\t<div class=\"message\">It turns out it has to do with how I handle rotation.. welp, I'm not sure how to implement a rotation matrix :c</div>\r\n\t\r\n</div> <a href=\"http://blog.db-in.com/cameras-on-opengl-es-2-x/#quaternions\" target=\"_blank\">Implement quaternions</a>. They're hella easy and can be converted into matrices.","sanitized_content":"Implement quaternions. They're hella easy and can be converted into matrices.","ratings":{"agree":2}}