{"thread":1398111,"page":14,"author":{"name":"geel9","info":{"browser":"Unknown"},"type":"gold"},"date":1402459200,"number":"524","id":"45067314","content":"<video style=\"margin: 16px; min-width: 20px; min-height: 20px; border: 1px solid #fff; box-shadow: 0 0 4px rgba( 0, 0, 0, 0.4 );\" src=\"http://feen.us/i/76/5397b97552d8a.webm\" controls=\"controls\">Your browser doesn't support HTML 5 videos!</video><br>\r\n<br>\r\nEnums of collectibles are now editable in the new Editor, using a dropdown menu.","sanitized_content":"Your browser doesn't support HTML 5 videos!\r\n\r\nEnums of collectibles are now editable in the new Editor, using a dropdown menu.","ratings":{"artistic":3}}