{"thread":1398111,"page":14,"author":{"name":"Map in a box","info":{"os":"Windows 7","browser":"Firefox","country":"United States"},"type":"blue"},"date":1402459200,"number":"543","id":"45069195","content":"<div class=\"quote\">\r\n\t\r\n\t\t<div class=\"information\">\r\n\t\t\t\r\n\t\t\t\t<a href=\"showthread.php?p=45068783#post45068783\" rel=\"nofollow\">supersnail11 posted:</a>\r\n\t\t\t\r\n\t\t</div>\r\n\t\r\n\t<div class=\"message\"><a href=\"http://blog.db-in.com/cameras-on-opengl-es-2-x/#quaternions\" target=\"_blank\">Implement quaternions</a>. They're hella easy and can be converted into matrices.</div>\r\n\t\r\n</div> quats are gods<br>\n<br>\n<font size=\"1\" color=\"#444444\"><b>Edited:</b></font><br>\n<br>\nstill confused but they sound useful :v<br>\n<br>\n<font size=\"1\" color=\"#444444\"><b>Edited:</b></font><br>\n<br>\ni'm curious as to how to implement-- on the site they use it in a opengl buffer but i don't know how to integrate it with my cam matrix","sanitized_content":"quats are gods\n\nEdited:\n\nstill confused but they sound useful :v\n\nEdited:\n\ni'm curious as to how to implement-- on the site they use it in a opengl buffer but i don't know how to integrate it with my cam matrix","ratings":{}}