{"thread":1398111,"page":14,"author":{"name":"Bladezor","info":{"browser":"Unknown"},"type":"gold"},"date":1402459200,"number":"525","id":"45067420","content":"<div class=\"quote\">\r\n\t\r\n\t\t<div class=\"information\">\r\n\t\t\t\r\n\t\t\t\t<a href=\"showthread.php?p=45065775#post45065775\" rel=\"nofollow\">Xystus234 posted:</a>\r\n\t\t\t\r\n\t\t</div>\r\n\t\r\n\t<div class=\"message\">What is the math exactly to calculate if a ray intersects a sphere in 3D? I did something along the lines of shooting a ray and counting the number sides it intersects in 2D to determine if it's inside a polygon, but I haven't taken vector calculus yet so I'm not sure how to test that exactly.</div>\r\n\t\r\n</div> It's simply a quadratic equation. I actually used the <a href=\"http://en.wikipedia.org/wiki/Line%E2%80%93sphere_intersection\" target=\"_blank\">Wikipedia article</a> as a reference since it breaks it down really nicely.","sanitized_content":"It's simply a quadratic equation. I actually used the Wikipedia article as a reference since it breaks it down really nicely.","ratings":{}}