{"thread":1398111,"page":14,"author":{"name":"Quark:","info":{"os":"Windows Vista","browser":"Firefox","country":"United States"},"type":"blue"},"date":1402459200,"number":"559","id":"45069599","content":"<div class=\"quote\">\r\n\t\r\n\t\t<div class=\"information\">\r\n\t\t\t\r\n\t\t\t\t<a href=\"showthread.php?p=45069549#post45069549\" rel=\"nofollow\">Gmod4ever posted:</a>\r\n\t\t\t\r\n\t\t</div>\r\n\t\r\n\t<div class=\"message\">A single sample generally isn't sufficient to crack encryption (unless it's <b>extremely</b> weak, like ROT13 or something <img src=\"/fp/emoot/v.gif\" border=\"0\" alt=\"\" title=\"V\" class=\"inlineimg\">). Generally, either the algorithm itself or some tool that uses the algorithm is necessary, such that testers can run various strings through the algorithm, to compare the outputs.<br>\r\n<br>\r\nWhen you think about it, this is an entirely feasible approach, because if you were to use this in an actual product - say, for example, encrypting network traffic - then a cracker could set the program up between two machines they own, and put an intercepting program to grab the outgoing (and encrypted) messages. That way, they can generate messages as they need for analysis. Such is a basis for attacks such as the <a href=\"http://en.wikipedia.org/wiki/Boomerang_attack\" target=\"_blank\">Boomerang attack</a>.<br>\r\n<br>\r\nIf you don't want to give the algorithm, then you should at least provide a program (even a shitty little in-out console program) that utilizes the algorithm, for more proper testing.</div>\r\n\t\r\n</div> This is why I said you can't crack it without the application and the password.  If you wanted, you could just run it through a reflector and figure it out without any problem looking at the source code.<br>\r\n<br>\r\nThe fact that I'm the only one with the program lends to it's (current) security.","sanitized_content":"This is why I said you can't crack it without the application and the password.  If you wanted, you could just run it through a reflector and figure it out without any problem looking at the source code.\r\n\r\nThe fact that I'm the only one with the program lends to it's (current) security.","ratings":{"funny":12,"dumb":4,"optimistic":2}}