{"thread":1398111,"page":14,"author":{"name":"Gmod4ever","info":{"os":"Windows 7","browser":"Chrome","country":"United States"},"type":"gold"},"date":1402459200,"number":"548","id":"45069502","content":"<div class=\"quote\">\r\n\t\r\n\t\t<div class=\"information\">\r\n\t\t\t\r\n\t\t\t\t<a href=\"showthread.php?p=45069406#post45069406\" rel=\"nofollow\">Quark: posted:</a>\r\n\t\t\t\r\n\t\t</div>\r\n\t\r\n\t<div class=\"message\">I made it to be very secure.  You cannot crack an encrypted message without the application and the correct password.</div>\r\n\t\r\n</div> I'm pretty certain if you threw it to the wolves (and the wolves actually cared enough to try), they could get it without much effort, unless you went through the effort of mathematically proving the strength of your encryption (or just happened to get lucky <img src=\"/fp/emoot/v.gif\" border=\"0\" alt=\"\" title=\"V\" class=\"inlineimg\">).","sanitized_content":"I'm pretty certain if you threw it to the wolves (and the wolves actually cared enough to try), they could get it without much effort, unless you went through the effort of mathematically proving the strength of your encryption (or just happened to get lucky ).","ratings":{"agree":7}}