{"thread":1398111,"page":14,"author":{"name":"redx475","info":{"browser":"Unknown"},"type":"blue"},"date":1402459200,"number":"529","id":"45068328","content":"Decided to work a bit more on my language. I added a set of functions that are called using a different syntax and are set apart from the rest of execution (they were originally going to be used for a precompiler but I ended up making them execute normally with the rest of the code). I was having trouble debugging some other code, so I added a &quot;Trace&quot; function to this, which allows me to see the entire tree of code being called without actually calling any of it:<br>\r\n<br>\r\n<img src=\"http://i.imgur.com/QrvlC2H.png\" border=\"0\" alt=\"\"><br>\r\n<br>\r\nI had this a while ago, but had to remove it as it was implemented as a normal function and depended on the feature to examine code fed to it without executing said code. I removed that feature because of some problems it caused.<br>\r\n<br>\r\nEDIT:<br>\r\n<br>\r\nI realized that I could have done this in a much simpler way without introducing new syntax. So the function still exists, but the weird syntax is gone!","sanitized_content":"Decided to work a bit more on my language. I added a set of functions that are called using a different syntax and are set apart from the rest of execution (they were originally going to be used for a precompiler but I ended up making them execute normally with the rest of the code). I was having trouble debugging some other code, so I added a \"Trace\" function to this, which allows me to see the entire tree of code being called without actually calling any of it:\r\n\r\n\r\n\r\nI had this a while ago, but had to remove it as it was implemented as a normal function and depended on the feature to examine code fed to it without executing said code. I removed that feature because of some problems it caused.\r\n\r\nEDIT:\r\n\r\nI realized that I could have done this in a much simpler way without introducing new syntax. So the function still exists, but the weird syntax is gone!","ratings":{"useful":1}}