{"thread":1398111,"page":14,"author":{"name":"geel9","info":{"browser":"Unknown"},"type":"gold"},"date":1402459200,"number":"526","id":"45067614","content":"<video style=\"margin: 16px; min-width: 20px; min-height: 20px; border: 1px solid #fff; box-shadow: 0 0 4px rgba( 0, 0, 0, 0.4 );\" src=\"http://feen.us/i/76/5397c021b9335.webm\" controls=\"controls\">Your browser doesn't support HTML 5 videos!</video><br>\r\n<br>\r\nSimple ease-of-life addition: right-clicking a dropdown menu will now make it re-execute the last selected option.","sanitized_content":"Your browser doesn't support HTML 5 videos!\r\n\r\nSimple ease-of-life addition: right-clicking a dropdown menu will now make it re-execute the last selected option.","ratings":{"programming_king":1}}