{"thread":1398111,"page":14,"author":{"name":"Bladezor","info":{"browser":"Unknown"},"type":"gold"},"date":1402372800,"number":"521","id":"45065130","content":"Fixed the artifacts that arose from race conditions.<br>\r\n<br>\r\n<img src=\"http://i.imgur.com/fvrsZNr.gif\" border=\"0\" alt=\"\"><br>\r\n<br>\r\nLook at that <img src=\"http://i.imgur.com/cnCvShl.gif\" border=\"0\" alt=\"\"> <i>BLAZING</i> <img src=\"http://i.imgur.com/cnCvShl.gif\" border=\"0\" alt=\"\"> 1 FPS<br>\r\n<br>\r\n<div class=\"quote\">\r\n\t\r\n\t\t<div class=\"information\">\r\n\t\t\t\r\n\t\t\t\t<a href=\"showthread.php?p=45064553#post45064553\" rel=\"nofollow\">Darwin226 posted:</a>\r\n\t\t\t\r\n\t\t</div>\r\n\t\r\n\t<div class=\"message\">Consider T4 templates. You get the same explicit inlining with not code repetition.</div>\r\n\t\r\n</div> I'll check that out, thank you.","sanitized_content":"Fixed the artifacts that arose from race conditions.\r\n\r\n\r\n\r\nLook at that  BLAZING  1 FPS\r\n\r\n I'll check that out, thank you.","ratings":{"winner":12,"funny":4}}