{"thread":1398111,"page":14,"author":{"name":"Ac!dL3ak","info":{"os":"Windows 7","browser":"Chrome","country":"United Kingdom"},"type":"gold"},"date":1402459200,"number":"550","id":"45069521","content":"<div class=\"quote\">\r\n\t\r\n\t\t<div class=\"information\">\r\n\t\t\t\r\n\t\t\t\t<a href=\"showthread.php?p=45069502#post45069502\" rel=\"nofollow\">Gmod4ever posted:</a>\r\n\t\t\t\r\n\t\t</div>\r\n\t\r\n\t<div class=\"message\">I'm pretty certain if you threw it to the wolves (and the wolves actually cared enough to try), they could get it without much effort, unless you went through the effort of mathematically proving the strength of your encryption (or just happened to get lucky <img src=\"/fp/emoot/v.gif\" border=\"0\" alt=\"\" title=\"V\" class=\"inlineimg\">).</div>\r\n\t\r\n</div> Please go through the process of mathematically proving the strength of your encryption.","sanitized_content":"Please go through the process of mathematically proving the strength of your encryption.","ratings":{"agree":8}}