{"thread":1398111,"page":14,"author":{"name":"Tobba","info":{"browser":"Unknown"},"type":"gold"},"date":1402459200,"number":"549","id":"45069513","content":"<div class=\"quote\">\r\n\t\r\n\t\t<div class=\"information\">\r\n\t\t\t\r\n\t\t\t\t<a href=\"showthread.php?p=45069406#post45069406\" rel=\"nofollow\">Quark: posted:</a>\r\n\t\t\t\r\n\t\t</div>\r\n\t\r\n\t<div class=\"message\">I made it to be very secure.  You cannot crack an encrypted message without the application and the correct password.</div>\r\n\t\r\n</div> Doubtful, I can almost guarantee its suspicable to known plaintext attacks","sanitized_content":"Doubtful, I can almost guarantee its suspicable to known plaintext attacks","ratings":{"agree":3}}