{"thread":1398111,"page":14,"author":{"name":"supersnail11","info":{"os":"Windows 8","browser":"Chrome","country":"United States"},"type":"gold"},"date":1402459200,"number":"556","id":"45069579","content":"<div class=\"quote\">\r\n\t\r\n\t\t<div class=\"information\">\r\n\t\t\t\r\n\t\t\t\t<a href=\"showthread.php?p=45069538#post45069538\" rel=\"nofollow\">Quark: posted:</a>\r\n\t\t\t\r\n\t\t</div>\r\n\t\r\n\t<div class=\"message\">I openly invite you to crack this without the application or the password and prove me wrong.  If that's the case then I <i>do</i> need to improve the algorithm and its strength. <img src=\"/fp/emoot/v.gif\" border=\"0\" alt=\"\" title=\"V\" class=\"inlineimg\"><br>\r\n<br>\r\nCT4npbF8EMsAOFO1ij6SaCdu9lRFNoZ1VGhfQt6o+s/rb1KEOia4F11NYcFsZEiuTbIM/Z5v+HrZu2mhZhZ0uzZ6u7Ij6Fd+iwKr3SoMv0U=</div>\r\n\t\r\n</div> Read <a href=\"http://www.amazon.com/Practical-Cryptography-Niels-Ferguson/dp/0471223573\" target=\"_blank\">Practical Cryptography</a>.","sanitized_content":"Read Practical Cryptography.","ratings":{}}